350,000	5194,9
350,128	5206,71
350,256	5183,7
350,384	5186,59
350,511	5196,94
350,639	5194,86
350,767	5187,11
350,895	5188,14
351,023	5210,37
351,151	5206,24
351,278	5194,98
351,406	5195,11
351,534	5201,84
351,662	5210,7
351,790	5196,71
351,918	5198,91
352,045	5202,13
352,173	5198,24
352,301	5209,91
352,429	5210,96
352,557	5198,12
352,685	5195,76
352,812	5203,36
352,940	5213,12
353,068	5206,29
353,196	5197,78
353,324	5198,86
353,452	5202,3
353,579	5199,57
353,707	5188,95
353,835	5180,12
353,963	5176,35
354,091	5193,18
354,219	5196,94
354,346	5199,55
354,474	5202,66
354,602	5189,86
354,730	5212,28
354,858	5191,28
354,986	5202,26
355,113	5211,58
355,241	5210,98
355,369	5224,67
355,497	5194,12
355,625	5210,98
355,753	5209,32
355,880	5212,37
356,008	5221,1
356,136	5215,67
356,264	5189,57
356,392	5208,93
356,520	5216,54
356,647	5209,43
356,775	5202,7
356,903	5221,05
357,031	5204,34
357,159	5198,28
357,287	5201,02
357,414	5210,4
357,542	5218,83
357,670	5217,04
357,798	5214,93
357,926	5216,6
358,054	5218,17
358,182	5216,24
358,309	5210,85
358,437	5203,8
358,565	5197,08
358,693	5214,97
358,821	5214,2
358,949	5214,88
359,076	5217,24
359,204	5216,82
359,332	5211,03
359,460	5205,24
359,588	5209,54
359,716	5206,16
359,843	5206,65
359,971	5218,05
360,099	5212,42
360,227	5201,81
360,355	5216,52
360,483	5219,19
360,610	5218,71
360,738	5222,91
360,866	5223,86
360,994	5218,54
361,122	5212,77
361,250	5211,66
361,377	5216,29
361,505	5220,4
361,633	5206,84
361,761	5226,86
361,889	5205,65
362,017	5210,48
362,144	5214,49
362,272	5211,76
362,400	5220
362,528	5222,76
362,656	5202,41
362,784	5209,6
362,911	5217,1
363,039	5214,01
363,167	5202,36
363,295	5208,24
363,423	5202,77
363,551	5206,4
363,678	5206,59
363,806	5207,97
363,934	5217,95
364,062	5210,47
364,190	5216,65
364,318	5228,65
364,445	5227,12
364,573	5218,06
364,701	5213,96
364,829	5226,12
364,957	5209,42
365,085	5221,56
365,212	5231,75
365,340	5221,41
365,468	5199,5
365,596	5237,58
365,724	5215,41
365,852	5223,56
365,979	5221,78
366,107	5226,03
366,235	5234,7
366,363	5217,18
366,491	5215,79
366,619	5226,77
366,747	5227,61
366,874	5228,98
367,002	5228,46
367,130	5214,63
367,258	5221,38
367,386	5226,56
367,514	5230,44
367,641	5234,45
367,769	5234,71
367,897	5228,57
368,025	5241,25
368,153	5233,33
368,281	5229,58
368,408	5242,4
368,536	5254,37
368,664	5248,17
368,792	5235,1
368,920	5243,92
369,048	5232,46
369,175	5237,87
369,303	5243,14
369,431	5237,54
369,559	5235,66
369,687	5235,94
369,815	5253,23
369,942	5245,33
370,070	5236,29
370,198	5237,59
370,326	5244,04
370,454	5256,67
370,582	5261,08
370,709	5250,92
370,837	5251,16
370,965	5258,84
371,093	5258,84
371,221	5273,21
371,349	5263,14
371,476	5265,39
371,604	5265,11
371,732	5264,25
371,860	5268,09
371,988	5277,99
372,116	5284,49
372,243	5278,39
372,371	5278,03
372,499	5285,5
372,627	5298,25
372,755	5309,67
372,883	5285,26
373,010	5301,56
373,138	5308,73
373,266	5309,61
373,394	5312,27
373,522	5325,95
373,650	5317,27
373,777	5326,73
373,905	5317,68
374,033	5322,26
374,161	5330,25
374,289	5322,99
374,417	5353,19
374,545	5363,28
374,672	5358,06
374,800	5355,6
374,928	5353,6
375,056	5352,6
375,184	5372,3
375,312	5364,54
375,439	5368,27
375,567	5374,55
375,695	5390,48
375,823	5405,63
375,951	5389,8
376,079	5408,13
376,206	5410,98
376,334	5415,93
376,462	5413,37
376,590	5415,63
376,718	5439,87
376,846	5454,78
376,973	5434,94
377,101	5453,19
377,229	5460,41
377,357	5462,94
377,485	5473,53
377,613	5479,55
377,740	5479,88
377,868	5483,73
377,996	5503,48
378,124	5520,96
378,252	5530,12
378,380	5544,13
378,507	5553,25
378,635	5550,61
378,763	5540,55
378,891	5548,54
379,019	5568,04
379,147	5578,25
379,274	5593,19
379,402	5604,54
379,530	5624,87
379,658	5637,74
379,786	5656,38
379,914	5679,31
380,041	5647,23
380,169	5665,35
380,297	5675,78
380,425	5683,38
380,553	5689,13
380,681	5700,32
380,808	5729,43
380,936	5739,55
381,064	5759,02
381,192	5760,27
381,320	5770,23
381,448	5787,75
381,575	5795,61
381,703	5780,03
381,831	5798,9
381,959	5817,85
382,087	5845,43
382,215	5861,02
382,343	5864,62
382,470	5902,83
382,598	5896,16
382,726	5894,69
382,854	5917,6
382,982	5936,55
383,110	5945,58
383,237	5960,06
383,365	5949,69
383,493	5941,72
383,621	5966,45
383,749	5963,19
383,877	5961,92
384,004	5992,98
384,132	6020,09
384,260	6018,57
384,388	6020,16
384,516	6046,52
384,644	6079,5
384,771	6107,36
384,899	6133,26
385,027	6125,1
385,155	6156,79
385,283	6181,96
385,411	6206,37
385,538	6227,69
385,666	6242,1
385,794	6266,59
385,922	6291,16
386,050	6276,14
386,178	6285,39
386,305	6304,67
386,433	6323,38
386,561	6328,3
386,689	6375,18
386,817	6385,84
386,945	6360,28
387,072	6369,75
387,200	6413,56
387,328	6445,75
387,456	6430,64
387,584	6481,46
387,712	6487,06
387,839	6482,63
387,967	6484,85
388,095	6487,8
388,223	6515,18
388,351	6503,55
388,479	6544,55
388,606	6516,57
388,734	6528,67
388,862	6575,98
388,990	6566,77
389,118	6593,42
389,246	6652,73
389,373	6634,92
389,501	6667,88
389,629	6719,04
389,757	6742,71
389,885	6743,72
390,013	6749,53
390,141	6792,98
390,268	6797,93
390,396	6814,17
390,524	6853,03
390,652	6881,9
390,780	6866,28
390,908	6868,53
391,035	6883,18
391,163	6885,67
391,291	6894,67
391,419	6919,37
391,547	6927,01
391,675	6945,18
391,802	6961,73
391,930	6997,52
392,058	7022,02
392,186	7040,16
392,314	7056,91
392,442	7059,42
392,569	7084,08
392,697	7107,24
392,825	7116,26
392,953	7114,76
393,081	7136,2
393,209	7169,16
393,336	7190,76
393,464	7166,43
393,592	7167,42
393,720	7193,81
393,848	7221,17
393,976	7243,39
394,103	7285,66
394,231	7324,28
394,359	7335,37
394,487	7347,64
394,615	7361,65
394,743	7401,5
394,870	7405,47
394,998	7461,33
395,126	7487,05
395,254	7483,58
395,382	7462,75
395,510	7476,54
395,637	7532,55
395,765	7549,67
395,893	7537,86
396,021	7559,71
396,149	7594,43
396,277	7610,16
396,404	7601,17
396,532	7629,18
396,660	7666,88
396,788	7697,63
396,916	7700,21
397,044	7714,42
397,171	7751,64
397,299	7789,46
397,427	7764,07
397,555	7826,04
397,683	7852,9
397,811	7871,96
397,938	7867,18
398,066	7850,56
398,194	7866,56
398,322	7884,42
398,450	7940,53
398,578	7945,53
398,706	7952,26
398,833	7949,61
398,961	7966,47
399,089	8044,63
399,217	8026,38
399,345	8045,21
399,473	8069,61
399,600	8108,48
399,728	8141,94
399,856	8133,19
399,984	8169,53
400,112	8210,74
400,240	8210,89
400,367	8233,62
400,495	8260,54
400,623	8281,98
400,751	8304,68
400,879	8287,15
401,007	8333,2
401,134	8343,5
401,262	8363,53
401,390	8388,24
401,518	8411,86
401,646	8439,37
401,774	8435,23
401,901	8468,21
402,029	8489,1
402,157	8507,18
402,285	8536,48
402,413	8595,59
402,541	8615,64
402,668	8660,07
402,796	8706,68
402,924	8727,11
403,052	8748,63
403,180	8785,01
403,308	8772,86
403,435	8781,84
403,563	8833,44
403,691	8845,89
403,819	8838,49
403,947	8820,24
404,075	8856,67
404,202	8929,21
404,330	8884,65
404,458	8919,69
404,586	8902,73
404,714	8927,41
404,842	8972,44
404,969	9022,39
405,097	9043,99
405,225	9091,09
405,353	9132,87
405,481	9178,44
405,609	9222,25
405,736	9243,79
405,864	9246,66
405,992	9264,54
406,120	9250,06
406,248	9248,03
406,376	9256,22
406,504	9273,49
406,631	9307,11
406,759	9366,31
406,887	9343,68
407,015	9386,74
407,143	9389,07
407,271	9429,37
407,398	9475,56
407,526	9485,39
407,654	9506,83
407,782	9552,77
407,910	9535,17
408,038	9585,46
408,165	9649,05
408,293	9679,24
408,421	9682,01
408,549	9692,19
408,677	9739,1
408,805	9730,83
408,932	9762,3
409,060	9801,79
409,188	9826,41
409,316	9863,88
409,444	9850,59
409,572	9873,3
409,699	9951,87
409,827	10009,1
409,955	10024
410,083	10070,8
410,211	10113,2
410,339	10180
410,466	10197,4
410,594	10211,5
410,722	10248
410,850	10295,6
410,978	10297
411,106	10309,2
411,233	10302,6
411,361	10307,2
411,489	10305,5
411,617	10339,6
411,745	10382,4
411,873	10418,7
412,000	10429,5
412,128	10439,7
412,256	10487
412,384	10511,3
412,512	10532
412,640	10576,1
412,767	10587
412,895	10587
413,023	10657,2
413,151	10699,2
413,279	10767,8
413,407	10795,3
413,534	10791,6
413,662	10835,2
413,790	10869
413,918	10878
414,046	10878,4
414,174	10892,6
414,302	10928
414,429	10964,4
414,557	10961,6
414,685	10994
414,813	11062,1
414,941	11131,6
415,069	11176,7
415,196	11210,4
415,324	11273,4
415,452	11284,1
415,580	11382,8
415,708	11436,1
415,836	11452,7
415,963	11505,5
416,091	11556
416,219	11529,6
416,347	11509,9
416,475	11509
416,603	11563,1
416,730	11576,6
416,858	11555,7
416,986	11625,6
417,114	11675,2
417,242	11688,2
417,370	11732,3
417,497	11774
417,625	11784,8
417,753	11837,1
417,881	11886,7
418,009	11891
418,137	11988,2
418,264	12030
418,392	12023,8
418,520	12091
418,648	12111,9
418,776	12119,5
418,904	12212,2
419,031	12218,9
419,159	12219
419,287	12268
419,415	12275,1
419,543	12282,7
419,671	12326
419,798	12393,5
419,926	12423,2
420,054	12421,5
420,182	12453,3
420,310	12523,7
420,438	12595,7
420,565	12626,5
420,693	12705,1
420,821	12763,4
420,949	12822,2
421,077	12830,1
421,205	12841,3
421,332	12928,2
421,460	12965,7
421,588	12975,3
421,716	12986
421,844	12966,1
421,972	13019,5
422,100	13041,2
422,227	13067,4
422,355	13114,3
422,483	13137,7
422,611	13135,5
422,739	13190,9
422,867	13206,7
422,994	13225,4
423,122	13319,2
423,250	13385,4
423,378	13434,6
423,506	13426
423,634	13530,4
423,761	13573
423,889	13579,1
424,017	13619,3
424,145	13647,3
424,273	13676,8
424,401	13685,1
424,528	13704,1
424,656	13748,6
424,784	13782,7
424,912	13803,2
425,040	13830,9
425,168	13855,7
425,295	13940,4
425,423	13974,2
425,551	14001
425,679	14024,5
425,807	14067,7
425,935	14154,3
426,062	14168,4
426,190	14275,5
426,318	14303,1
426,446	14356,6
426,574	14445
426,702	14538,5
426,829	14515
426,957	14539,6
427,085	14592,6
427,213	14600,6
427,341	14655,8
427,469	14711,1
427,596	14691,3
427,724	14773
427,852	14771,4
427,980	14774,3
428,108	14877,7
428,236	14919,9
428,363	14977,7
428,491	15025,7
428,619	15065,4
428,747	15110,6
428,875	15209,9
429,003	15241,8
429,130	15241,2
429,258	15335,3
429,386	15381,3
429,514	15385,3
429,642	15386,4
429,770	15435
429,898	15543,4
430,025	15513,5
430,153	15491,1
430,281	15542,6
430,409	15575,8
430,537	15571,5
430,665	15708,9
430,792	15749,9
430,920	15789,3
431,048	15824,2
431,176	15872,5
431,304	15919,1
431,432	16014
431,559	16065,4
431,687	16192,9
431,815	16265,3
431,943	16298
432,071	16329
432,199	16367,6
432,326	16462,9
432,454	16485,3
432,582	16522,9
432,710	16564,5
432,838	16597
432,966	16614,9
433,093	16609,2
433,221	16700,1
433,349	16726,1
433,477	16767,8
433,605	16854
433,733	16931,6
433,860	16972,6
433,988	16981,8
434,116	17065,1
434,244	17170,6
434,372	17177
434,500	17247,5
434,627	17300,8
434,755	17354,4
434,883	17361
435,011	17424,1
435,139	17466,7
435,267	17485,2
435,394	17496,3
435,522	17591,9
435,650	17649,6
435,778	17675,4
435,906	17683,3
436,034	17761,8
436,161	17854,5
436,289	17868,6
436,417	17909,9
436,545	17959,3
436,673	18029,7
436,801	18099,9
436,928	18148,8
437,056	18227,3
437,184	18311,7
437,312	18387
437,440	18448,3
437,568	18496,4
437,695	18517,7
437,823	18585,7
437,951	18559,3
438,079	18643,7
438,207	18698,6
438,335	18712
438,463	18701,5
438,590	18801,1
438,718	18825,6
438,846	18904,1
438,974	18991,6
439,102	19075,8
439,230	19094,8
439,357	19155,9
439,485	19306,7
439,613	19341,8
439,741	19362,5
439,869	19391,5
439,997	19395,5
440,124	19568,6
440,252	19607,3
440,380	19617,5
440,508	19653,4
440,636	19727,2
440,764	19711,7
440,891	19730,9
441,019	19779,2
441,147	19865,3
441,275	19909,7
441,403	19934,6
441,531	19986,3
441,658	20020,6
441,786	20200,5
441,914	20166
442,042	20280,5
442,170	20379,2
442,298	20463,9
442,425	20508,8
442,553	20632,3
442,681	20698,3
442,809	20705,7
442,937	20796,3
443,065	20902,6
443,192	20941,2
443,320	21002,1
443,448	20964,7
443,576	21034,8
443,704	21058,3
443,832	21064,2
443,959	21095
444,087	21197,2
444,215	21288,8
444,343	21230,3
444,471	21324,1
444,599	21450,3
444,726	21539,8
444,854	21590,1
444,982	21679,9
445,110	21736,1
445,238	21850,1
445,366	21928,5
445,493	21958,6
445,621	21957,7
445,749	22012,1
445,877	22055,8
446,005	22142,1
446,133	22190,9
446,261	22244,3
446,388	22251,7
446,516	22289,2
446,644	22399
446,772	22423,7
446,900	22496,7
447,028	22573,8
447,155	22682,8
447,283	22837,2
447,411	22887,4
447,539	22923,1
447,667	23008,6
447,795	23147,8
447,922	23279
448,050	23307,8
448,178	23400,8
448,306	23488
448,434	23554,5
448,562	23724,8
448,689	23824,1
448,817	23794,8
448,945	23953,5
449,073	23853,3
449,201	24001,5
449,329	24069
449,456	24098
449,584	24106,8
449,712	24087,9
449,840	24095,3
449,968	24244,2
450,096	24340,5
450,223	24391,4
450,351	24412,2
450,479	24456,1
450,607	24582,1
450,735	24651,5
450,863	24862,1
450,990	25017,8
451,118	25120,8
451,246	25223,9
451,374	25305,3
451,502	25395,2
451,630	25508,7
451,757	25555,6
451,885	25636,7
452,013	25726,2
452,141	25754,2
452,269	25818,2
452,397	25830,5
452,524	25906,3
452,652	26050,2
452,780	26112,9
452,908	26162,4
453,036	26166
453,164	26140,8
453,291	26286
453,419	26407,4
453,547	26489,3
453,675	26557,1
453,803	26684,1
453,931	26802,4
454,059	26963,7
454,186	27049,6
454,314	27104,8
454,442	27184,7
454,570	27294,9
454,698	27355,2
454,826	27517,5
454,953	27577
455,081	27647,5
455,209	27705,8
455,337	27752
455,465	27846,1
455,593	27763,7
455,720	27885,5
455,848	27869,6
455,976	27893,1
456,104	27959,5
456,232	28024,4
456,360	28110,3
456,487	28119
456,615	28181,7
456,743	28375,8
456,871	28524
456,999	28621,3
457,127	28797,3
457,254	28817,7
457,382	28934,6
457,510	29063
457,638	29237,7
457,766	29356,9
457,894	29422,6
458,021	29680,7
458,149	29808
458,277	29954,3
458,405	30077,2
458,533	30138,7
458,661	30257
458,788	30430,1
458,916	30489,3
459,044	30593,6
459,172	30560,6
459,300	30544,6
459,428	30626,3
459,555	30550
459,683	30448,8
459,811	30524
459,939	30541,2
460,067	30565,7
460,195	30607,4
460,322	30668,6
460,450	30581
460,578	30761,1
460,706	30868,7
460,834	30981,4
460,962	31100
461,089	31216,3
461,217	31325,1
461,345	31564,9
461,473	31676,1
461,601	31796,5
461,729	31854
461,856	31939,8
461,984	32094,8
462,112	32110,1
462,240	32240,8
462,368	32406,6
462,496	32483
462,624	32520
462,751	32569,6
462,879	32757,7
463,007	32765,2
463,135	32898,5
463,263	32912,3
463,391	32872,3
463,518	32941,3
463,646	33067,1
463,774	33031,1
463,902	33017,2
464,030	33087,5
464,158	33185,5
464,285	33303,5
464,413	33405,3
464,541	33443,2
464,669	33626,5
464,797	33604,5
464,925	33715,4
465,052	33865,8
465,180	33998,3
465,308	34091
465,436	34020,5
465,564	34349,3
465,692	34494,5
465,819	34505,7
465,947	34569,2
466,075	34725,2
466,203	34925,1
466,331	35126,6
466,459	35060,3
466,586	35283,9
466,714	35367,8
466,842	35444,9
466,970	35590,8
467,098	35694,8
467,226	35662,9
467,353	35871,9
467,481	35874,8
467,609	35980,1
467,737	36089,4
467,865	36056,4
467,993	36146,4
468,120	36300,2
468,248	36442,3
468,376	36489
468,504	36509,6
468,632	36543,5
468,760	36562
468,887	36773,8
469,015	36921,2
469,143	36876,6
469,271	36935,1
469,399	37073,5
469,527	37220
469,654	37270,5
469,782	37344
469,910	37601,4
470,038	37718,1
470,166	37857,7
470,294	37962,8
470,422	37974,1
470,549	38076,4
470,677	38170,6
470,805	38328,3
470,933	38436,4
471,061	38534,2
471,189	38663,8
471,316	38826,5
471,444	38992,7
471,572	39088,3
471,700	39275,1
471,828	39380,3
471,956	39422,2
472,083	39491,4
472,211	39709,5
472,339	39803,4
472,467	39832,6
472,595	39974,7
472,723	40031,3
472,850	40083,9
472,978	40282,1
473,106	40349,3
473,234	40412,4
473,362	40540,3
473,490	40692,6
473,617	40825,7
473,745	40943,5
473,873	41052,9
474,001	41112,5
474,129	41242,7
474,257	41384,9
474,384	41429,2
474,512	41518,9
474,640	41717,7
474,768	41796,1
474,896	42062,3
475,024	42093,1
475,151	42280,1
475,279	42525
475,407	42669,8
475,535	42662,5
475,663	42929,9
475,791	43156,3
475,918	43177,3
476,046	43329,3
476,174	43501,5
476,302	43631,3
476,430	43729,1
476,558	43849,9
476,685	44027,5
476,813	44010,3
476,941	44185,6
477,069	44406,3
477,197	44532,2
477,325	44579,2
477,452	44735,3
477,580	44849,2
477,708	44850,5
477,836	44900,8
477,964	44961,6
478,092	44971,6
478,220	44962,5
478,347	45168,4
478,475	45301,2
478,603	45302,6
478,731	45452,2
478,859	45510,2
478,987	45253,9
479,114	45501,1
479,242	45477,6
479,370	45627,7
479,498	45657,3
479,626	45771,1
479,754	46018,9
479,881	46274,8
480,009	46323,2
480,137	46371,8
480,265	46367,5
480,393	46541
480,521	46767,4
480,648	46956,4
480,776	47131,9
480,904	47371,9
481,032	47445,1
481,160	47712,9
481,288	47873,8
481,415	48023,2
481,543	48241,3
481,671	48417,5
481,799	48691
481,927	48773,9
482,055	49071
482,182	49295
482,310	49397,5
482,438	49450,1
482,566	49567,7
482,694	49930,9
482,822	49945,8
482,949	50227,4
483,077	50369,1
483,205	50425
483,333	50591,4
483,461	50683,5
483,589	50694,6
483,716	50677,8
483,844	50778,1
483,972	50871,5
484,100	50888
484,228	50846,7
484,356	50919,5
484,483	50823
484,611	50948
484,739	50978,5
484,867	50998,9
484,995	51046,1
485,123	51090,5
485,250	51221,4
485,378	51350,1
485,506	51440,1
485,634	51490,2
485,762	51519,5
485,890	51560,1
486,018	51664,4
486,145	52086,9
486,273	51989,4
486,401	52217,7
486,529	52276,5
486,657	52371,9
486,785	52583,4
486,912	52660
487,040	52818,7
487,168	53080,4
487,296	52978,6
487,424	53128,4
487,552	53276,9
487,679	53286,3
487,807	53523
487,935	53680,2
488,063	53840,9
488,191	53764,3
488,319	53716,4
488,446	53845,8
488,574	54104,4
488,702	54191
488,830	54291,7
488,958	54382,4
489,086	54466,5
489,213	54662,9
489,341	54865,4
489,469	54958,1
489,597	54981,4
489,725	55186,9
489,853	55264,4
489,980	55318,2
490,108	55417
490,236	55541,8
490,364	55662
490,492	55804,5
490,620	55913,1
490,747	56110,5
490,875	56300,5
491,003	56247,8
491,131	56288,2
491,259	56641,8
491,387	56673,4
491,514	57006,4
491,642	56969,4
491,770	57029
491,898	57275
492,026	57461,2
492,154	57421,5
492,281	57555
492,409	57742,7
492,537	57738
492,665	58014
492,793	58076,8
492,921	58109,1
493,048	58370,1
493,176	58461,1
493,304	58464,6
493,432	58622,3
493,560	58774,4
493,688	58795,2
493,816	58801,8
493,943	58950,2
494,071	59199,1
494,199	59229,8
494,327	59398,2
494,455	59444,8
494,583	59507,2
494,710	59669,6
494,838	59827,6
494,966	59542
495,094	59836,5
495,222	60031,5
495,350	60062,9
495,477	60075,4
495,605	60088,3
495,733	60124,5
495,861	60333,8
495,989	60274,2
496,117	60264,2
496,244	60329,6
496,372	60429,9
496,500	60627,3
496,628	60821
496,756	60553,2
496,884	60491,6
497,011	60632,5
497,139	60683,5
497,267	60747,4
497,395	60912,8
497,523	61053,6
497,651	60748
497,778	60826
497,906	60851,3
498,034	60848,4
498,162	60840,4
498,290	60819
498,418	60848,7
498,545	61066,7
498,673	60823,8
498,801	60980
498,929	60981,8
499,057	61005
499,185	61007,6
499,312	60967,8
499,440	60953,9
499,568	60899,9
499,696	60780,9
499,824	60773,3
499,952	60874,3
500,079	60815,2
500,207	60697,7
500,335	60941,4
500,463	60818,7
500,591	60682,8
500,719	60416,4
500,846	60671,5
500,974	60740,9
501,102	60538,2
501,230	60626,4
501,358	60813,9
501,486	60529,6
501,613	60392,1
501,741	60450,9
501,869	60402,3
501,997	60228,3
502,125	60126,1
502,253	60139,8
502,381	59890,8
502,508	59994
502,636	59989,5
502,764	59851
502,892	59694,6
503,020	59602,4
503,148	59383,5
503,275	59624,7
503,403	59168,3
503,531	59038,1
503,659	58751,4
503,787	58449,2
503,915	58345,8
504,042	58204
504,170	58124,7
504,298	57874,9
504,426	57761,7
504,554	57596,6
504,682	57432
504,809	57296,7
504,937	57086,6
505,065	56876,1
505,193	56411,4
505,321	56467,5
505,449	56213,5
505,576	55889,6
505,704	55642,9
505,832	55333,4
505,960	55294,8
506,088	55091
506,216	54899,1
506,343	54592,1
506,471	54347,4
506,599	54123,4
506,727	53792,7
506,855	53659,8
506,983	53538,1
507,110	53295,5
507,238	53112,5
507,366	52880,3
507,494	52636
507,622	52446,4
507,750	52231,2
507,877	51898,3
508,005	51750,6
508,133	51359,3
508,261	51050,5
508,389	50850,3
508,517	50663,9
508,644	50421,3
508,772	50263,4
508,900	49952,1
509,028	49744,9
509,156	49550,8
509,284	49327,9
509,411	49094
509,539	48897,8
509,667	48632,5
509,795	48296
509,923	48094,8
510,051	47842,6
510,179	47613,5
510,306	47411,4
510,434	47219,2
510,562	47160,9
510,690	47054,1
510,818	46841,5
510,946	46834,2
511,073	46636,2
511,201	46376,8
511,329	46214,8
511,457	45933
511,585	45917,4
511,713	45991
511,840	45832,3
511,968	45642,4
512,096	45540,8
512,224	45496,6
512,352	45357,3
512,480	45089,1
512,607	44974,1
512,735	45125,6
512,863	45006,6
512,991	44886,6
513,119	44884,9
513,247	44914,6
513,374	44840,1
513,502	44825,4
513,630	44581,2
513,758	44645,8
513,886	44620,6
514,014	44516,7
514,141	44487,3
514,269	44571,9
514,397	44477,2
514,525	44530,2
514,653	44549,1
514,781	44588,3
514,908	44592,3
515,036	44601,7
515,164	44690,5
515,292	44601,5
515,420	44693
515,548	44545,1
515,675	44614,8
515,803	44669,1
515,931	44630,9
516,059	44613,8
516,187	44844,8
516,315	44813,6
516,442	44711,9
516,570	44633,5
516,698	44767,4
516,826	44852,3
516,954	44784
517,082	44768,3
517,209	44889,7
517,337	44873,2
517,465	44852,1
517,593	44908,7
517,721	45031,9
517,849	45153,1
517,977	45169,3
518,104	44943,7
518,232	45375,8
518,360	45332,4
518,488	45281,8
518,616	45414,4
518,744	45438,3
518,871	45344,6
518,999	45620,6
519,127	45731,4
519,255	45612,5
519,383	45710,4
519,511	45703,1
519,638	45718
519,766	45792,7
519,894	45891,9
520,022	45919,6
520,150	45831,1
520,278	46048,2
520,405	45941,6
520,533	45943,7
520,661	46113,1
520,789	46301,7
520,917	46346
521,045	46171,3
521,172	46202,8
521,300	46304,5
521,428	46268,8
521,556	46258,9
521,684	46303,9
521,812	46334,7
521,939	46307,5
522,067	46434,3
522,195	46443,8
522,323	46476
522,451	46550,8
522,579	46601,4
522,706	46639,8
522,834	46744,3
522,962	46858,1
523,090	46833
523,218	46728,1
523,346	46794,6
523,473	46926,5
523,601	46939,7
523,729	46856,4
523,857	46808,6
523,985	47010,5
524,113	46912,1
524,240	46919,1
524,368	46991,3
524,496	46972,6
524,624	46874,2
524,752	46879,5
524,880	46900,3
525,007	46920,7
525,135	46849,3
525,263	46981,1
525,391	47011,4
525,519	46945,6
525,647	46942
525,774	46945,9
525,902	46788,7
526,030	46962,2
526,158	46712,7
526,286	46746,1
526,414	46855,1
526,542	46856,4
526,669	46796,2
526,797	46706,8
526,925	46740,6
527,053	46775
527,181	46697,8
527,309	46614
527,436	46611,3
527,564	46635
527,692	46599,8
527,820	46428,2
527,948	46483,8
528,076	46562,6
528,203	46545,6
528,331	46518,8
528,459	46534,5
528,587	46452,6
528,715	46498,4
528,843	46300
528,970	46369
529,098	46359
529,226	46278,2
529,354	46425,8
529,482	46497,1
529,610	46282,8
529,737	46144,6
529,865	46362,6
529,993	46360,4
530,121	46169,1
530,249	46112,2
530,377	46176,7
530,504	46249,9
530,632	46205,3
530,760	46135,4
530,888	46071,4
531,016	46114,5
531,144	46056,6
531,271	46017,2
531,399	45991,7
531,527	45908,4
531,655	45780,6
531,783	45700,1
531,911	45869
532,038	45763,5
532,166	45734,5
532,294	45746,9
532,422	45755,1
532,550	45728,6
532,678	45650,6
532,805	45664,8
532,933	45629,6
533,061	45690,8
533,189	45566,6
533,317	45541
533,445	45576,1
533,572	45719,2
533,700	45676,5
533,828	45474,6
533,956	45546,1
534,084	45622,3
534,212	45682,9
534,340	45639
534,467	45590,5
534,595	45671,9
534,723	45601,4
534,851	45747,6
534,979	45670,7
535,107	45795,9
535,234	45742,3
535,362	45718,9
535,490	45762,3
535,618	45564
535,746	45777,9
535,874	45678,5
536,001	45827
536,129	45800,9
536,257	45772,5
536,385	45815,5
536,513	45854
536,641	45713,6
536,768	45747,4
536,896	45872,6
537,024	45832,5
537,152	45967
537,280	46062,4
537,408	46049,7
537,535	45909,7
537,663	45907,3
537,791	46172,7
537,919	46271,6
538,047	46212,6
538,175	46189,8
538,302	46275,4
538,430	46294,7
538,558	46312,3
538,686	46278,3
538,814	46286,4
538,942	46418,9
539,069	46563,9
539,197	46525,2
539,325	46559,8
539,453	46673,3
539,581	46696,6
539,709	46582,8
539,836	46781,5
539,964	46781,9
540,092	46798,6
540,220	46873,3
540,348	46867,6
540,476	46852,5
540,603	46939,9
540,731	47005,9
540,859	47079,3
540,987	47211,5
541,115	47301,5
541,243	47367,3
541,370	47441,5
541,498	47499,2
541,626	47546,8
541,754	47616,2
541,882	47715,3
542,010	47769,9
542,138	47847,8
542,265	47962,4
542,393	48110,9
542,521	48205,2
542,649	48267,4
542,777	48345,4
542,905	48452,6
543,032	48644,3
543,160	48746,5
543,288	48907,2
543,416	48992,7
543,544	49087,8
543,672	49241,1
543,799	49315,8
543,927	49463,6
544,055	49373,9
544,183	49547,4
544,311	49816,7
544,439	49935,9
544,566	49934,4
544,694	49989,8
544,822	50204
544,950	50413,3
545,078	50385,5
545,206	50490,4
545,333	50735,9
545,461	50912,1
545,589	50995,7
545,717	51077,4
545,845	51189,2
545,973	51338,6
546,100	51300,4
546,228	51533,1
546,356	51669,1
546,484	51731,4
546,612	51823,4
546,740	51858,6
546,867	51941,7
546,995	52011,6
547,123	52138,5
547,251	52181,6
547,379	52236
547,507	52288,6
547,634	52344,6
547,762	52386,5
547,890	52280,7
548,018	52634,3
548,146	52714,6
548,274	52681,1
548,401	52652
548,529	52772,1
548,657	52772,7
548,785	52958,1
548,913	52843,2
549,041	53072,5
549,168	52991,4
549,296	52935,6
549,424	53044,9
549,552	53134,8
549,680	53214,1
549,808	53199,1
549,936	53169
550,063	53294,5
550,191	53352,2
550,319	53285,8
550,447	53290,2
550,575	53372,8
550,703	53481,8
550,830	53553,4
550,958	53601,8
551,086	53459,7
551,214	53509,9
551,342	53649,9
551,470	53721,3
551,597	53819,8
551,725	53825,2
551,853	53697,7
551,981	53604,7
552,109	53874
552,237	53739,6
552,364	53967
552,492	54071,2
552,620	54202,5
552,748	54218,3
552,876	54239,1
553,004	54339,7
553,131	54396,2
553,259	54488,9
553,387	54693,7
553,515	54883,1
553,643	54916,8
553,771	54920,1
553,898	55018,9
554,026	55129,4
554,154	55181,9
554,282	55431,4
554,410	55561,4
554,538	55795
554,665	55753,4
554,793	55895,7
554,921	56086,4
555,049	56255,8
555,177	56405,5
555,305	56430,2
555,432	56646,7
555,560	56575,7
555,688	56820,9
555,816	57025,1
555,944	57117
556,072	57184,9
556,199	57351,8
556,327	57607,9
556,455	57682
556,583	57810,4
556,711	58081
556,839	58247,1
556,966	58354,2
557,094	58472,2
557,222	58560,2
557,350	58707,7
557,478	58756,6
557,606	59019,9
557,734	59157,4
557,861	59379,1
557,989	59436,7
558,117	59493,3
558,245	59817,9
558,373	59989
558,501	60008,4
558,628	60200,5
558,756	60377,4
558,884	60513,3
559,012	60622,8
559,140	60824,6
559,268	60973
559,395	61123,2
559,523	61425,5
559,651	61445,7
559,779	61685
559,907	61781,5
560,035	62026,5
560,162	62202,7
560,290	62249
560,418	62395,4
560,546	62492,5
560,674	62835,8
560,802	63183
560,929	63165,8
561,057	63466,5
561,185	63602,7
561,313	63615,9
561,441	63765,2
561,569	64141
561,696	64261,9
561,824	64557,6
561,952	64669,8
562,080	64790,2
562,208	64885,9
562,336	65057,5
562,463	65267
562,591	65171,4
562,719	65352,2
562,847	65582,1
562,975	65777,5
563,103	65858,2
563,230	65820,3
563,358	65966
563,486	66023,2
563,614	66234,3
563,742	66211,4
563,870	66312,9
563,997	66492,3
564,125	66415,5
564,253	66563,5
564,381	66752,7
564,509	66804
564,637	66668,9
564,764	66689,9
564,892	66883,1
565,020	66813
565,148	66937,7
565,276	67076,9
565,404	67139,9
565,531	67226,7
565,659	67291,6
565,787	67331,7
565,915	67380,7
566,043	67515,5
566,171	67400,9
566,299	67602,5
566,426	67554,9
566,554	67597
566,682	67731,8
566,810	67840,4
566,938	67737,8
567,066	67742
567,193	67883,4
567,321	67985,3
567,449	67969,3
567,577	67988,5
567,705	68146,3
567,833	68256,3
567,960	68232,8
568,088	68378
568,216	68546
568,344	68478
568,472	68639
568,600	68747,5
568,727	68833,4
568,855	68965,1
568,983	69134,9
569,111	69181,3
569,239	69323,7
569,367	69478,2
569,494	69661,6
569,622	69743,5
569,750	70034,1
569,878	70047,3
570,006	70184,8
570,134	70433,4
570,261	70583,3
570,389	70633,5
570,517	70918,1
570,645	71146
570,773	71276
570,901	71549,2
571,028	71776,2
571,156	71959,3
571,284	72132,6
571,412	72377,6
571,540	72658,2
571,668	73123,8
571,795	73068,2
571,923	73337
572,051	73616,4
572,179	73906,9
572,307	74252,8
572,435	74505,2
572,562	74762,9
572,690	74954
572,818	75157,3
572,946	75592,2
573,074	75909,6
573,202	76069,4
573,329	76489,7
573,457	76509,6
573,585	76848
573,713	77100,8
573,841	77430,8
573,969	77647,6
574,097	77935,4
574,224	78267,9
574,352	78588,4
574,480	78769,1
574,608	78902,8
574,736	79124,8
574,864	79472,4
574,991	79717,6
575,119	79845,2
575,247	80151,7
575,375	80323
575,503	80646
575,631	80844,9
575,758	81161,1
575,886	81635,9
576,014	81764,9
576,142	81844,7
576,270	82132,5
576,398	82392,1
576,525	82650,2
576,653	82831,6
576,781	82943,8
576,909	83112,9
577,037	83418,3
577,165	83755,6
577,292	83820,7
577,420	83949,6
577,548	84080,9
577,676	84261,6
577,804	84548,3
577,932	84689,1
578,059	84834,7
578,187	85124,9
578,315	85150,9
578,443	85287,7
578,571	85587,4
578,699	85849,9
578,826	85869,5
578,954	86004,8
579,082	86247,4
579,210	86433,5
579,338	86561,2
579,466	86738,8
579,593	87050,8
579,721	87102,6
579,849	87121,4
579,977	87218,3
580,105	87533,8
580,233	87670,9
580,360	87731,3
580,488	87779,4
580,616	87907,1
580,744	88128,1
580,872	88376,8
581,000	88617,4
581,127	88656
581,255	88674,4
581,383	88856
581,511	89156,9
581,639	89247,1
581,767	89475,3
581,895	89583,8
582,022	89812,9
582,150	90126,8
582,278	90253,6
582,406	90284,4
582,534	90608,4
582,662	90612,4
582,789	90826,1
582,917	91074,5
583,045	91315,8
583,173	91422,3
583,301	91562,9
583,429	91840,6
583,556	91970,4
583,684	92242,6
583,812	92501,8
583,940	92550,6
584,068	92655,3
584,196	92919,7
584,323	93206,8
584,451	93546,6
584,579	93786,7
584,707	94015,7
584,835	94162,8
584,963	94388,4
585,090	94537,7
585,218	94580,7
585,346	94778,6
585,474	95186,7
585,602	95588,8
585,730	95806,7
585,857	95915
585,985	95945,9
586,113	96137,5
586,241	96525,4
586,369	96708
586,497	96467,1
586,624	96825,8
586,752	97255,5
586,880	97523
587,008	97738,6
587,136	97895,3
587,264	97955
587,391	98187,1
587,519	98424,6
587,647	98629,4
587,775	98635,5
587,903	98871,5
588,031	99113
588,158	99264,3
588,286	99608,6
588,414	99653,6
588,542	100005
588,670	100150
588,798	100252
588,925	100566
589,053	100929
589,181	100949
589,309	101468
589,437	101476
589,565	101650
589,693	101886
589,820	102197
589,948	102568
590,076	102756
590,204	102808
590,332	103354
590,460	103471
590,587	103673
590,715	103985
590,843	104349
590,971	104651
591,099	104883
591,227	105400
591,354	105453
591,482	105804
591,610	106123
591,738	106316
591,866	106507
591,994	106811
592,121	107081
592,249	107416
592,377	107725
592,505	107863
592,633	108256
592,761	108537
592,888	108749
593,016	109090
593,144	109568
593,272	109645
593,400	109718
593,528	109803
593,655	110213
593,783	110519
593,911	110614
594,039	110716
594,167	110983
594,295	111282
594,422	111697
594,550	111805
594,678	112076
594,806	112347
594,934	112488
595,062	112671
595,189	113088
595,317	113388
595,445	113308
595,573	113540
595,701	113795
595,829	113811
595,956	113752
596,084	114504
596,212	114036
596,340	114480
596,468	114609
596,596	114722
596,723	114925
596,851	115141
596,979	115246
597,107	115329
597,235	115165
597,363	115490
597,490	115712
597,618	115820
597,746	115862
597,874	115900
598,002	116124
598,130	116303
598,258	116255
598,385	116564
598,513	116701
598,641	116844
598,769	117073
598,897	117183
599,025	117330
599,152	117392
599,280	117402
599,408	117671
599,536	117800
599,664	117919
599,792	117978
599,919	118060
600,047	118133
600,175	118311
600,303	118362
600,431	118634
600,559	118817
600,686	118951
600,814	119109
600,942	119221
601,070	119945
601,198	119858
601,326	119973
601,453	120190
601,581	120351
601,709	120490
601,837	120729
601,965	120828
602,093	121353
602,220	121449
602,348	121554
602,476	121734
602,604	122148
602,732	122560
602,860	122634
602,987	123057
603,115	123214
603,243	123283
603,371	123650
603,499	123945
603,627	124142
603,754	124365
603,882	124865
604,010	125368
604,138	125575
604,266	125866
604,394	126142
604,521	126351
604,649	126543
604,777	126863
604,905	127212
605,033	127570
605,161	127856
605,288	128000
605,416	128296
605,544	128580
605,672	129038
605,800	129556
605,928	129426
606,056	129759
606,183	130062
606,311	130322
606,439	130258
606,567	130619
606,695	131160
606,823	131342
606,950	131472
607,078	131940
607,206	131806
607,334	132330
607,462	132552
607,590	132726
607,717	132834
607,845	132854
607,973	133401
608,101	133296
608,229	133231
608,357	133645
608,484	133676
608,612	133920
608,740	134208
608,868	134042
608,996	134348
609,124	134383
609,251	134560
609,379	134900
609,507	135026
609,635	135031
609,763	135076
609,891	135243
610,018	135233
610,146	135546
610,274	135615
610,402	135937
610,530	136144
610,658	136175
610,785	136275
610,913	136533
611,041	136425
611,169	136168
611,297	136575
611,425	136381
611,552	136551
611,680	136862
611,808	136970
611,936	136900
612,064	137152
612,192	136928
612,319	137580
612,447	137509
612,575	137612
612,703	137868
612,831	137966
612,959	137861
613,086	138107
613,214	138523
613,342	138425
613,470	138753
613,598	139007
613,726	139251
613,854	139413
613,981	139491
614,109	139819
614,237	139954
614,365	140055
614,493	140065
614,621	140216
614,748	140481
614,876	140667
615,004	140700
615,132	140833
615,260	141386
615,388	141575
615,515	141835
615,643	142048
615,771	142227
615,899	142456
616,027	142730
616,155	142899
616,282	142942
616,410	143500
616,538	143533
616,666	143780
616,794	144154
616,922	144393
617,049	144561
617,177	145002
617,305	145375
617,433	145880
617,561	145770
617,689	145969
617,816	146294
617,944	146606
618,072	146885
618,200	147208
618,328	147630
618,456	147873
618,583	148140
618,711	148304
618,839	148583
618,967	148814
619,095	148947
619,223	149059
619,350	149123
619,478	149351
619,606	150043
619,734	150227
619,862	150363
619,990	150535
620,117	150630
620,245	150718
620,373	151148
620,501	150792
620,629	151386
620,757	151263
620,884	151540
621,012	151741
621,140	151846
621,268	151942
621,396	151924
621,524	152043
621,651	152447
621,779	152359
621,907	152603
622,035	152960
622,163	153123
622,291	153018
622,419	152873
622,546	153036
622,674	153101
622,802	153363
622,930	153625
623,058	153599
623,186	153598
623,313	153755
623,441	153822
623,569	153458
623,697	153907
623,825	153917
623,953	153832
624,080	154084
624,208	154196
624,336	154287
624,464	154511
624,592	154625
624,720	154621
624,847	154866
624,975	155128
625,103	155197
625,231	155247
625,359	155360
625,487	155525
625,614	155655
625,742	155626
625,870	155487
625,998	155691
626,126	155859
626,254	156137
626,381	156160
626,509	156240
626,637	156511
626,765	156322
626,893	156734
627,021	156943
627,148	157020
627,276	157171
627,404	157251
627,532	157497
627,660	157873
627,788	158066
627,915	158279
628,043	158415
628,171	158467
628,299	158446
628,427	158751
628,555	159065
628,682	159244
628,810	159428
628,938	159778
629,066	159963
629,194	160379
629,322	160379
629,449	160781
629,577	161096
629,705	161368
629,833	161598
629,961	161677
630,089	162075
630,217	162267
630,344	162582
630,472	162571
630,600	162768
630,728	163056
630,856	163308
630,984	163551
631,111	163866
631,239	163965
631,367	164442
631,495	164344
631,623	164660
631,751	164823
631,878	164845
632,006	164950
632,134	165159
632,262	165149
632,390	165548
632,518	165802
632,645	165915
632,773	166294
632,901	166452
633,029	166642
633,157	167002
633,285	167047
633,412	167068
633,540	167272
633,668	167552
633,796	167906
633,924	168103
634,052	168246
634,179	168496
634,307	168700
634,435	168395
634,563	168698
634,691	169107
634,819	169156
634,946	169227
635,074	169415
635,202	169691
635,330	169943
635,458	170097
635,586	170265
635,713	170602
635,841	170333
635,969	170950
636,097	170972
636,225	170958
636,353	171371
636,480	171769
636,608	171473
636,736	172021
636,864	172274
636,992	172105
637,120	172377
637,247	172714
637,375	172572
637,503	172667
637,631	173312
637,759	173101
637,887	172603
638,015	173063
638,142	173159
638,270	173330
638,398	173446
638,526	173631
638,654	173807
638,782	173827
638,909	173904
639,037	174331
639,165	174064
639,293	174649
639,421	174732
639,549	174853
639,676	175006
639,804	175063
639,932	175054
640,060	175027
640,188	175329
640,316	175614
640,443	175258
640,571	175494
640,699	175555
640,827	175594
640,955	175825
641,083	176028
641,210	176226
641,338	176221
641,466	176477
641,594	176541
641,722	176823
641,850	176910
641,977	177102
642,105	177379
642,233	177249
642,361	177519
642,489	177890
642,617	178295
642,744	178592
642,872	178758
643,000	178648
643,128	178727
643,256	179065
643,384	179141
643,511	179598
643,639	179528
643,767	179780
643,895	179648
644,023	180123
644,151	180730
644,278	180843
644,406	180797
644,534	181477
644,662	181826
644,790	181983
644,918	182183
645,045	182983
645,173	183052
645,301	183128
645,429	183465
645,557	183823
645,685	184035
645,813	184015
645,940	184481
646,068	184741
646,196	184620
646,324	185067
646,452	185322
646,580	185382
646,707	185600
646,835	185934
646,963	186070
647,091	186686
647,219	186407
647,347	186750
647,474	187133
647,602	187459
647,730	187498
647,858	187369
647,986	187477
648,114	187519
648,241	188125
648,369	188303
648,497	188686
648,625	188726
648,753	189102
648,881	189168
649,008	188930
649,136	189254
649,264	189481
649,392	189947
649,520	189519
649,648	189754
649,775	189537
649,903	189730
650,031	189891
650,159	190002
650,287	190341
650,415	190251
650,542	190065
650,670	190283
650,798	190186
650,926	190566
651,054	191015
651,182	190996
651,309	191104
651,437	191673
651,565	191465
651,693	191841
651,821	192046
651,949	192102
652,076	192251
652,204	192287
652,332	192283
652,460	192439
652,588	192785
652,716	193113
652,843	193189
652,971	193271
653,099	193441
653,227	193665
653,355	193893
653,483	194119
653,611	194300
653,738	194480
653,866	194664
653,994	194482
654,122	194775
654,250	195398
654,378	195592
654,505	195810
654,633	196003
654,761	196339
654,889	196767
655,017	197053
655,145	197202
655,272	197148
655,400	197732
655,528	197678
655,656	197814
655,784	198161
655,912	198486
656,039	198608
656,167	198817
656,295	199391
656,423	199443
656,551	199452
656,679	199651
656,806	199976
656,934	200354
657,062	200491
657,190	200426
657,318	200484
657,446	200812
657,573	200945
657,701	201460
657,829	201447
657,957	201313
658,085	201558
658,213	202075
658,340	202117
658,468	202074
658,596	202487
658,724	203069
658,852	203113
658,980	203134
659,107	203549
659,235	203885
659,363	203921
659,491	204392
659,619	204728
659,747	204678
659,874	204467
660,002	204836
660,130	205251
660,258	205551
660,386	205266
660,514	205435
660,641	205670
660,769	205675
660,897	205574
661,025	205698
661,153	205996
661,281	206440
661,408	206381
661,536	206342
661,664	206227
661,792	206458
661,920	206861
662,048	207284
662,176	207463
662,303	207348
662,431	207728
662,559	207737
662,687	208345
662,815	208341
662,943	208793
663,070	208846
663,198	208977
663,326	209112
663,454	209259
663,582	209498
663,710	209711
663,837	209498
663,965	209836
664,093	210082
664,221	209833
664,349	210033
664,477	210322
664,604	210640
664,732	210615
664,860	210460
664,988	210189
665,116	210319
665,244	210257
665,371	210677
665,499	210991
665,627	210874
665,755	211029
665,883	211566
666,011	211891
666,138	211994
666,266	212104
666,394	212355
666,522	212458
666,650	212580
666,778	212730
666,905	212934
667,033	212962
667,161	212806
667,289	212973
667,417	212989
667,545	213086
667,672	213251
667,800	213415
667,928	213785
668,056	213953
668,184	214121
668,312	214032
668,439	213973
668,567	214282
668,695	214692
668,823	214985
668,951	215093
669,079	215273
669,206	215258
669,334	215709
669,462	216047
669,590	216286
669,718	216482
669,846	216427
669,974	217071
670,101	217008
670,229	217245
670,357	216996
670,485	217633
670,613	217969
670,741	218127
670,868	218622
670,996	219189
671,124	219366
671,252	219573
671,380	220028
671,508	220018
671,635	220316
671,763	220536
671,891	220948
672,019	221109
672,147	221165
672,275	221658
672,402	221598
672,530	221760
672,658	221659
672,786	221632
672,914	221586
673,042	221874
673,169	221917
673,297	222041
673,425	222449
673,553	222808
673,681	223088
673,809	223282
673,936	223660
674,064	223580
674,192	223945
674,320	224394
674,448	224354
674,576	224713
674,703	225315
674,831	225551
674,959	225545
675,087	225787
675,215	226102
675,343	226057
675,470	226055
675,598	226058
675,726	226520
675,854	226887
675,982	227246
676,110	227762
676,237	228057
676,365	227883
676,493	227912
676,621	227767
676,749	227395
676,877	227961
677,004	228406
677,132	228385
677,260	228698
677,388	228892
677,516	228912
677,644	229154
677,772	229444
677,899	229976
678,027	229627
678,155	230270
678,283	230245
678,411	230587
678,539	230865
678,666	230797
678,794	230777
678,922	230740
679,050	230937
679,178	231107
679,306	231417
679,433	231450
679,561	231687
679,689	231787
679,817	231612
679,945	231810
680,073	232311
680,200	232337
680,328	232297
680,456	232652
680,584	232856
680,712	233214
680,840	233298
680,967	233905
681,095	233869
681,223	234224
681,351	234430
681,479	234187
681,607	234414
681,734	234805
681,862	234951
681,990	235222
682,118	235273
682,246	235312
682,374	235301
682,501	235212
682,629	235399
682,757	235846
682,885	236234
683,013	236467
683,141	236674
683,268	236711
683,396	236755
683,524	237010
683,652	236947
683,780	237269
683,908	237473
684,035	237477
684,163	237706
684,291	238091
684,419	237888
684,547	238101
684,675	238349
684,802	238270
684,930	238147
685,058	238371
685,186	238531
685,314	238475
685,442	238372
685,570	238686
685,697	238831
685,825	239282
685,953	239400
686,081	239643
686,209	239553
686,337	240090
686,464	240378
686,592	240489
686,720	240912
686,848	241164
686,976	241295
687,104	241514
687,231	241778
687,359	241942
687,487	241971
687,615	242051
687,743	242098
687,871	242437
687,998	242656
688,126	242858
688,254	243231
688,382	243516
688,510	243454
688,638	243576
688,765	243790
688,893	244060
689,021	244362
689,149	244584
689,277	245023
689,405	245182
689,532	245314
689,660	245006
689,788	245715
689,916	246118
690,044	246557
690,172	246559
690,299	246955
690,427	246633
690,555	246755
690,683	247093
690,811	247224
690,939	247332
691,066	247211
691,194	247429
691,322	247411
691,450	247184
691,578	247325
691,706	247655
691,833	248056
691,961	247773
692,089	248263
692,217	248515
692,345	248486
692,473	248465
692,600	248458
692,728	248905
692,856	248661
692,984	248661
693,112	248724
693,240	248827
693,367	249049
693,495	249112
693,623	249063
693,751	248942
693,879	249209
694,007	249476
694,135	249667
694,262	249915
694,390	250045
694,518	249997
694,646	250147
694,774	250371
694,902	250203
695,029	250641
695,157	251106
695,285	251012
695,413	250931
695,541	251090
695,669	251354
695,796	251515
695,924	251331
696,052	251383
696,180	251403
696,308	251486
696,436	251488
696,563	251568
696,691	251757
696,819	252110
696,947	252356
697,075	252713
697,203	252496
697,330	253002
697,458	253280
697,586	253655
697,714	253671
697,842	253739
697,970	254060
698,097	254223
698,225	254430
698,353	254452
698,481	254459
698,609	254945
698,737	255460
698,864	255498
698,992	255620
699,120	255958
699,248	256056
699,376	255815
699,504	256254
699,631	256671
699,759	256732
699,887	257052
700,015	256918
700,143	257457
700,271	257614
700,398	257759
700,526	258441
700,654	258774
700,782	259357
700,910	259797
701,038	260143
701,165	260484
701,293	260614
701,421	260837
701,549	261423
701,677	261228
701,805	261491
701,933	261533
702,060	261266
702,188	261125
702,316	261188
702,444	261360
702,572	261600
702,700	261534
702,827	261897
702,955	262251
703,083	262488
703,211	262237
703,339	262713
703,467	262798
703,594	263045
703,722	263570
703,850	263911
703,978	264353
704,106	264808
704,234	265375
704,361	265872
704,489	266112
704,617	266211
704,745	266418
704,873	266685
705,001	266886
705,128	266708
705,256	266866
705,384	266943
705,512	267223
705,640	267438
705,768	267057
705,895	266973
706,023	267340
706,151	267003
706,279	267236
706,407	267434
706,535	267778
706,662	268079
706,790	267986
706,918	268016
707,046	268012
707,174	268171
707,302	268337
707,429	268764
707,557	268897
707,685	268924
707,813	268911
707,941	269015
708,069	269557
708,196	269789
708,324	269941
708,452	270164
708,580	270618
708,708	271221
708,836	271852
708,963	272336
709,091	272478
709,219	272698
709,347	272877
709,475	273420
709,603	273803
709,731	274425
709,858	274422
709,986	274276
710,114	274534
710,242	275115
710,370	275356
710,498	274862
710,625	274623
710,753	274763
710,881	274933
711,009	275205
711,137	275227
711,265	275304
711,392	275436
711,520	275717
711,648	275618
711,776	275583
711,904	275850
712,032	276085
712,159	276068
712,287	276295
712,415	276480
712,543	276585
712,671	277169
712,799	276669
712,926	277744
713,054	277647
713,182	277802
713,310	278001
713,438	278152
713,566	278717
713,693	279111
713,821	279222
713,949	279475
714,077	280110
714,205	280301
714,333	280536
714,460	280587
714,588	280862
714,716	281160
714,844	281197
714,972	281625
715,100	281703
715,227	282027
715,355	281944
715,483	282123
715,611	281886
715,739	281506
715,867	281542
715,994	281864
716,122	281965
716,250	282001
716,378	282021
716,506	282138
716,634	282218
716,761	282100
716,889	281863
717,017	282067
717,145	282400
717,273	282534
717,401	283407
717,529	283446
717,656	283545
717,784	283822
717,912	283963
718,040	284473
718,168	284970
718,296	285048
718,423	285022
718,551	285464
718,679	286076
718,807	286095
718,935	286222
719,063	286322
719,190	286933
719,318	287453
719,446	287610
719,574	287900
719,702	287707
719,830	287861
719,957	288827
720,085	288953
720,213	288931
720,341	289039
720,469	289100
720,597	289309
720,724	289368
720,852	289242
720,980	289024
721,108	289699
721,236	289241
721,364	289413
721,491	289402
721,619	289436
721,747	289134
721,875	288953
722,003	289098
722,131	289469
722,258	289634
722,386	289841
722,514	290328
722,642	290424
722,770	290719
722,898	291266
723,025	291684
723,153	291956
723,281	292276
723,409	292240
723,537	292836
723,665	292926
723,792	293721
723,920	293888
724,048	294108
724,176	294238
724,304	294113
724,432	294561
724,559	294495
724,687	294392
724,815	294501
724,943	294333
725,071	293846
725,199	293984
725,326	294111
725,454	294262
725,582	294726
725,710	294953
725,838	295058
725,966	294778
726,094	295101
726,221	294915
726,349	294745
726,477	294582
726,605	294468
726,733	294931
726,861	295361
726,988	295623
727,116	296398
727,244	296294
727,372	297066
727,500	297018
727,628	297423
727,755	297623
727,883	297366
728,011	297597
728,139	297652
728,267	297482
728,395	297554
728,522	297059
728,650	297107
728,778	296866
728,906	296552
729,034	296383
729,162	296539
729,289	296719
729,417	296947
729,545	297659
729,673	298301
729,801	298351
729,929	298650
730,056	298926
730,184	299451
730,312	299993
730,440	300873
730,568	301340
730,696	301477
730,823	301756
730,951	301826
731,079	302097
731,207	302381
731,335	302139
731,463	301933
731,590	301954
731,718	301630
731,846	301468
731,974	301551
732,102	301609
732,230	301342
732,357	301140
732,485	300992
732,613	300867
732,741	300706
732,869	300936
732,997	301727
733,124	302295
733,252	302433
733,380	302953
733,508	303557
733,636	303792
733,764	304096
733,892	304227
734,019	304525
734,147	305013
734,275	305335
734,403	305103
734,531	305530
734,659	305899
734,786	306273
734,914	306472
735,042	306778
735,170	306791
735,298	306587
735,426	306568
735,553	306711
735,681	306547
735,809	306447
735,937	306557
736,065	306331
736,193	305755
736,320	305647
736,448	305478
736,576	305264
736,704	305103
736,832	304391
736,960	304344
737,087	304612
737,215	304865
737,343	304498
737,471	304732
737,599	304836
737,727	304631
737,854	304365
737,982	304530
738,110	304937
738,238	304975
738,366	304761
738,494	304996
738,621	305397
738,749	305732
738,877	305850
739,005	306121
739,133	306681
739,261	307276
739,388	307587
739,516	307807
739,644	308368
739,772	308735
739,900	308537
740,028	308418
740,155	308469
740,283	308164
740,411	308119
740,539	308465
740,667	308297
740,795	308403
740,922	308095
741,050	307924
741,178	307919
741,306	307664
741,434	307139
741,562	307092
741,690	307418
741,817	307447
741,945	307045
742,073	307177
742,201	307317
742,329	306981
742,457	307167
742,584	307066
742,712	306900
742,840	307102
742,968	307446
743,096	307346
743,224	306918
743,351	307372
743,479	307312
743,607	307482
743,735	307762
743,863	307942
743,991	308456
744,118	309207
744,246	309828
744,374	309979
744,502	310014
744,630	310648
744,758	311124
744,885	311289
745,013	312249
745,141	312125
745,269	312293
745,397	312290
745,525	312279
745,652	312418
745,780	312643
745,908	312768
746,036	312647
746,164	312506
746,292	312219
746,419	312436
746,547	312214
746,675	311742
746,803	311485
746,931	311337
747,059	311237
747,186	311069
747,314	310582
747,442	310646
747,570	310574
747,698	309992
747,826	310086
747,953	310360
748,081	310157
748,209	310042
748,337	310156
748,465	310481
748,593	310846
748,720	310440
748,848	310731
748,976	311474
749,104	312274
749,232	312560
749,360	312788
749,487	313356
749,615	313913
749,743	314337
749,871	314515
749,999	314143
750,127	314072
750,255	315078
750,382	315184
750,510	314967
750,638	314639
750,766	314603
750,894	314230
751,022	313929
751,149	314185
751,277	314577
751,405	314315
751,533	313560
751,661	313725
751,789	313530
751,916	313392
752,044	313210
752,172	313039
752,300	312903
752,428	312840
752,556	312739
752,683	312625
752,811	312827
752,939	312174
753,067	312478
753,195	312512
753,323	312807
753,450	313149
753,578	313390
753,706	314358
753,834	314970
753,962	314869
754,090	315354
754,217	315357
754,345	315611
754,473	316338
754,601	316719
754,729	316730
754,857	317071
754,984	317145
755,112	317265
755,240	317152
755,368	316642
755,496	316264
755,624	315691
755,751	315855
755,879	315323
756,007	314823
756,135	314921
756,263	314869
756,391	314581
756,518	314196
756,646	313862
756,774	313735
756,902	313955
757,030	314376
757,158	314158
757,285	314977
757,413	314556
757,541	315381
757,669	315605
757,797	315563
757,925	315550
758,053	315949
758,180	316437
758,308	316183
758,436	315837
758,564	316337
758,692	317302
758,820	317046
758,947	317806
759,075	317923
759,203	318076
759,331	318140
759,459	318017
759,587	318162
759,714	318697
759,842	318618
759,970	318072
760,098	318394
760,226	317825
760,354	318272
760,481	317621
760,609	317854
760,737	317621
760,865	317307
760,993	317060
761,121	316313
761,248	316183
761,376	315734
761,504	316023
761,632	316483
761,760	316058
761,888	315708
762,015	315227
762,143	315089
762,271	315197
762,399	315286
762,527	315255
762,655	315173
762,782	315541
762,910	316463
763,038	316392
763,166	317649
763,294	318488
763,422	318301
763,549	318387
763,677	318554
763,805	318822
763,933	318928
764,061	318488
764,189	318699
764,316	318733
764,444	319150
764,572	319121
764,700	319882
764,828	320365
764,956	320656
765,083	320930
765,211	320931
765,339	320404
765,467	319530
765,595	318924
765,723	319139
765,851	318306
765,978	317875
766,106	317333
766,234	317472
766,362	317174
766,490	317301
766,618	317275
766,745	317323
766,873	317654
767,001	317664
767,129	317591
767,257	318246
767,385	318680
767,512	318594
767,640	319113
767,768	319167
767,896	319797
768,024	320227
768,152	320414
768,279	320408
768,407	320504
768,535	320882
768,663	320341
768,791	321274
768,919	320875
769,046	321549
769,174	321397
769,302	321168
769,430	321372
769,558	321448
769,686	321080
769,813	320738
769,941	320382
770,069	319551
770,197	319848
770,325	319983
770,453	319674
770,580	319449
770,708	318836
770,836	318050
770,964	317491
771,092	317074
771,220	316984
771,347	317232
771,475	317154
771,603	316459
771,731	316863
771,859	317009
771,987	316819
772,114	317290
772,242	317041
772,370	317177
772,498	317556
772,626	317545
772,754	317740
772,881	318285
773,009	318761
773,137	319329
773,265	319477
773,393	319166
773,521	319843
773,649	319813
773,776	319835
773,904	319757
774,032	319744
774,160	319518
774,288	319579
774,416	319834
774,543	319690
774,671	319597
774,799	319466
774,927	318559
775,055	318606
775,183	318440
775,310	318210
775,438	317966
775,566	317644
775,694	317347
775,822	316649
775,950	316040
776,077	316084
776,205	316140
776,333	315602
776,461	315012
776,589	314895
776,717	315202
776,844	315632
776,972	314925
777,100	315270
777,228	315696
777,356	316013
777,484	315694
777,611	315041
777,739	314766
777,867	314724
777,995	315076
778,123	314722
778,251	315750
778,378	315959
778,506	316512
778,634	316759
778,762	316889
778,890	316612
779,018	316595
779,145	316872
779,273	316912
779,401	316506
779,529	315184
779,657	315069
779,785	315249
779,912	314844
780,040	314988
780,168	314666
780,296	315889
780,424	315696
780,552	315330
780,679	315162
780,807	314479
780,935	313869
781,063	313642
781,191	313585
781,319	313324
781,447	313141
781,574	312849
781,702	312611
781,830	312536
781,958	312048
782,086	312074
782,214	311917
782,341	311450
782,469	311488
782,597	311388
782,725	310880
782,853	311526
782,981	311622
783,108	311289
783,236	311736
783,364	311237
783,492	311307
783,620	311389
783,748	311867
783,875	312062
784,003	312081
784,131	312528
784,259	312932
784,387	313363
784,515	313423
784,642	313380
784,770	312993
784,898	313837
785,026	313976
785,154	314156
785,282	313687
785,409	313414
785,537	313620
785,665	313609
785,793	312949
785,921	312655
786,049	312346
786,176	312727
786,304	312830
786,432	313030
786,560	312499
786,688	311252
786,816	311619
786,943	311623
787,071	310864
787,199	310180
787,327	309895
787,455	309651
787,583	309295
787,710	309166
787,838	308937
787,966	308897
788,094	309358
788,222	309282
788,350	309125
788,477	309400
788,605	309355
788,733	309298
788,861	309415
788,989	309686
789,117	309461
789,244	309316
789,372	309516
789,500	309721
789,628	310236
789,756	310292
789,884	311085
790,012	310516
790,139	311275
790,267	311576
790,395	311645
790,523	311319
790,651	311347
790,779	311766
790,906	311709
791,034	311581
791,162	311202
791,290	311218
791,418	310525
791,546	311373
791,673	311932
791,801	311676
791,929	311972
792,057	312426
792,185	312828
792,313	312355
792,440	311415
792,568	310676
792,696	309982
792,824	309302
792,952	309745
793,080	309606
793,207	309134
793,335	309528
793,463	309206
793,591	309216
793,719	308917
793,847	308714
793,974	308938
794,102	308900
794,230	308682
794,358	308398
794,486	308269
794,614	308729
794,741	308908
794,869	308280
794,997	308013
795,125	308546
795,253	308886
795,381	309172
795,508	309049
795,636	309068
795,764	308308
795,892	308154
796,020	308725
796,148	308992
796,275	309474
796,403	309317
796,531	309102
796,659	308605
796,787	308583
796,915	308522
797,042	308704
797,170	308642
797,298	308552
797,426	308619
797,554	308939
797,682	308862
797,810	308747
797,937	308612
798,065	308590
798,193	308825
798,321	308336
798,449	308453
798,577	308385
798,704	308193
798,832	307974
798,960	307639
799,088	307283
799,216	307318
799,344	306963
799,471	306899
799,599	307087
799,727	307041
799,855	306825
799,983	306311
800,111	306160
800,238	306014
800,366	306249
800,494	305868
800,622	305529
800,750	305330
800,878	304354
801,005	304337
801,133	305021
801,261	304492
801,389	304154
801,517	304666
801,645	305312
801,772	305063
801,900	305141
802,028	304876
802,156	305258
802,284	305225
802,412	304963
802,539	304548
802,667	303832
802,795	304209
802,923	304550
803,051	304761
803,179	304847
803,306	304698
803,434	304272
803,562	303858
803,690	303904
803,818	303947
803,946	303361
804,073	303097
804,201	303761
804,329	302655
804,457	302888
804,585	302963
804,713	303231
804,840	303256
804,968	303390
805,096	303438
805,224	303120
805,352	302892
805,480	302326
805,608	303034
805,735	303139
805,863	302671
805,991	302229
806,119	301963
806,247	302587
806,375	302811
806,502	302419
806,630	302332
806,758	302184
806,886	302422
807,014	302398
807,142	302324
807,269	302363
807,397	302322
807,525	302594
807,653	301893
807,781	302263
807,909	302299
808,036	301790
808,164	302107
808,292	301742
808,420	301617
808,548	301443
808,676	301356
808,803	301197
808,931	301064
809,059	301177
809,187	301203
809,315	301199
809,443	300927
809,570	300801
809,698	301021
809,826	300329
809,954	300629
810,082	300251
810,210	300626
810,337	300617
810,465	300406
810,593	300475
810,721	300531
810,849	300310
810,977	299935
811,104	300104
811,232	300221
811,360	299567
811,488	299337
811,616	299780
811,744	300062
811,871	300123
811,999	299732
812,127	299720
812,255	299779
812,383	299863
812,511	299405
812,638	299068
812,766	299106
812,894	299239
813,022	299386
813,150	299401
813,278	299317
813,406	299140
813,533	298853
813,661	299153
813,789	298923
813,917	298808
814,045	299266
814,173	298760
814,300	298850
814,428	298732
814,556	298799
814,684	298882
814,812	298858
814,940	298825
815,067	298632
815,195	298519
815,323	298581
815,451	298354
815,579	298465
815,707	298379
815,834	298670
815,962	298352
816,090	299044
816,218	298353
816,346	298585
816,474	298514
816,601	298394
816,729	298904
816,857	299198
816,985	298858
817,113	298598
817,241	298728
817,368	298633
817,496	298626
817,624	298317
817,752	298642
817,880	299004
818,008	299029
818,135	298639
818,263	297843
818,391	297821
818,519	298133
818,647	297737
818,775	298257
818,902	298252
819,030	298143
819,158	298054
819,286	297881
819,414	297854
819,542	297965
819,669	297814
819,797	297556
819,925	297645
820,053	297279
820,181	297397
820,309	297398
820,436	297410
820,564	297527
820,692	297232
820,820	297148
820,948	296900
821,076	296824
821,203	297249
821,331	297276
821,459	297602
821,587	297365
821,715	297162
821,843	297314
821,971	297138
822,098	297196
822,226	297196
822,354	297182
822,482	297475
822,610	297210
822,738	297744
822,865	297572
822,993	297289
823,121	297390
823,249	297235
823,377	297251
823,505	296882
823,632	296488
823,760	296411
823,888	296161
824,016	295914
824,144	295652
824,272	295289
824,399	295791
824,527	295226
824,655	295445
824,783	295325
824,911	294680
825,039	294574
825,166	294799
825,294	295291
825,422	294811
825,550	294845
825,678	294605
825,806	294810
825,933	294814
826,061	294708
826,189	295100
826,317	295299
826,445	295271
826,573	295437
826,700	295405
826,828	295644
826,956	295747
827,084	295995
827,212	296029
827,340	295918
827,467	296368
827,595	296350
827,723	296310
827,851	296306
827,979	296397
828,107	296114
828,234	295942
828,362	296185
828,490	295973
828,618	295598
828,746	295875
828,874	295844
829,001	295827
829,129	295571
829,257	295085
829,385	295309
829,513	294983
829,641	294963
829,769	295145
829,896	295356
830,024	294911
830,152	294911
830,280	294812
830,408	294686
830,536	294525
830,663	294442
830,791	294339
830,919	294213
831,047	294045
831,175	294258
831,303	294099
831,430	293806
831,558	293931
831,686	293774
831,814	294307
831,942	294143
832,070	293822
832,197	293633
832,325	293583
832,453	294260
832,581	294495
832,709	294740
832,837	294709
832,964	294683
833,092	294428
833,220	294487
833,348	294664
833,476	294847
833,604	294996
833,731	295102
833,859	295271
833,987	295854
834,115	295760
834,243	296245
834,371	296576
834,498	296583
834,626	296461
834,754	297068
834,882	297276
835,010	297353
835,138	297711
835,265	297812
835,393	297661
835,521	297647
835,649	297469
835,777	297085
835,905	297170
836,032	296942
836,160	296077
836,288	296029
836,416	296165
836,544	295860
836,672	295702
836,799	295740
836,927	295842
837,055	295727
837,183	295285
837,311	295139
837,439	294858
837,567	294764
837,694	294601
837,822	294188
837,950	294046
838,078	293908
838,206	293533
838,334	293247
838,461	293152
838,589	293019
838,717	292814
838,845	292624
838,973	292506
839,101	292355
839,228	292935
839,356	292717
839,484	293152
839,612	293157
839,740	293430
839,868	293233
839,995	293453
840,123	293826
840,251	294232
840,379	294380
840,507	294088
840,635	294991
840,762	294854
840,890	294879
841,018	294558
841,146	294214
841,274	294299
841,402	294612
841,529	294725
841,657	295065
841,785	294747
841,913	295175
842,041	295026
842,169	295226
842,296	295204
842,424	294653
842,552	295010
842,680	295246
842,808	295286
842,936	295092
843,063	294873
843,191	294869
843,319	294758
843,447	294492
843,575	294629
843,703	294818
843,830	294785
843,958	294457
844,086	293786
844,214	293480
844,342	292938
844,470	292299
844,597	291921
844,725	291660
844,853	291423
844,981	291435
845,109	291099
845,237	290941
845,365	290670
845,492	290280
845,620	290012
845,748	290053
845,876	289729
846,004	289545
846,132	289341
846,259	289289
846,387	289439
846,515	289061
846,643	289442
846,771	289223
846,899	289835
847,026	291106
847,154	291660
847,282	291551
847,410	292303
847,538	292869
847,666	292660
847,793	291937
847,921	291339
848,049	291075
848,177	291890
848,305	292626
848,433	293347
848,560	293737
848,688	294228
848,816	294076
848,944	293830
849,072	293394
849,200	293097
849,327	292793
849,455	292357
849,583	291918
849,711	291334
849,839	290598
849,967	290230
850,094	289164
850,222	288775
850,350	288327
850,478	288190
850,606	287915
850,734	287382
850,861	287328
850,989	287777
851,117	288268
851,245	288673
851,373	289166
851,501	289589
851,628	290295
851,756	290933
851,884	291873
852,012	292453
852,140	293103
852,268	293474
852,395	294073
852,523	294734
852,651	294993
852,779	295020
852,907	295451
853,035	295860
853,162	296083
853,290	296446
853,418	295839
853,546	296147
853,674	295802
853,802	295426
853,930	295458
854,057	295148
854,185	294109
854,313	293329
854,441	292843
854,569	292052
854,697	290994
854,824	290205
854,952	289491
855,080	288777
855,208	288255
855,336	288236
855,464	288043
855,591	287760
855,719	287514
855,847	287346
855,975	287335
856,103	287083
856,231	286742
856,358	286587
856,486	286539
856,614	286927
856,742	287596
856,870	287111
856,998	287246
857,125	287912
857,253	287615
857,381	289098
857,509	289193
857,637	289330
857,765	290196
857,892	291146
858,020	291454
858,148	291704
858,276	292541
858,404	293005
858,532	293631
858,659	294225
858,787	294856
858,915	295297
859,043	295546
859,171	296598
859,299	297308
859,426	297401
859,554	297451
859,682	297673
859,810	297650
859,938	297456
860,066	297327
860,193	297499
860,321	297788
860,449	297679
860,577	297364
860,705	297570
860,833	297058
860,960	296266
861,088	295104
861,216	294343
861,344	293080
861,472	291672
861,600	290951
861,728	290367
861,855	289471
861,983	289200
862,111	288644
862,239	288116
862,367	287466
862,495	287509
862,622	286985
862,750	286604
862,878	286214
863,006	286199
863,134	286006
863,262	285827
863,389	286122
863,517	286283
863,645	285738
863,773	285622
863,901	285962
864,029	285752
864,156	286205
864,284	286312
864,412	286372
864,540	286094
864,668	286715
864,796	286630
864,923	286797
865,051	287388
865,179	288105
865,307	288941
865,435	289901
865,563	291054
865,690	292402
865,818	293062
865,946	293506
866,074	293871
866,202	294246
866,330	294956
866,457	295399
866,585	296317
866,713	296685
866,841	296508
866,969	296696
867,097	297133
867,224	297537
867,352	298169
867,480	298776
867,608	299054
867,736	299255
867,864	298632
867,991	299075
868,119	299604
868,247	299168
868,375	298479
868,503	298517
868,631	297687
868,758	296374
868,886	295943
869,014	295457
869,142	294536
869,270	293717
869,398	292628
869,526	291997
869,653	290912
869,781	289403
869,909	288610
870,037	287675
870,165	287273
870,293	285834
870,420	285132
870,548	285214
870,676	284609
870,804	283678
870,932	283341
871,060	283013
871,187	282831
871,315	283392
871,443	282892
871,571	283050
871,699	284154
871,827	285729
871,954	286929
872,082	287425
872,210	287774
872,338	287621
872,466	287735
872,594	288046
872,721	288972
872,849	289583
872,977	290093
873,105	290534
873,233	290504
873,361	291112
873,488	291444
873,616	291806
873,744	293813
873,872	293792
874,000	294489
874,128	295305
874,255	296032
874,383	296379
874,511	296620
874,639	296692
874,767	296710
874,895	296213
875,022	295599
875,150	295216
875,278	294154
875,406	292666
875,534	292164
875,662	291210
875,789	290179
875,917	289194
876,045	287044
876,173	285564
876,301	283613
876,429	281839
876,556	280526
876,684	279508
876,812	278661
876,940	278113
877,068	277608
877,196	277189
877,323	277259
877,451	277303
877,579	277459
877,707	278529
877,835	279545
877,963	280685
878,091	281891
878,218	282842
878,346	283673
878,474	284143
878,602	284258
878,730	284246
878,858	284162
878,985	284489
879,113	285098
879,241	284897
879,369	284115
879,497	284492
879,625	285312
879,752	285440
879,880	286320
880,008	286388
880,136	287342
880,264	288161
880,392	289063
880,519	289815
880,647	290588
880,775	290712
880,903	291345
881,031	292450
881,159	292999
881,286	292491
881,414	291929
881,542	292233
881,670	291931
881,798	290336
881,926	288569
882,053	287505
882,181	286262
882,309	287073
882,437	287577
882,565	287256
882,693	287432
882,820	286115
882,948	285232
883,076	284067
883,204	282061
883,332	280017
883,460	278003
883,587	275951
883,715	274602
883,843	273840
883,971	274030
884,099	274524
884,227	275039
884,354	275043
884,482	275960
884,610	277347
884,738	278289
884,866	279354
884,994	280463
885,121	279807
885,249	278714
885,377	277014
885,505	275794
885,633	275073
885,761	274453
885,889	275024
886,016	275747
886,144	276749
886,272	278399
886,400	281473
886,528	283128
886,656	286063
886,783	286941
886,911	288212
887,039	288510
887,167	288768
887,295	288839
887,423	289469
887,550	289466
887,678	288885
887,806	288336
887,934	287439
888,062	286423
888,190	286204
888,317	285942
888,445	285238
888,573	284032
888,701	282841
888,829	281784
888,957	281060
889,084	280280
889,212	279425
889,340	278590
889,468	277340
889,596	276457
889,724	275211
889,851	274417
889,979	273838
890,107	272966
890,235	272011
890,363	271495
890,491	270849
890,618	268829
890,746	268622
890,874	268871
891,002	267653
891,130	267309
891,258	267763
891,385	268041
891,513	267712
891,641	267858
891,769	268109
891,897	268040
892,025	268449
892,152	268508
892,280	268482
892,408	268937
892,536	269680
892,664	270567
892,792	271719
892,919	272925
893,047	274361
893,175	277751
893,303	278407
893,431	280067
893,559	281975
893,687	283203
893,814	283853
893,942	284214
894,070	284858
894,198	285063
894,326	284603
894,454	284200
894,581	284249
894,709	284217
894,837	283960
894,965	284027
895,093	284231
895,221	284216
895,348	283689
895,476	282871
895,604	282348
895,732	281377
895,860	280315
895,988	279687
896,115	276759
896,243	274051
896,371	269703
896,499	266522
896,627	264858
896,755	264104
896,882	263758
897,010	264102
897,138	263568
897,266	262718
897,394	262004
897,522	261270
897,649	261130
897,777	261134
897,905	261049
898,033	261811
898,161	262067
898,289	261243
898,416	260987
898,544	260798
898,672	261111
898,800	261592
898,928	263898
899,056	265293
899,183	266682
899,311	268020
899,439	270270
899,567	272423
899,695	273803
899,823	275340
899,950	276743
900,078	276999
900,206	276831
900,334	276430
900,462	275364
900,590	274769
900,717	274203
900,845	274986
900,973	275522
901,101	276516
901,229	276328
901,357	278675
901,485	279760
901,612	280582
901,740	280622
901,868	281424
901,996	281695
902,124	281481
902,252	281768
902,379	281738
902,507	282133
902,635	282656
902,763	283003
902,891	283002
903,019	282359
903,146	281939
903,274	281482
903,402	280957
903,530	280292
903,658	278368
903,786	276958
903,913	276763
904,041	276081
904,169	274417
904,297	270213
904,425	265025
904,553	259884
904,680	256393
904,808	254905
904,936	254337
905,064	254461
905,192	254822
905,320	255189
905,447	255232
905,575	254880
905,703	253678
905,831	252406
905,959	252007
906,087	251806
906,214	251092
906,342	251247
906,470	251290
906,598	252098
906,726	251971
906,854	253137
906,981	253471
907,109	255035
907,237	255959
907,365	259185
907,493	262171
907,621	264838
907,748	267086
907,876	268542
908,004	268807
908,132	267495
908,260	264822
908,388	261329
908,515	258146
908,643	257231
908,771	258374
908,899	260285
909,027	262184
909,155	264669
909,283	267076
909,410	266830
909,538	269313
909,666	271143
909,794	273376
909,922	273532
910,050	274642
910,177	274646
910,305	274423
910,433	274066
910,561	273652
910,689	271922
910,817	268537
910,944	265106
911,072	262547
911,200	260088
911,328	258893
911,456	261092
911,584	264215
911,711	265826
911,839	265990
911,967	265610
912,095	264291
912,223	261261
912,351	258529
912,478	255011
912,606	251620
912,734	250376
912,862	249336
912,990	248184
913,118	245901
913,245	244467
913,373	242081
913,501	240879
913,629	239605
913,757	239155
913,885	238823
914,012	239099
914,140	239385
914,268	239468
914,396	239822
914,524	240132
914,652	239714
914,779	239006
914,907	239274
915,035	239244
915,163	239205
915,291	239898
915,419	241829
915,546	241010
915,674	241687
915,802	241107
915,930	241233
916,058	240308
916,186	240364
916,313	240422
916,441	240531
916,569	240484
916,697	241444
916,825	241977
916,953	242221
917,080	242954
917,208	244236
917,336	246027
917,464	247463
917,592	249029
917,720	250584
917,848	250258
917,975	248745
918,103	246230
918,231	244517
918,359	244407
918,487	243190
918,615	242571
918,742	243641
918,870	244103
918,998	244386
919,126	246048
919,254	245763
919,382	245623
919,509	244451
919,637	243723
919,765	243268
919,893	242406
920,021	242129
920,149	243071
920,276	244465
920,404	245924
920,532	247505
920,660	248036
920,788	247561
920,916	247112
921,043	246153
921,171	243823
921,299	240643
921,427	237976
921,555	235768
921,683	237474
921,810	239908
921,938	242566
922,066	244257
922,194	244194
922,322	242924
922,450	239999
922,577	237288
922,705	237268
922,833	238378
922,961	239052
923,089	239740
923,217	239673
923,344	239793
923,472	239562
923,600	240249
923,728	241172
923,856	242034
923,984	242785
924,111	243224
924,239	244013
924,367	243762
924,495	242819
924,623	241965
924,751	241584
924,878	240932
925,006	241633
925,134	241600
925,262	241659
925,390	239948
925,518	239353
925,646	239012
925,773	237188
925,901	234193
926,029	230756
926,157	226313
926,285	222217
926,413	219565
926,540	217380
926,668	216218
926,796	216038
926,924	216701
927,052	217361
927,180	216259
927,307	213582
927,435	211625
927,563	209709
927,691	208528
927,819	208824
927,947	208845
928,074	209607
928,202	210685
928,330	211510
928,458	212609
928,586	213538
928,714	213656
928,841	213496
928,969	213538
929,097	213180
929,225	212880
929,353	211958
929,481	212030
929,608	213995
929,736	216791
929,864	217631
929,992	217995
930,120	217451
930,248	217180
930,375	217928
930,503	219708
930,631	220996
930,759	221770
930,887	222050
931,015	222333
931,142	222620
931,270	222681
931,398	222652
931,526	222375
931,654	222486
931,782	223327
931,909	223725
932,037	223579
932,165	223587
932,293	223508
932,421	222984
932,549	222848
932,676	222892
932,804	222847
932,932	222622
933,060	222299
933,188	221726
933,316	222052
933,444	223055
933,571	223384
933,699	223924
933,827	224630
933,955	224007
934,083	224499
934,211	223947
934,338	223583
934,466	222864
934,594	222564
934,722	221511
934,850	220514
934,978	218973
935,105	218106
935,233	216425
935,361	215084
935,489	214505
935,617	213400
935,745	211516
935,872	209127
936,000	207081
936,128	205335
936,256	203468
936,384	201569
936,512	199982
936,639	198885
936,767	198240
936,895	198323
937,023	199151
937,151	200606
937,279	202324
937,406	203834
937,534	205777
937,662	206801
937,790	207609
937,918	208066
938,046	208721
938,173	209746
938,301	211292
938,429	212440
938,557	212860
938,685	213544
938,813	215010
938,940	216786
939,068	218640
939,196	220210
939,324	221601
939,452	222006
939,580	222471
939,707	223352
939,835	224221
939,963	224778
940,091	225246
940,219	225033
940,347	224437
940,474	223839
940,602	222890
940,730	221474
940,858	220686
940,986	219663
941,114	218437
941,241	216678
941,369	214899
941,497	212118
941,625	209795
941,753	207111
941,881	204320
942,009	201637
942,136	199435
942,264	197101
942,392	195141
942,520	193173
942,648	191354
942,776	189191
942,903	187580
943,031	186903
943,159	186236
943,287	186061
943,415	186454
943,543	187215
943,670	187533
943,798	188463
943,926	188924
944,054	189122
944,182	189507
944,310	189760
944,437	190184
944,565	190153
944,693	190634
944,821	191009
944,949	190845
945,077	190649
945,204	190454
945,332	190194
945,460	190990
945,588	192394
945,716	193375
945,844	194804
945,971	196814
946,099	199081
946,227	201886
946,355	204637
946,483	206919
946,611	208176
946,738	209280
946,866	210536
946,994	211545
947,122	212725
947,250	213539
947,378	215050
947,505	216796
947,633	217907
947,761	218764
947,889	218800
948,017	219281
948,145	219620
948,272	220262
948,400	220094
948,528	220085
948,656	219977
948,784	219796
948,912	219325
949,039	218846
949,167	218694
949,295	218912
949,423	218772
949,551	218664
949,679	218817
949,807	218703
949,934	218058
950,062	216986
950,190	215538
950,318	214436
950,446	213305
950,574	213079
950,701	212002
950,829	211309
950,957	210252
951,085	208333
951,213	206244
951,341	204275
951,468	202440
951,596	200661
951,724	199261
951,852	198371
951,980	197339
952,108	196503
952,235	195554
952,363	193784
952,491	191981
952,619	189802
952,747	188323
952,875	186970
953,002	185502
953,130	183829
953,258	182135
953,386	180335
953,514	178680
953,642	177741
953,769	177267
953,897	176852
954,025	176760
954,153	176957
954,281	177411
954,409	177732
954,536	179217
954,664	180580
954,792	181648
954,920	182586
955,048	183278
955,176	184256
955,303	186089
955,431	188008
955,559	190316
955,687	191814
955,815	192568
955,943	192840
956,070	192619
956,198	192028
956,326	191098
956,454	190552
956,582	191213
956,710	192340
956,837	193348
956,965	194405
957,093	194848
957,221	194880
957,349	195491
957,477	195813
957,605	196382
957,732	197221
957,860	197417
957,988	197776
958,116	198313
958,244	198869
958,372	199153
958,499	198979
958,627	199156
958,755	199804
958,883	200332
959,011	200567
959,139	200765
959,266	200137
959,394	199371
959,522	199499
959,650	199062
959,778	198222
959,906	197555
960,033	196059
960,161	194425
960,289	192973
960,417	191372
960,545	190067
960,673	188673
960,800	187408
960,928	185632
961,056	183334
961,184	181320
961,312	179454
961,440	176702
961,567	173717
961,695	171577
961,823	169812
961,951	169324
962,079	168797
962,207	167689
962,334	168472
962,462	169963
962,590	171450
962,718	172246
962,846	173319
962,974	172569
963,101	169671
963,229	167327
963,357	166228
963,485	165989
963,613	166367
963,741	167214
963,868	168996
963,996	171078
964,124	172430
964,252	174406
964,380	177082
964,508	179435
964,635	180979
964,763	182739
964,891	184460
965,019	185658
965,147	187349
965,275	189346
965,403	190550
965,530	191420
965,658	192594
965,786	192872
965,914	192462
966,042	191314
966,170	189964
966,297	189009
966,425	187494
966,553	185486
966,681	183651
966,809	181177
966,937	179170
967,064	177254
967,192	175258
967,320	173438
967,448	171428
967,576	169704
967,704	167523
967,831	164926
967,959	162261
968,087	160640
968,215	158557
968,343	157035
968,471	156315
968,598	156034
968,726	155679
968,854	155390
968,982	155252
969,110	155205
969,238	155668
969,365	156525
969,493	157753
969,621	159648
969,749	161751
969,877	163457
970,005	164519
970,132	164536
970,260	164342
970,388	164570
970,516	166115
970,644	167154
970,772	168179
970,899	169023
971,027	169415
971,155	170308
971,283	171114
971,411	171841
971,539	172660
971,666	173454
971,794	174289
971,922	175577
972,050	177282
972,178	178840
972,306	179547
972,433	179868
972,561	180215
972,689	181054
972,817	181880
972,945	182751
973,073	183477
973,201	183100
973,328	183011
973,456	182952
973,584	181388
973,712	180497
973,840	179583
973,968	179309
974,095	178882
974,223	178435
974,351	178296
974,479	178697
974,607	178861
974,735	178503
974,862	177798
974,990	176767
975,118	175389
975,246	173910
975,374	172138
975,502	169908
975,629	166702
975,757	163129
975,885	159447
976,013	156532
976,141	153165
976,269	150778
976,396	149175
976,524	147694
976,652	146526
976,780	145420
976,908	143709
977,036	142505
977,163	141808
977,291	140987
977,419	140382
977,547	139964
977,675	139522
977,803	139400
977,930	139239
978,058	139220
978,186	139525
978,314	139738
978,442	140077
978,570	140267
978,697	140045
978,825	140170
978,953	139350
979,081	138783
979,209	137906
979,337	137268
979,464	137705
979,592	138036
979,720	138742
979,848	139531
979,976	141145
980,104	141922
980,231	142988
980,359	144257
980,487	145111
980,615	145897
980,743	146477
980,871	146416
980,998	146472
981,126	146513
981,254	146701
981,382	147272
981,510	148045
981,638	149510
981,766	151628
981,893	153276
982,021	154511
982,149	155397
982,277	156308
982,405	157121
982,533	157270
982,660	158383
982,788	159235
982,916	159183
983,044	159695
983,172	159735
983,300	160543
983,427	161237
983,555	162159
983,683	162237
983,811	162319
983,939	162387
984,067	162012
984,194	161369
984,322	161138
984,450	160727
984,578	159916
984,706	158886
984,834	157641
984,961	156195
985,089	154877
985,217	153624
985,345	151728
985,473	149561
985,601	147798
985,728	145595
985,856	142787
985,984	139780
986,112	135885
986,240	132943
986,368	131187
986,495	130128
986,623	128694
986,751	127789
986,879	126450
987,007	125669
987,135	124573
987,262	123697
987,390	123200
987,518	122404
987,646	121794
987,774	120844
987,902	120270
988,029	119639
988,157	118630
988,285	117621
988,413	117061
988,541	116716
988,669	116172
988,796	115780
988,924	115919
989,052	116256
989,180	116700
989,308	117180
989,436	117497
989,564	118737
989,691	119808
989,819	120753
989,947	121988
990,075	123495
990,203	125249
990,331	126926
990,458	130005
990,586	132990
990,714	134528
990,842	136484
990,970	138037
991,098	138931
991,225	140353
991,353	139869
991,481	139808
991,609	139929
991,737	139642
991,865	139439
991,992	138889
992,120	137896
992,248	136745
992,376	135829
992,504	135305
992,632	135099
992,759	135081
992,887	134961
993,015	134688
993,143	134302
993,271	133880
993,399	133677
993,526	133362
993,654	133245
993,782	132365
993,910	131542
994,038	129571
994,166	128298
994,293	125466
994,421	122558
994,549	119679
994,677	116722
994,805	114044
994,933	112134
995,060	109878
995,188	108177
995,316	106638
995,444	105408
995,572	103954
995,700	102708
995,827	100901
995,955	99728,1
996,083	99028,1
996,211	98741,4
996,339	98416,7
996,467	98208,5
996,594	97907,9
996,722	97569,6
996,850	97082,9
996,978	96700,5
997,106	96197,9
997,234	95577,3
997,362	95517
997,489	96104,4
997,617	97159
997,745	98649,9
997,873	100450
998,001	101982
998,129	103010
998,256	104527
998,384	106820
998,512	108666
998,640	111109
998,768	112035
998,896	112036
999,023	110315
999,151	108411
999,279	105587
999,407	102942
999,535	101482
999,663	101493
999,790	102448
999,918	103293
1000,046	104871
1000,174	106636
1000,302	108846
1000,430	111276
1000,557	112286
1000,685	113140
1000,813	113298
1000,941	113325
1001,069	112772
1001,197	112178
1001,324	111353
1001,452	110712
1001,580	109339
1001,708	107932
1001,836	106934
1001,964	105789
1002,091	104799
1002,219	103936
1002,347	102943
1002,475	101718
1002,603	100595
1002,731	99585
1002,858	98196,5
1002,986	96973,5
1003,114	95679,4
1003,242	94589,3
1003,370	93397,2
1003,498	92731,4
1003,625	91702,8
1003,753	90632
1003,881	89380,5
1004,009	88047,6
1004,137	86690,9
1004,265	85422
1004,392	84028
1004,520	82974,8
1004,648	81973,9
1004,776	81596,5
1004,904	80612,6
1005,032	79756,3
1005,160	79480,6
1005,287	78960,9
1005,415	78209,7
1005,543	78123,1
1005,671	78164
1005,799	77670,2
1005,927	77537,8
1006,054	77472,1
1006,182	77343,9
1006,310	77172
1006,438	77362,1
1006,566	77595,7
1006,694	77932,8
1006,821	78650,2
1006,949	79575
1007,077	80150,5
1007,205	80648
1007,333	81175,3
1007,461	82012,8
1007,588	83233,9
1007,716	84355,2
1007,844	85676,2
1007,972	87211,6
1008,100	88095,7
1008,228	88533,5
1008,355	88380,2
1008,483	87551,8
1008,611	86865
1008,739	86401,5
1008,867	86496,7
1008,995	86948,7
1009,122	87499
1009,250	87544,9
1009,378	87101
1009,506	87154
1009,634	87814,6
1009,762	88351,8
1009,889	88156,3
1010,017	86501,5
1010,145	86068
1010,273	86325,9
1010,401	86775,9
1010,529	86347,8
1010,656	85339,8
1010,784	83792,2
1010,912	82291,3
1011,040	81354,9
1011,168	80893,5
1011,296	81044,2
1011,423	81690,4
1011,551	82443,2
1011,679	82062,7
1011,807	80943,9
1011,935	79018,8
1012,063	76716,5
1012,190	74068,7
1012,318	71311
1012,446	68870,2
1012,574	67178,3
1012,702	65482,9
1012,830	64273,6
1012,957	62788,1
1013,085	61663,7
1013,213	61064,2
1013,341	60456,3
1013,469	60077,2
1013,597	59949,3
1013,725	59903,3
1013,852	59969,3
1013,980	60007,3
1014,108	60152,9
1014,236	60203,9
1014,364	59787,3
1014,492	59362,8
1014,619	59155
1014,747	58909,8
1014,875	58706,4
1015,003	58457,1
1015,131	58295,5
1015,259	58313,5
1015,386	58154,2
1015,514	57761,3
1015,642	57536,5
1015,770	57554,9
1015,898	57469,9
1016,026	57160,5
1016,153	56901,8
1016,281	56669,1
1016,409	56491
1016,537	56435,1
1016,665	56324,1
1016,793	56392,6
1016,920	56391,4
1017,048	56528,8
1017,176	56573,6
1017,304	56410
1017,432	56697,8
1017,560	57516,5
1017,687	59230,1
1017,815	62127,5
1017,943	63843,3
1018,071	63826,3
1018,199	62896,8
1018,327	62113,2
1018,454	60763,2
1018,582	60103,8
1018,710	60174,5
1018,838	60865,8
1018,966	61316,1
1019,094	62374
1019,221	62012,5
1019,349	61682,9
1019,477	60993,7
1019,605	60164
1019,733	59725,5
1019,861	59722,5
1019,988	59781,1
1020,116	60101,9
1020,244	60421,1
1020,372	60090
1020,500	60152,3
1020,628	59086,5
1020,755	58122,7
1020,883	57550,3
1021,011	56459,5
1021,139	56097
1021,267	56377,5
1021,395	57217,1
1021,523	57638,1
1021,650	56968,8
1021,778	56467,7
1021,906	56200,7
1022,034	55922,2
1022,162	55530,1
1022,290	55161,1
1022,417	54327,8
1022,545	53457,9
1022,673	52417,3
1022,801	51257,3
1022,929	49772,3
1023,057	48433
1023,184	47753,8
1023,312	47635,5
1023,440	47738,2
1023,568	47595,4
1023,696	46678,3
1023,824	45204,4
1023,951	43770,1
1024,079	42917,5
1024,207	42458,8
1024,335	42305,6
1024,463	42427,3
1024,591	42909,2
1024,718	43605,3
1024,846	44087,5
1024,974	44061,5
1025,102	43438,8
1025,230	42560,8
1025,358	41800,6
1025,485	41188,5
1025,613	40774,1
1025,741	40595,1
1025,869	40488,5
1025,997	40363
1026,125	40259,3
1026,252	40282
1026,380	40417,6
1026,508	40643,1
1026,636	40776,4
1026,764	40738,3
1026,892	40481
1027,019	40369,9
1027,147	40339,8
1027,275	40482,6
1027,403	40293,2
1027,531	40213,3
1027,659	40271,2
1027,786	40391,9
1027,914	40314,3
1028,042	40087,8
1028,170	39828,1
1028,298	39632,8
1028,426	39568
1028,553	39458,3
1028,681	39491
1028,809	39582,4
1028,937	39607,1
1029,065	39500,7
1029,193	39286,6
1029,321	38821
1029,448	38517,1
1029,576	38380,2
1029,704	38056,1
1029,832	38073,4
1029,960	38307,1
1030,088	38582,5
1030,215	38912,4
1030,343	39054,3
1030,471	39079,6
1030,599	38816,1
1030,727	38332
1030,855	37716,4
1030,982	37165
1031,110	36708,1
1031,238	36328,2
1031,366	36193
1031,494	36358,7
1031,622	36597,1
1031,749	36712,9
1031,877	36949,5
1032,005	36939,2
1032,133	36737,8
1032,261	36529,6
1032,389	36300,9
1032,516	35944,8
1032,644	35644,4
1032,772	35661,4
1032,900	36137,5
1033,028	36652,4
1033,156	37041,8
1033,283	37399,9
1033,411	37464,1
1033,539	37130,1
1033,667	36711,9
1033,795	36004,3
1033,923	34823,7
1034,050	33645,7
1034,178	33200,5
1034,306	33170,8
1034,434	33422,7
1034,562	33727,6
1034,690	33989,8
1034,817	33652,3
1034,945	33155,5
1035,073	32575,6
1035,201	32101,7
1035,329	31901,8
1035,457	31983,5
1035,584	32146
1035,712	32094,4
1035,840	32205,1
1035,968	32125,4
1036,096	32155,3
1036,224	32166,2
1036,351	32333,5
1036,479	32335
1036,607	32547,5
1036,735	33134,4
1036,863	33750,2
1036,991	34028,2
1037,119	34178
1037,246	34158,8
1037,374	34080,8
1037,502	34070
1037,630	33910,5
1037,758	33942,5
1037,886	33825,9
1038,013	33704,7
1038,141	33571,9
1038,269	33218,8
1038,397	32956,4
1038,525	32746,3
1038,653	32144
1038,780	31487,6
1038,908	30873
1039,036	30751,3
1039,164	30614,6
1039,292	30632,1
1039,420	30736,4
1039,547	30552,3
1039,675	30113,3
1039,803	29470,6
1039,931	28742,6
1040,059	27842,7
1040,187	27156,1
1040,314	26620,2
1040,442	26017,9
1040,570	25627,2
1040,698	25342,7
1040,826	25045,9
1040,954	24819,3
1041,081	24491,5
1041,209	24483
1041,337	24299,1
1041,465	24134,2
1041,593	23914,5
1041,721	23802,9
1041,848	23653,4
1041,976	23454,3
1042,104	23175,6
1042,232	23119,5
1042,360	22957,1
1042,488	22735,7
1042,615	22481,6
1042,743	22294,3
1042,871	22259,9
1042,999	22199,1
1043,127	22201,7
1043,255	22243,6
1043,382	22188,4
1043,510	22038,4
1043,638	22012
1043,766	22020,5
1043,894	21923,7
1044,022	21773,3
1044,149	21598,7
1044,277	21477,9
1044,405	21450,7
1044,533	21486,7
1044,661	21521,3
1044,789	21437,5
1044,916	21250
1045,044	21115,8
1045,172	21036,2
1045,300	20977,8
1045,428	21064,3
1045,556	21032,9
1045,684	20910
1045,811	20699,6
1045,939	20610,2
1046,067	20590,5
1046,195	20514,8
1046,323	20468,2
1046,451	20459
1046,578	20413,9
1046,706	20342
1046,834	20341,6
1046,962	20434,5
1047,090	20552,1
1047,218	20603,1
1047,345	20661,8
1047,473	20737,3
1047,601	20653,8
1047,729	20608,2
1047,857	20631
1047,985	20691,1
1048,112	20639,8
1048,240	20592,3
1048,368	20548,2
1048,496	20580,2
1048,624	20601
1048,752	20441,6
1048,879	20260,4
1049,007	20067,4
1049,135	19689
1049,263	19361
1049,391	18996,4
1049,519	18610,8
1049,646	18208,5
1049,774	18027,6
1049,902	17856,3
1050,030	17600,3
1050,158	17484,4
1050,286	17325,9
1050,413	17129,7
1050,541	16963,6
1050,669	16849,9
1050,797	16728
1050,925	16579,6
1051,053	16445,2
1051,180	16266,7
1051,308	16139,4
1051,436	16084
1051,564	15990,4
1051,692	15888,3
1051,820	15790,6
1051,947	15725,8
1052,075	15644,4
1052,203	15572,4
1052,331	15571
1052,459	15587
1052,587	15569,3
1052,714	15490,9
1052,842	15321,3
1052,970	15217,7
1053,098	15191,8
1053,226	15117
1053,354	14975
1053,482	14957,5
1053,609	14854,6
1053,737	14904
1053,865	14821,7
1053,993	14778,4
1054,121	14802,8
1054,249	14838,8
1054,376	14921,1
1054,504	14969,5
1054,632	15034
1054,760	15145,4
1054,888	15195,1
1055,016	15203,8
1055,143	15227,1
1055,271	15263,7
1055,399	15296,9
1055,527	15370
1055,655	15322,8
1055,783	15363,9
1055,910	15377
1056,038	15398,5
1056,166	15368,4
1056,294	15235,4
1056,422	15200,3
1056,550	15258,9
1056,677	15215,4
1056,805	15260,5
1056,933	15420,4
1057,061	15449,7
1057,189	15507,2
1057,317	15598
1057,444	15702,3
1057,572	15775,8
1057,700	15881,7
1057,828	15854
1057,956	15998,6
1058,084	15917,8
1058,211	16007,6
1058,339	16068,5
1058,467	16088,2
1058,595	16034,2
1058,723	15988,9
1058,851	16032,4
1058,978	15959,2
1059,106	15891
1059,234	15856,8
1059,362	15808,6
1059,490	15710,8
1059,618	15555,6
1059,745	15471
1059,873	15404,9
1060,001	15351,2
1060,129	15290,2
1060,257	15222,2
1060,385	15185,4
1060,512	15151,2
1060,640	15095,6
1060,768	15018,6
1060,896	14912,8
1061,024	14844,9
1061,152	14735
1061,280	14603,3
1061,407	14577,2
1061,535	14489,5
1061,663	14364,9
1061,791	14325,1
1061,919	14149,3
1062,047	14021,9
1062,174	13963,8
1062,302	13889,5
1062,430	13649,5
1062,558	13481,7
1062,686	13394
1062,814	13228,7
1062,941	13133,6
1063,069	12961,5
1063,197	12743,4
1063,325	12648,8
1063,453	12446,1
1063,581	12314,3
1063,708	12193,4
1063,836	12072,7
1063,964	11963,7
1064,092	11865,6
1064,220	11845,4
1064,348	11740,3
1064,475	11732,9
1064,603	11663,4
1064,731	11608,8
1064,859	11536,8
1064,987	11425,5
1065,115	11347,5
1065,242	11267,2
1065,370	11235,1
1065,498	11189,6
1065,626	11132,5
1065,754	11118,9
1065,882	11119,8
1066,009	11107,1
1066,137	11071,4
1066,265	11069,9
1066,393	11015,4
1066,521	10987,2
1066,649	10970
1066,776	10957,2
1066,904	10997
1067,032	10997,6
1067,160	11014,3
1067,288	11020,6
1067,416	11009,7
1067,543	11027
1067,671	10997,4
1067,799	10989,6
1067,927	11006,2
1068,055	10997,4
1068,183	11043,7
1068,310	11046,4
1068,438	11068,2
1068,566	11129,2
1068,694	11166,7
1068,822	11131,9
1068,950	11146,6
1069,077	11149,6
1069,205	11162,8
1069,333	11259,3
1069,461	11196,1
1069,589	11275,9
1069,717	11353,5
1069,845	11354,2
1069,972	11348,6
1070,100	11322,7
1070,228	11293
1070,356	11265,5
1070,484	11273,4
1070,612	11245,7
1070,739	11187,3
1070,867	11072,4
1070,995	10962,1
1071,123	10949,7
1071,251	10919,8
1071,379	10949,8
1071,506	10912,1
1071,634	10811,5
1071,762	10706,9
1071,890	10611,7
1072,018	10493,4
1072,146	10371,2
1072,273	10229,8
1072,401	10081,9
1072,529	9952,74
1072,657	9844,78
1072,785	9773,96
1072,913	9686,6
1073,040	9595,33
1073,168	9517,03
1073,296	9439,2
1073,424	9370,56
1073,552	9271,73
1073,680	9210,8
1073,807	9173,26
1073,935	9120
1074,063	9052,39
1074,191	9010,87
1074,319	8990,67
1074,447	9018,47
1074,574	8988,49
1074,702	8953,16
1074,830	8929
1074,958	8909,71
1075,086	8950,57
1075,214	8918,09
1075,341	8931,25
1075,469	8954,88
1075,597	8940,28
1075,725	8969,68
1075,853	8996,83
1075,981	9040,31
1076,108	9034,81
1076,236	9055,2
1076,364	9023,89
1076,492	9073,14
1076,620	9068,63
1076,748	9041,86
1076,875	9066,26
1077,003	9059,38
1077,131	9129,92
1077,259	9153,67
1077,387	9193,17
1077,515	9226,61
1077,643	9274,2
1077,770	9281,12
1077,898	9305,47
1078,026	9263,47
1078,154	9300,88
1078,282	9301,28
1078,410	9367,91
1078,537	9322,5
1078,665	9306,43
1078,793	9349,72
1078,921	9356,35
1079,049	9347,83
1079,177	9396,58
1079,304	9426,56
1079,432	9436,24
1079,560	9418,52
1079,688	9393,51
1079,816	9358,52
1079,944	9341,91
1080,071	9331,63
1080,199	9327,01
1080,327	9268,53
1080,455	9216,06
1080,583	9250,19
1080,711	9228,99
1080,838	9185,27
1080,966	9158,56
1081,094	9174,94
1081,222	9145,27
1081,350	9062,62
1081,478	9042,4
1081,605	9006,29
1081,733	8973,43
1081,861	8938,05
1081,989	8932,3
1082,117	8941,73
1082,245	8924,66
1082,372	8938,55
1082,500	8906,71
1082,628	8874,41
1082,756	8837,53
1082,884	8771,69
1083,012	8743,31
1083,139	8704,27
1083,267	8654,78
1083,395	8633,53
1083,523	8629,22
1083,651	8603,07
1083,779	8566,46
1083,906	8497,69
1084,034	8458,33
1084,162	8455,48
1084,290	8450
1084,418	8411,76
1084,546	8390,64
1084,673	8353,67
1084,801	8320,29
1084,929	8287,24
1085,057	8290,75
1085,185	8265,71
1085,313	8245,35
1085,441	8242,91
1085,568	8222,06
1085,696	8208,84
1085,824	8113,89
1085,952	8134,09
1086,080	8152,57
1086,208	8137,1
1086,335	8150,29
1086,463	8051,9
1086,591	8033,32
1086,719	8045,96
1086,847	8042,2
1086,975	8024,43
1087,102	8029,75
1087,230	7983,48
1087,358	7996,68
1087,486	8008,3
1087,614	8011,34
1087,742	8012,43
1087,869	8020,53
1087,997	7973,6
1088,125	7982,03
1088,253	7956,1
1088,381	7940,83
1088,509	7889,91
1088,636	7927,63
1088,764	7876,67
1088,892	7901,37
1089,020	7890,63
1089,148	7911,04
1089,276	7881,7
1089,403	7918,1
1089,531	7912,94
1089,659	7898,56
1089,787	7888,02
1089,915	7875,69
1090,043	7867,46
1090,170	7863,48
1090,298	7828,51
1090,426	7857,46
1090,554	7835,57
1090,682	7853,24
1090,810	7863,95
1090,937	7774,62
1091,065	7818,72
1091,193	7850,07
1091,321	7795,09
1091,449	7834,22
1091,577	7761,88
1091,704	7788,94
1091,832	7757,12
1091,960	7723,83
1092,088	7727,42
1092,216	7704,31
1092,344	7672,34
1092,471	7664,99
1092,599	7676,76
1092,727	7705,63
1092,855	7623,23
1092,983	7603,82
1093,111	7620,9
1093,239	7562,26
1093,366	7536,72
1093,494	7432,15
1093,622	7425,36
1093,750	7371,81
1093,878	7388,05
1094,006	7368,18
1094,133	7357,59
1094,261	7294,72
1094,389	7302,41
1094,517	7297,35
1094,645	7307,52
1094,773	7283,81
1094,900	7305,05
1095,028	7237,62
1095,156	7194,63
1095,284	7184,03
1095,412	7176,51
1095,540	7146,92
1095,667	7132,56
1095,795	7136,56
1095,923	7142,66
1096,051	7104,49
1096,179	7078,05
1096,307	7049,42
1096,434	7064,92
1096,562	7055,56
1096,690	7061,28
1096,818	7040,52
1096,946	7060,74
1097,074	7045,56
1097,201	7049,98
1097,329	6989,27
1097,457	7036,83
1097,585	7030,72
1097,713	7025,17
1097,841	7071,26
1097,968	7070,44
1098,096	7071,87
1098,224	7037,18
1098,352	7051,52
1098,480	7058,64
1098,608	7045,12
1098,735	7083,74
1098,863	7026,05
1098,991	7044,79
1099,119	7042,29
1099,247	7054,5
1099,375	7075,01
1099,502	7081,12
1099,630	7067,22
1099,758	7088,17
1099,886	7023,28
1100,014	7037,56
