350,000	5493,6
350,139	5492,7
350,279	5483,6
350,418	5486,6
350,558	5481,1
350,697	5491,5
350,837	5481,8
350,976	5492,1
351,115	5490,1
351,255	5486,5
351,394	5488,5
351,534	5483,8
351,673	5497,1
351,813	5496,6
351,952	5500,9
352,091	5484
352,231	5491,9
352,370	5498,7
352,510	5497,9
352,649	5497,9
352,789	5504,1
352,928	5491,2
353,068	5496
353,207	5495,1
353,346	5495,4
353,486	5498,5
353,625	5493,7
353,765	5493,3
353,904	5495,4
354,044	5497,1
354,183	5501,4
354,322	5500
354,462	5499,9
354,601	5495,6
354,741	5491,4
354,880	5509,9
355,020	5509,6
355,159	5501,8
355,298	5499,2
355,438	5494,5
355,577	5492,3
355,717	5496
355,856	5499,4
355,996	5496,8
356,135	5498,2
356,274	5505,5
356,414	5509,5
356,553	5507,3
356,693	5505,8
356,832	5494,7
356,972	5497,5
357,111	5508,9
357,251	5507,5
357,390	5502,9
357,529	5509,7
357,669	5510,6
357,808	5504,2
357,948	5505,2
358,087	5503,8
358,227	5508,5
358,366	5509,6
358,505	5503,5
358,645	5508,3
358,784	5508
358,924	5510,1
359,063	5506,2
359,203	5507
359,342	5513,3
359,481	5507,8
359,621	5505,9
359,760	5504,8
359,900	5505,9
360,039	5509,4
360,179	5512,2
360,318	5508,2
360,457	5504,9
360,597	5516,2
360,736	5503
360,876	5503,7
361,015	5509
361,155	5506,2
361,294	5506,6
361,434	5508,3
361,573	5511,6
361,712	5521,6
361,852	5514,6
361,991	5511,9
362,131	5525,5
362,270	5515,9
362,410	5511,7
362,549	5507,9
362,688	5508,7
362,828	5507,3
362,967	5509,2
363,107	5509,8
363,246	5509,8
363,386	5509,7
363,525	5507,4
363,664	5521,2
363,804	5515,4
363,943	5508,6
364,083	5511,5
364,222	5510,6
364,362	5521,3
364,501	5521,5
364,640	5525,4
364,780	5519,5
364,919	5516,6
365,059	5518,8
365,198	5521,6
365,338	5527,1
365,477	5525,5
365,616	5519,7
365,756	5528,2
365,895	5533
366,035	5522,8
366,174	5520
366,314	5532,9
366,453	5528,8
366,593	5526,1
366,732	5514,3
366,871	5520
367,011	5518,8
367,150	5521,6
367,290	5526,1
367,429	5524,5
367,569	5528,5
367,708	5535,8
367,847	5528,5
367,987	5523
368,126	5523,1
368,266	5527,6
368,405	5533,5
368,545	5530,2
368,684	5523,9
368,823	5526,6
368,963	5527,2
369,102	5526,8
369,242	5531,2
369,381	5531
369,521	5519,8
369,660	5521,7
369,799	5527
369,939	5528,5
370,078	5534,9
370,218	5531,6
370,357	5535,3
370,497	5535,3
370,636	5530,7
370,776	5468,5
370,915	5459
371,054	5456,6
371,194	5466,3
371,333	5467,5
371,473	5463,5
371,612	5465
371,752	5460,8
371,891	5465,9
372,030	5466,3
372,170	5462,8
372,309	5464
372,449	5469,7
372,588	5475
372,728	5472,9
372,867	5472,3
373,006	5470
373,146	5485,8
373,285	5474,7
373,425	5470,1
373,564	5465,9
373,704	5470,3
373,843	5471,6
373,982	5460,2
374,122	5463,4
374,261	5474,1
374,401	5474,4
374,540	5472
374,680	5481,9
374,819	5477,7
374,959	5472
375,098	5471,4
375,237	5473,8
375,377	5477,6
375,516	5478
375,656	5472,3
375,795	5477,5
375,935	5487,2
376,074	5473,1
376,213	5481,8
376,353	5479
376,492	5475,2
376,632	5473,1
376,771	5463,8
376,911	5464,6
377,050	5473,1
377,189	5472,8
377,329	5482,8
377,468	5487,5
377,608	5484,3
377,747	5485,5
377,887	5485
378,026	5478,9
378,165	5480,9
378,305	5486,1
378,444	5484,3
378,584	5482,3
378,723	5486,5
378,863	5483,9
379,002	5474,9
379,141	5496,4
379,281	5479,4
379,420	5471,4
379,560	5488
379,699	5486,2
379,839	5491,6
379,978	5495,4
380,118	5490
380,257	5487,8
380,396	5493,1
380,536	5486
380,675	5484,8
380,815	5498
380,954	5490,4
381,094	5493,5
381,233	5490,7
381,372	5486,2
381,512	5487,9
381,651	5487,4
381,791	5483,3
381,930	5487,4
382,070	5498,6
382,209	5492,9
382,348	5503,7
382,488	5502,2
382,627	5486,4
382,767	5492,2
382,906	5492,5
383,046	5494,1
383,185	5501,4
383,324	5500,8
383,464	5497,1
383,603	5501,3
383,743	5498,9
383,882	5502,1
384,022	5500,7
384,161	5509,1
384,301	5484,1
384,440	5492,4
384,579	5501,2
384,719	5495,4
384,858	5501
384,998	5500,2
385,137	5489,8
385,277	5502,8
385,416	5520,9
385,555	5515,6
385,695	5502,2
385,834	5504,2
385,974	5508,6
386,113	5508
386,253	5498,4
386,392	5513
386,531	5513,8
386,671	5500,8
386,810	5504,7
386,950	5515,8
387,089	5510,3
387,229	5509,5
387,368	5503,7
387,507	5508,3
387,647	5504,1
387,786	5508,5
387,926	5501,6
388,065	5505,8
388,205	5508,1
388,344	5501,7
388,484	5501,3
388,623	5515,2
388,762	5533,2
388,902	5521,9
389,041	5512,5
389,181	5516,2
389,320	5518,3
389,460	5506,3
389,599	5509,4
389,738	5520,9
389,878	5516,7
390,017	5512,4
390,157	5525,7
390,296	5529,7
390,436	5514,3
390,575	5521,5
390,714	5536
390,854	5524,2
390,993	5532,3
391,133	5522,9
391,272	5530,8
391,412	5526,9
391,551	5518
391,690	5517,8
391,830	5519,7
391,969	5516,8
392,109	5516
392,248	5523,4
392,388	5521,9
392,527	5517
392,666	5529,6
392,806	5535,5
392,945	5521,2
393,085	5516,9
393,224	5528,7
393,364	5538,2
393,503	5532
393,643	5523
393,782	5533,2
393,921	5530,2
394,061	5541,8
394,200	5530,6
394,340	5532,9
394,479	5540,7
394,619	5555,1
394,758	5544
394,897	5533,9
395,037	5531,1
395,176	5532,2
395,316	5543,4
395,455	5544,7
395,595	5548,9
395,734	5529,6
395,873	5553,4
396,013	5534,3
396,152	5542,6
396,292	5550
396,431	5546,9
396,571	5544,6
396,710	5540,3
396,849	5539,3
396,989	5549
397,128	5548,9
397,268	5535,2
397,407	5550,3
397,547	5545,2
397,686	5543,8
397,826	5551,6
397,965	5556,1
398,104	5556,7
398,244	5549,8
398,383	5550,8
398,523	5553,2
398,662	5550
398,802	5554,7
398,941	5551,1
399,080	5554
399,220	5559,6
399,359	5562,5
399,499	5554,9
399,638	5562
399,778	5561,8
399,917	5558,7
400,056	5558,6
400,196	5554,9
400,335	5559
400,475	5572,7
400,614	5558,7
400,754	5559,2
400,893	5561,2
401,032	5570,6
401,172	5564,2
401,311	5566,9
401,451	5571,2
401,590	5567,8
401,730	5567,2
401,869	5571,8
402,009	5572,8
402,148	5567,8
402,287	5564,9
402,427	5566,3
402,566	5573,7
402,706	5574
402,845	5581,5
402,985	5577,1
403,124	5584,1
403,263	5570,5
403,403	5567,9
403,542	5568,7
403,682	5578,2
403,821	5585,3
403,961	5576,7
404,100	5576,9
404,239	5568,5
404,379	5587,2
404,518	5573,1
404,658	5577,8
404,797	5581,5
404,937	5597,2
405,076	5588
405,215	5576,9
405,355	5579,6
405,494	5590,8
405,634	5593,3
405,773	5585,4
405,913	5588,3
406,052	5582,5
406,191	5589,5
406,331	5592,5
406,470	5594,5
406,610	5584,8
406,749	5595,8
406,889	5599,5
407,028	5599,5
407,168	5592,3
407,307	5586
407,446	5590,2
407,586	5596
407,725	5594
407,865	5584,1
408,004	5599,6
408,144	5600,8
408,283	5607
408,422	5591,7
408,562	5597,1
408,701	5597,1
408,841	5597,4
408,980	5597,5
409,120	5596,8
409,259	5598,5
409,398	5602
409,538	5603,6
409,677	5591,1
409,817	5612,6
409,956	5612
410,096	5597,9
410,235	5611,4
410,374	5616,7
410,514	5613,4
410,653	5626,1
410,793	5625,2
410,932	5619,8
411,072	5619,4
411,211	5604,6
411,351	5609,7
411,490	5604,8
411,629	5622,7
411,769	5617,5
411,908	5617
412,048	5614,1
412,187	5620,8
412,327	5627,5
412,466	5634
412,605	5632,8
412,745	5628,4
412,884	5622,5
413,024	5615,4
413,163	5624,2
413,303	5626,4
413,442	5619,4
413,581	5630,1
413,721	5627,7
413,860	5626
414,000	5626
414,139	5625,4
414,279	5635
414,418	5632,8
414,557	5626,7
414,697	5625,6
414,836	5623,2
414,976	5628,1
415,115	5629,5
415,255	5651,5
415,394	5635,8
415,534	5644,8
415,673	5645,7
415,812	5627,5
415,952	5620,6
416,091	5639,8
416,231	5632
416,370	5628,6
416,510	5636,9
416,649	5627,8
416,788	5625,1
416,928	5630,4
417,067	5645,2
417,207	5644,8
417,346	5650,6
417,486	5639,5
417,625	5655,3
417,764	5640,6
417,904	5647,5
418,043	5646,7
418,183	5643,7
418,322	5648,8
418,462	5651,8
418,601	5646,2
418,740	5649,3
418,880	5662,3
419,019	5662,4
419,159	5672,1
419,298	5641,8
419,438	5654,6
419,577	5656,5
419,717	5648,3
419,856	5661,4
419,995	5666,3
420,135	5650,9
420,274	5647,6
420,414	5662,7
420,553	5660,3
420,693	5651,6
420,832	5659,3
420,971	5658,3
421,111	5661,9
421,250	5657,6
421,390	5676,4
421,529	5666,2
421,669	5665,7
421,808	5672,1
421,947	5674,1
422,087	5671,2
422,226	5669,2
422,366	5664,7
422,505	5667,2
422,645	5680,3
422,784	5673,4
422,923	5673
423,063	5669,4
423,202	5676,5
423,342	5682,6
423,481	5667,7
423,621	5680,4
423,760	5683,8
423,899	5682,9
424,039	5682,5
424,178	5681,7
424,318	5671,4
424,457	5666,5
424,597	5686,3
424,736	5685,1
424,876	5688,1
425,015	5681,3
425,154	5680,5
425,294	5688,6
425,433	5687,3
425,573	5697,4
425,712	5692,2
425,852	5691,3
425,991	5699
426,130	5693,3
426,270	5681,1
426,409	5694,6
426,549	5703,4
426,688	5699,9
426,828	5704,9
426,967	5703,2
427,106	5687,2
427,246	5706,3
427,385	5701,1
427,525	5707,1
427,664	5707,7
427,804	5708,6
427,943	5706,7
428,082	5705,8
428,222	5708,8
428,361	5709,9
428,501	5704
428,640	5703,5
428,780	5698,7
428,919	5703,2
429,059	5711,9
429,198	5707,9
429,337	5697,1
429,477	5697,2
429,616	5710,3
429,756	5708,4
429,895	5714,2
430,035	5712,9
430,174	5710,3
430,313	5716,1
430,453	5714,3
430,592	5714,2
430,732	5728,8
430,871	5713,1
431,011	5731,3
431,150	5717,7
431,289	5745,1
431,429	5724,4
431,568	5721,7
431,708	5732,3
431,847	5731,4
431,987	5736,4
432,126	5747,3
432,265	5740,6
432,405	5736
432,544	5731,4
432,684	5753,2
432,823	5731
432,963	5729,4
433,102	5729,2
433,242	5730,2
433,381	5739,9
433,520	5742,4
433,660	5741,5
433,799	5744,2
433,939	5753,3
434,078	5744,5
434,218	5733,2
434,357	5745,8
434,496	5747,9
434,636	5750,8
434,775	5755,5
434,915	5749,8
435,054	5743,3
435,194	5754,4
435,333	5770,4
435,472	5758,7
435,612	5757
435,751	5764
435,891	5764,4
436,030	5763,1
436,170	5762
436,309	5760,8
436,448	5760,8
436,588	5766,5
436,727	5768,4
436,867	5765,5
437,006	5772,8
437,146	5769
437,285	5780,2
437,424	5772,4
437,564	5774
437,703	5789
437,843	5780,8
437,982	5769,7
438,122	5765,9
438,261	5774,4
438,401	5789,7
438,540	5783,5
438,679	5771,2
438,819	5793,2
438,958	5779
439,098	5791,5
439,237	5791
439,377	5800,8
439,516	5794,9
439,655	5788,7
439,795	5796,9
439,934	5801,7
440,074	5802,5
440,213	5808,2
440,353	5801,4
440,492	5799,6
440,631	5795
440,771	5802,9
440,910	5805,5
441,050	5802,3
441,189	5791,5
441,329	5807,3
441,468	5808,6
441,607	5804,8
441,747	5799,2
441,886	5809,4
442,026	5822,1
442,165	5829,7
442,305	5832,2
442,444	5821,3
442,584	5827,5
442,723	5836,3
442,862	5832,3
443,002	5827,9
443,141	5822,3
443,281	5843,9
443,420	5812,3
443,560	5818,4
443,699	5822,4
443,838	5834,9
443,978	5833,1
444,117	5823,3
444,257	5825
444,396	5832,4
444,536	5837,5
444,675	5839,9
444,814	5838,9
444,954	5839,2
445,093	5839,6
445,233	5847,3
445,372	5866
445,512	5854,6
445,651	5856
445,790	5854,8
445,930	5855
446,069	5858,4
446,209	5862,4
446,348	5841,5
446,488	5839,5
446,627	5840,1
446,767	5847,3
446,906	5856,2
447,045	5857,4
447,185	5846
447,324	5868,7
447,464	5872,2
447,603	5856,4
447,743	5878,4
447,882	5886
448,021	5880,6
448,161	5872,9
448,300	5881,6
448,440	5893,4
448,579	5887,5
448,719	5891,9
448,858	5894,8
448,997	5888,3
449,137	5889
449,276	5882,2
449,416	5891,2
449,555	5884,9
449,695	5887,1
449,834	5884,3
449,973	5893
450,113	5885,2
450,252	5887,2
450,392	5899,2
450,531	5900,1
450,671	5903,8
450,810	5901,5
450,949	5915,5
451,089	5900,3
451,228	5908,4
451,368	5909,5
451,507	5922,1
451,647	5901,2
451,786	5918,3
451,926	5927,3
452,065	5918,8
452,204	5928,7
452,344	5938,8
452,483	5944,8
452,623	5934,9
452,762	5932,7
452,902	5940,5
453,041	5946,3
453,180	5949,5
453,320	5939,9
453,459	5928,1
453,599	5932,7
453,738	5945,3
453,878	5939,1
454,017	5936,5
454,156	5937,4
454,296	5941,8
454,435	5956,9
454,575	5956,6
454,714	5968,2
454,854	5968,8
454,993	5961,2
455,132	5958,9
455,272	5972,3
455,411	5976,7
455,551	5973,9
455,690	5970,9
455,830	5964
455,969	5966,3
456,109	5969,5
456,248	5967,3
456,387	5956,5
456,527	5971,1
456,666	5994,4
456,806	5988,5
456,945	5980,8
457,085	5986,7
457,224	5979,6
457,363	5981,7
457,503	5992,8
457,642	5980,6
457,782	5987,2
457,921	5987,3
458,061	5986
458,200	5995,5
458,339	6003,5
458,479	6016,6
458,618	6019,1
458,758	6022,1
458,897	6017,6
459,037	6031,5
459,176	6034,7
459,315	6046,6
459,455	6042,7
459,594	6049,1
459,734	6046,8
459,873	6047,2
460,013	6054,4
460,152	6052,2
460,292	6043,3
460,431	6039
460,570	6033,5
460,710	6038,6
460,849	6041,9
460,989	6020,1
461,128	6027
461,268	6020,7
461,407	6020,3
461,546	6017,3
461,686	6030,6
461,825	6039,7
461,965	6028,8
462,104	6015,4
462,244	6031,6
462,383	6047,9
462,522	6054,3
462,662	6043,6
462,801	6047,4
462,941	6058,3
463,080	6085,8
463,220	6082,7
463,359	6071,7
463,498	6075,3
463,638	6077,7
463,777	6089,7
463,917	6079,9
464,056	6081,8
464,196	6080,7
464,335	6087,7
464,474	6083,4
464,614	6101
464,753	6106,5
464,893	6092,7
465,032	6099,6
465,172	6102,5
465,311	6091,5
465,451	6099,7
465,590	6108,3
465,729	6117,6
465,869	6108,2
466,008	6104,4
466,148	6121,1
466,287	6124,5
466,427	6126,3
466,566	6119,7
466,705	6115,1
466,845	6115,7
466,984	6117,8
467,124	6123,2
467,263	6114,2
467,403	6104,4
467,542	6120,6
467,681	6120,5
467,821	6139,6
467,960	6125,4
468,100	6134,2
468,239	6127,8
468,379	6127,6
468,518	6149,8
468,657	6160,1
468,797	6160,8
468,936	6160,5
469,076	6155,1
469,215	6174,1
469,355	6173,2
469,494	6169,7
469,634	6175,8
469,773	6180,7
469,912	6183,8
470,052	6174,1
470,191	6160,8
470,331	6150,9
470,470	6163,3
470,610	6168,4
470,749	6175,5
470,888	6177,2
471,028	6158,6
471,167	6157,9
471,307	6156,1
471,446	6173,6
471,586	6170,6
471,725	6181,3
471,864	6191,8
472,004	6195,5
472,143	6187,8
472,283	6183,3
472,422	6191,3
472,562	6191,7
472,701	6176,6
472,840	6201,9
472,980	6199,1
473,119	6207,3
473,259	6215,5
473,398	6205,9
473,538	6199,8
473,677	6218
473,817	6201,8
473,956	6198,9
474,095	6207,6
474,235	6220,7
474,374	6231,4
474,514	6228,9
474,653	6232,3
474,793	6210
474,932	6230,1
475,071	6221,6
475,211	6236,8
475,350	6244,8
475,490	6241,3
475,629	6251,8
475,769	6265,1
475,908	6270,2
476,047	6254,9
476,187	6264,6
476,326	6267,6
476,466	6249,5
476,605	6272,8
476,745	6270,2
476,884	6273,3
477,023	6274,3
477,163	6271,1
477,302	6282,4
477,442	6277,5
477,581	6258,5
477,721	6256,7
477,860	6264,3
477,999	6282,7
478,139	6281,6
478,278	6294,8
478,418	6285,6
478,557	6292,9
478,697	6287,4
478,836	6294,5
478,976	6290,3
479,115	6322,8
479,254	6328,7
479,394	6317,4
479,533	6319,5
479,673	6327,8
479,812	6330,5
479,952	6300,6
480,091	6332,4
480,230	6307,1
480,370	6300
480,509	6292,6
480,649	6308,4
480,788	6296,9
480,928	6293,8
481,067	6297,7
481,206	6295,3
481,346	6285,5
481,485	6278,3
481,625	6276,4
481,764	6286
481,904	6308,9
482,043	6289,4
482,182	6312,5
482,322	6299,7
482,461	6306
482,601	6317,7
482,740	6324,5
482,880	6313,1
483,019	6303,7
483,159	6320,6
483,298	6329,1
483,437	6316,7
483,577	6320,3
483,716	6331,6
483,856	6317
483,995	6315,8
484,135	6314,6
484,274	6277,9
484,413	6278,9
484,553	6285,4
484,692	6279,4
484,832	6268,8
484,971	6271,7
485,111	6279,2
485,250	6284,9
485,389	6259,9
485,529	6254,7
485,668	6269,2
485,808	6292,2
485,947	6264,2
486,087	6267,1
486,226	6282,5
486,365	6280,1
486,505	6267,6
486,644	6263,1
486,784	6255,3
486,923	6250
487,063	6240,8
487,202	6238,3
487,342	6234,9
487,481	6232,8
487,620	6218,3
487,760	6236,5
487,899	6235,4
488,039	6221,8
488,178	6223,9
488,318	6219,1
488,457	6215,5
488,596	6205,8
488,736	6190,2
488,875	6207,2
489,015	6221,3
489,154	6187,5
489,294	6207,6
489,433	6210,5
489,572	6183
489,712	6179,7
489,851	6204,1
489,991	6199,7
490,130	6179,6
490,270	6194,3
490,409	6205
490,548	6194,9
490,688	6196,8
490,827	6185,9
490,967	6194,5
491,106	6191,3
491,246	6204
491,385	6206,2
491,524	6208
491,664	6197,3
491,803	6199,3
491,943	6207,8
492,082	6209,2
492,222	6205,8
492,361	6202,5
492,501	6203,4
492,640	6214,8
492,779	6214,5
492,919	6220,1
493,058	6216,8
493,198	6224,1
493,337	6229,3
493,477	6238,6
493,616	6251,1
493,755	6261,3
493,895	6227,1
494,034	6225,5
494,174	6246,8
494,313	6244,7
494,453	6238,7
494,592	6252,2
494,731	6243,5
494,871	6250,1
495,010	6292,9
495,150	6278,4
495,289	6259,9
495,429	6262,1
495,568	6267,5
495,707	6269,2
495,847	6263,1
495,986	6272,1
496,126	6270,5
496,265	6257
496,405	6263,3
496,544	6274,6
496,684	6260,5
496,823	6276,7
496,962	6277,1
497,102	6281
497,241	6291,2
497,381	6269,3
497,520	6291
497,660	6292,9
497,799	6283,3
497,938	6283,9
498,078	6290,1
498,217	6296,4
498,357	6289,8
498,496	6289,2
498,636	6305,8
498,775	6304,8
498,914	6278,4
499,054	6328,8
499,193	6305,6
499,333	6299,9
499,472	6286,8
499,612	6299,6
499,751	6309,4
499,890	6311,4
500,030	6309,2
500,169	6307,3
500,309	6305,1
500,448	6306,4
500,588	6315,9
500,727	6336,2
500,867	6335
501,006	6316,7
501,145	6323,9
501,285	6335,1
501,424	6344,9
501,564	6352,7
501,703	6357,1
501,843	6357,1
501,982	6374,1
502,121	6384,1
502,261	6382,5
502,400	6375
502,540	6362,4
502,679	6356,4
502,819	6365,2
502,958	6388,6
503,097	6344,8
503,237	6392,3
503,376	6366,3
503,516	6369,4
503,655	6379,6
503,795	6385
503,934	6393,7
504,073	6385,4
504,213	6379,5
504,352	6374,2
504,492	6375,1
504,631	6392,6
504,771	6391,6
504,910	6410,9
505,049	6435,6
505,189	6415,8
505,328	6428,8
505,468	6448
505,607	6420,6
505,747	6426,6
505,886	6416,2
506,026	6422,3
506,165	6448,9
506,304	6444,1
506,444	6429,5
506,583	6448,8
506,723	6457,8
506,862	6451,8
507,002	6440,4
507,141	6449,3
507,280	6459,8
507,420	6472,2
507,559	6488,3
507,699	6451,8
507,838	6481
507,978	6487,4
508,117	6487,9
508,256	6495,9
508,396	6490,2
508,535	6470,1
508,675	6469,3
508,814	6492,1
508,954	6499,8
509,093	6496,4
509,232	6480,4
509,372	6488,5
509,511	6447,7
509,651	6506,6
509,790	6503,7
509,930	6494,7
510,069	6490,6
510,209	6508,1
510,348	6525
510,487	6514
510,627	6510,9
510,766	6528,7
510,906	6529,4
511,045	6526,6
511,185	6510,5
511,324	6550
511,463	6533,5
511,603	6526
511,742	6512
511,882	6525,5
512,021	6540,8
512,161	6539
512,300	6528
512,439	6530,3
512,579	6513,2
512,718	6516,9
512,858	6547,7
512,997	6554,6
513,137	6565,4
513,276	6569,3
513,415	6525
513,555	6573,7
513,694	6553,4
513,834	6582,9
513,973	6548,6
514,113	6569,5
514,252	6561,6
514,392	6587,6
514,531	6567,5
514,670	6572,3
514,810	6574,4
514,949	6567,7
515,089	6582,2
515,228	6589
515,368	6596,3
515,507	6574,7
515,646	6567,8
515,786	6623,2
515,925	6601,6
516,065	6594,8
516,204	6593,2
516,344	6610,2
516,483	6620
516,622	6624,1
516,762	6615,6
516,901	6623,8
517,041	6639,2
517,180	6638
517,320	6624,1
517,459	6612,8
517,598	6614,8
517,738	6619,1
517,877	6638,1
518,017	6640,3
518,156	6594,5
518,296	6635,9
518,435	6633,5
518,574	6624,8
518,714	6632,4
518,853	6651,9
518,993	6649,2
519,132	6643,7
519,272	6646,3
519,411	6652,5
519,551	6642,4
519,690	6622,1
519,829	6637,3
519,969	6626,3
520,108	6672,5
520,248	6649
520,387	6650,3
520,527	6669,7
520,666	6650,7
520,805	6662,7
520,945	6645,9
521,084	6658,4
521,224	6688,7
521,363	6682,6
521,503	6692,1
521,642	6697,2
521,781	6685,8
521,921	6703,3
522,060	6696,7
522,200	6696,6
522,339	6693
522,479	6637,9
522,618	6721,3
522,757	6717,1
522,897	6720,9
523,036	6696,6
523,176	6692
523,315	6712,8
523,455	6694,6
523,594	6693,6
523,734	6704,4
523,873	6715,4
524,012	6721,3
524,152	6712,9
524,291	6706,1
524,431	6705
524,570	6705,9
524,710	6685,8
524,849	6696,8
524,988	6709,1
525,128	6767,4
525,267	6714,3
525,407	6710,7
525,546	6735,6
525,686	6752,4
525,825	6723,2
525,964	6710,2
526,104	6719,5
526,243	6731,7
526,383	6747,3
526,522	6752,9
526,662	6743,7
526,801	6748,2
526,940	6745,9
527,080	6746,9
527,219	6736,9
527,359	6788,2
527,498	6735,5
527,638	6758,6
527,777	6741,7
527,917	6709
528,056	6719,3
528,195	6737,8
528,335	6755,4
528,474	6756,2
528,614	6753,2
528,753	6766
528,893	6766,7
529,032	6748,3
529,171	6762,3
529,311	6771,7
529,450	6779,4
529,590	6765,3
529,729	6802,4
529,869	6771
530,008	6741,3
530,147	6773,5
530,287	6811,4
530,426	6786,5
530,566	6783,6
530,705	6794,8
530,845	6797
530,984	6780,3
531,123	6773,7
531,263	6795,6
531,402	6811,4
531,542	6809,4
531,681	6789,8
531,821	6783,1
531,960	6772,1
532,099	6809,1
532,239	6830,1
532,378	6832,4
532,518	6823,1
532,657	6814,4
532,797	6804,5
532,936	6801,4
533,076	6819,4
533,215	6821,6
533,354	6818,4
533,494	6822,4
533,633	6820,5
533,773	6823
533,912	6835,8
534,052	6831,3
534,191	6830
534,330	6812,7
534,470	6849,9
534,609	6851,2
534,749	6857,1
534,888	6869,8
535,028	6861,6
535,167	6831
535,306	6857,5
535,446	6842
535,585	6857,1
535,725	6876,9
535,864	6870,3
536,004	6875,3
536,143	6882,2
536,282	6859,3
536,422	6861,9
536,561	6905,2
536,701	6898,8
536,840	6913,6
536,980	6898,9
537,119	6906,6
537,259	6899,6
537,398	6926
537,537	6908,2
537,677	6922,9
537,816	6934,6
537,956	6919,8
538,095	6917,1
538,235	6936
538,374	6956,4
538,513	6949,4
538,653	6935,7
538,792	6931
538,932	6925
539,071	6961,1
539,211	6965,5
539,350	6976,1
539,489	6986,8
539,629	6965
539,768	6981,5
539,908	6977,4
540,047	6995,2
540,187	6989,2
540,326	6983,4
540,465	6988,7
540,605	6986,5
540,744	6986
540,884	6982,4
541,023	7001,8
541,163	7025,4
541,302	7033,4
541,442	7040,9
541,581	7018,7
541,720	7003
541,860	7021
541,999	7008,7
542,139	7026,7
542,278	7058,9
542,418	7051,9
542,557	7076
542,696	7055
542,836	7052,8
542,975	7052
543,115	7068
543,254	7085,6
543,394	7066,1
543,533	7053
543,672	7068,9
543,812	7081,6
543,951	7087,7
544,091	7092,1
544,230	7093,5
544,370	7132,7
544,509	7120
544,648	7170,5
544,788	7098,4
544,927	7113,3
545,067	7113,7
545,206	7112,3
545,346	7145,3
545,485	7140,6
545,624	7164
545,764	7172,4
545,903	7189,5
546,043	7169,2
546,182	7165,5
546,322	7164,8
546,461	7169,6
546,601	7206,5
546,740	7206,6
546,879	7154,9
547,019	7163,4
547,158	7222
547,298	7219
547,437	7239,7
547,577	7254,1
547,716	7209,9
547,855	7229,6
547,995	7208,2
548,134	7259,5
548,274	7243,1
548,413	7245,8
548,553	7225
548,692	7247
548,831	7257,1
548,971	7260,5
549,110	7266,1
549,250	7273,3
549,389	7297,6
549,529	7317,8
549,668	7311,3
549,807	7294,7
549,947	7282,8
550,086	7294,9
550,226	7344,3
550,365	7329,9
550,505	7340,4
550,644	7326,1
550,784	7364,5
550,923	7363,9
551,062	7358,9
551,202	7351,1
551,341	7357,2
551,481	7368,8
551,620	7379,1
551,760	7389,6
551,899	7406,8
552,038	7414,7
552,178	7413,3
552,317	7426,1
552,457	7439
552,596	7439,8
552,736	7465,9
552,875	7470,4
553,014	7463,3
553,154	7476,4
553,293	7487,8
553,433	7455,7
553,572	7469,6
553,712	7468,4
553,851	7503,2
553,990	7519
554,130	7521,3
554,269	7492,8
554,409	7505,2
554,548	7523,9
554,688	7528,5
554,827	7550,1
554,967	7564,5
555,106	7554,6
555,245	7548,2
555,385	7557,2
555,524	7574
555,664	7550
555,803	7616,2
555,943	7608,8
556,082	7680
556,221	7616,3
556,361	7651,2
556,500	7627,9
556,640	7619,2
556,779	7599,7
556,919	7647,9
557,058	7677,6
557,197	7666,3
557,337	7678,1
557,476	7668,5
557,616	7668,1
557,755	7691,5
557,895	7712
558,034	7707,6
558,173	7688,3
558,313	7699,9
558,452	7705,2
558,592	7731,5
558,731	7742,2
558,871	7737,8
559,010	7751,2
559,149	7749,6
559,289	7717,3
559,428	7769,6
559,568	7753,8
559,707	7780,8
559,847	7756,8
559,986	7803,3
560,126	7786,6
560,265	7825,8
560,404	7836,2
560,544	7828,6
560,683	7825,9
560,823	7818,9
560,962	7822,7
561,102	7830,3
561,241	7858,5
561,380	7885,8
561,520	7880,6
561,659	7869,7
561,799	7887,4
561,938	7853
562,078	7857,2
562,217	7888,4
562,356	7857,7
562,496	7914,3
562,635	7927,8
562,775	7942,9
562,914	7929,3
563,054	7931,7
563,193	7904,6
563,332	7922,1
563,472	7937,1
563,611	7943
563,751	7954,5
563,890	7950,1
564,030	7951,3
564,169	7974,2
564,309	7977,3
564,448	7972,1
564,587	7985,1
564,727	7993,3
564,866	8000,9
565,006	8000
565,145	8005,1
565,285	8012,5
565,424	7984
565,563	8020,5
565,703	8049,2
565,842	8038,1
565,982	8059,3
566,121	8073,1
566,261	8042,5
566,400	8049,7
566,539	8069,3
566,679	8075,8
566,818	8091,6
566,958	8080
567,097	8074,9
567,237	8100,8
567,376	8106,7
567,515	8095,5
567,655	8100,9
567,794	8108,2
567,934	8129,7
568,073	8157,6
568,213	8153,6
568,352	8178,3
568,492	8145
568,631	8135
568,770	8201,7
568,910	8166,7
569,049	8167,8
569,189	8198,2
569,328	8210
569,468	8208
569,607	8215,4
569,746	8209,7
569,886	8208,5
570,025	8237,7
570,165	8267,6
570,304	8256,2
570,444	8253,2
570,583	8256,2
570,722	8282,4
570,862	8314,3
571,001	8296
571,141	8292,9
571,280	8301,6
571,420	8304,2
571,559	8318,3
571,698	8359,6
571,838	8337,9
571,977	8318,6
572,117	8352,2
572,256	8354
572,396	8388
572,535	8407
572,675	8392,1
572,814	8385,8
572,953	8402,5
573,093	8402,6
573,232	8429,1
573,372	8438,1
573,511	8428,2
573,651	8424,6
573,790	8437,1
573,929	8451,4
574,069	8461,2
574,208	8447,6
574,348	8472,5
574,487	8485,7
574,627	8469,3
574,766	8476,6
574,905	8476,6
575,045	8496,4
575,184	8489,9
575,324	8509,8
575,463	8524,1
575,603	8520,7
575,742	8507
575,881	8513
576,021	8584,7
576,160	8590
576,300	8563,1
576,439	8567,6
576,579	8552,6
576,718	8567,6
576,857	8611,8
576,997	8627,3
577,136	8607,2
577,276	8589,9
577,415	8595,4
577,555	8609,6
577,694	8613,2
577,834	8633,6
577,973	8631,1
578,112	8626,3
578,252	8601,8
578,391	8614,3
578,531	8654,7
578,670	8691,2
578,810	8624,9
578,949	8637,2
579,088	8663,1
579,228	8674,6
579,367	8680,2
579,507	8710
579,646	8699
579,786	8689,3
579,925	8712,7
580,064	8715,6
580,204	8750,5
580,343	8758,5
580,483	8746,9
580,622	8773
580,762	8755,7
580,901	8790,7
581,040	8788,2
581,180	8781,3
581,319	8786,4
581,459	8777,2
581,598	8789,1
581,738	8798,1
581,877	8813,3
582,017	8808
582,156	8833,8
582,295	8826,9
582,435	8835,3
582,574	8833,9
582,714	8884,9
582,853	8892,6
582,993	8892,3
583,132	8885,4
583,271	8864,8
583,411	8861
583,550	8952,3
583,690	8909,7
583,829	8919,4
583,969	8916,2
584,108	8949
584,247	8952,5
584,387	8983,2
584,526	8981,3
584,666	8995,8
584,805	9005,3
584,945	8966,1
585,084	9020,3
585,223	9056,1
585,363	9054,4
585,502	9060
585,642	9046,4
585,781	9040,5
585,921	9028,1
586,060	9068,4
586,200	9099,6
586,339	9098,8
586,478	9092,6
586,618	9083,5
586,757	9167,9
586,897	9092,7
587,036	9138,7
587,176	9100,5
587,315	9091,3
587,454	9139,6
587,594	9168
587,733	9151,6
587,873	9163,6
588,012	9177,2
588,152	9206
588,291	9200,2
588,430	9192,1
588,570	9203,9
588,709	9195,5
588,849	9237,4
588,988	9241,1
589,128	9239,4
589,267	9244,7
589,406	9222,4
589,546	9260,4
589,685	9255,4
589,825	9252,7
589,964	9252,2
590,104	9273,1
590,243	9299,3
590,382	9285,3
590,522	9263,4
590,661	9276,1
590,801	9333,7
590,940	9307,2
591,080	9349,6
591,219	9344,2
591,359	9341,7
591,498	9357,9
591,637	9339
591,777	9351,6
591,916	9394,7
592,056	9399,2
592,195	9400,6
592,335	9396,4
592,474	9390,6
592,613	9397
592,753	9409,2
592,892	9401,6
593,032	9410,2
593,171	9414,3
593,311	9404,1
593,450	9402,4
593,589	9405,3
593,729	9432,1
593,868	9464,4
594,008	9454,1
594,147	9451,2
594,287	9468,3
594,426	9481,3
594,565	9475,9
594,705	9489,2
594,844	9470,9
594,984	9514,4
595,123	9463,3
595,263	9509,1
595,402	9447,5
595,542	9502,1
595,681	9474,1
595,820	9492,3
595,960	9510,7
596,099	9473,2
596,239	9491,4
596,378	9517
596,518	9496,9
596,657	9516,3
596,796	9515,9
596,936	9538,2
597,075	9562,8
597,215	9549,7
597,354	9558,4
597,494	9574,9
597,633	9568,1
597,772	9571,3
597,912	9559
598,051	9570,4
598,191	9597,5
598,330	9544,1
598,470	9581,7
598,609	9628
598,748	9619,4
598,888	9628,9
599,027	9628,5
599,167	9628
599,306	9655,7
599,446	9603,2
599,585	9642,3
599,725	9664,3
599,864	9663,4
600,003	9652,9
600,143	9638,8
600,282	9714,8
600,422	9682,7
600,561	9696,6
600,701	9722,7
600,840	9724,2
600,979	9729,1
601,119	9753,5
601,258	9758,5
601,398	9763,6
601,537	9759,1
601,677	9779,1
601,816	9805,3
601,955	9796,4
602,095	9784,1
602,234	9778,6
602,374	9787,8
602,513	9817,6
602,653	9826,6
602,792	9881,3
602,931	9842
603,071	9823
603,210	9861,4
603,350	9901,9
603,489	9907,5
603,629	9829,2
603,768	9881,6
603,907	9908,2
604,047	9883,9
604,186	9912,4
604,326	9923
604,465	9941,5
604,605	9934,4
604,744	9999,6
604,884	9930
605,023	9995,3
605,162	9957
605,302	9986
605,441	9962
605,581	9936,8
605,720	9976,7
605,860	10022
605,999	10019
606,138	10019
606,278	10023
606,417	9986,4
606,557	10011
606,696	10035
606,836	10045
606,975	10059
607,114	10053
607,254	10039
607,393	10038
607,533	10058
607,672	10088
607,812	10103
607,951	10065
608,090	10082
608,230	10098
608,369	10098
608,509	10099
608,648	10101
608,788	10118
608,927	10095
609,067	10112
609,206	10109
609,345	10115
609,485	10137
609,624	10141
609,764	10146
609,903	10167
610,043	10154
610,182	10134
610,321	10164
610,461	10155
610,600	10118
610,740	10140
610,879	10155
611,019	10165
611,158	10159
611,297	10169
611,437	10187
611,576	10208
611,716	10199
611,855	10181
611,995	10175
612,134	10205
612,273	10209
612,413	10207
612,552	10207
612,692	10228
612,831	10243
612,971	10209
613,110	10249
613,250	10224
613,389	10222
613,528	10224
613,668	10249
613,807	10246
613,947	10277
614,086	10290
614,226	10266
614,365	10270
614,504	10289
614,644	10274
614,783	10282
614,923	10308
615,062	10287
615,202	10283
615,341	10339
615,480	10334
615,620	10263
615,759	10321
615,899	10330
616,038	10351
616,178	10280
616,317	10378
616,456	10393
616,596	10348
616,735	10320
616,875	10355
617,014	10371
617,154	10348
617,293	10365
617,432	10379
617,572	10379
617,711	10404
617,851	10442
617,990	10450
618,130	10406
618,269	10442
618,409	10410
618,548	10394
618,687	10393
618,827	10452
618,966	10413
619,106	10434
619,245	10454
619,385	10487
619,524	10490
619,663	10502
619,803	10503
619,942	10463
620,082	10443
620,221	10454
620,361	10473
620,500	10491
620,639	10479
620,779	10481
620,918	10456
621,058	10474
621,197	10478
621,337	10502
621,476	10562
621,615	10539
621,755	10462
621,894	10494
622,034	10446
622,173	10489
622,313	10500
622,452	10493
622,592	10498
622,731	10517
622,870	10546
623,010	10559
623,149	10537
623,289	10531
623,428	10527
623,568	10540
623,707	10587
623,846	10584
623,986	10589
624,125	10568
624,265	10539
624,404	10557
624,544	10578
624,683	10557
624,822	10573
624,962	10608
625,101	10585
625,241	10583
625,380	10576
625,520	10531
625,659	10551
625,798	10578
625,938	10597
626,077	10612
626,217	10584
626,356	10557
626,496	10583
626,635	10584
626,775	10577
626,914	10593
627,053	10623
627,193	10597
627,332	10597
627,472	10551
627,611	10630
627,751	10601
627,890	10649
628,029	10591
628,169	10612
628,308	10645
628,448	10666
628,587	10645
628,727	10624
628,866	10622
629,005	10647
629,145	10653
629,284	10650
629,424	10642
629,563	10626
629,703	10622
629,842	10631
629,981	10634
630,121	10671
630,260	10736
630,400	10689
630,539	10655
630,679	10670
630,818	10709
630,957	10703
631,097	10663
631,236	10669
631,376	10693
631,515	10683
631,655	10690
631,794	10670
631,934	10686
632,073	10716
632,212	10711
632,352	10699
632,491	10704
632,631	10700
632,770	10709
632,910	10736
633,049	10748
633,188	10725
633,328	10735
633,467	10728
633,607	10751
633,746	10762
633,886	10763
634,025	10712
634,164	10737
634,304	10748
634,443	10741
634,583	10716
634,722	10777
634,862	10791
635,001	10819
635,140	10793
635,280	10793
635,419	10790
635,559	10765
635,698	10775
635,838	10770
635,977	10763
636,117	10791
636,256	10782
636,395	10769
636,535	10796
636,674	10779
636,814	10810
636,953	10792
637,093	10817
637,232	10799
637,371	10842
637,511	10825
637,650	10855
637,790	10806
637,929	10770
638,069	10792
638,208	10804
638,347	10832
638,487	10772
638,626	10770
638,766	10791
638,905	10765
639,045	10784
639,184	10817
639,323	10841
639,463	10841
639,602	10843
639,742	10818
639,881	10838
640,021	10847
640,160	10788
640,300	10771
640,439	10810
640,578	10832
640,718	10784
640,857	10802
640,997	10856
641,136	10798
641,276	10862
641,415	10829
641,554	10817
641,694	10809
641,833	10851
641,973	10883
642,112	10854
642,252	10840
642,391	10868
642,530	10869
642,670	10821
642,809	10791
642,949	10806
643,088	10839
643,228	10871
643,367	10874
643,506	10863
643,646	10860
643,785	10834
643,925	10871
644,064	10924
644,204	10825
644,343	10903
644,482	10900
644,622	10876
644,761	10868
644,901	10920
645,040	10866
645,180	10875
645,319	10903
645,459	10950
645,598	10940
645,737	10952
645,877	10955
646,016	10890
646,156	10841
646,295	10866
646,435	10909
646,574	10912
646,713	10913
646,853	10880
646,992	10936
647,132	10892
647,271	10924
647,411	10951
647,550	10884
647,689	10906
647,829	10868
647,968	10931
648,108	10888
648,247	10896
648,387	10942
648,526	10950
648,665	11019
648,805	11003
648,944	10970
649,084	10994
649,223	10979
649,363	10944
649,502	10961
649,642	10961
649,781	10914
649,920	10909
650,060	10951
650,199	10992
650,339	10993
650,478	10935
650,618	10959
650,757	10918
650,896	10926
651,036	10996
651,175	10962
651,315	10951
651,454	11005
651,594	10959
651,733	10973
651,872	10971
652,012	10887
652,151	10969
652,291	11041
652,430	11009
652,570	10979
652,709	10994
652,848	10983
652,988	10993
653,127	11007
653,267	10965
653,406	10950
653,546	10971
653,685	10969
653,825	10984
653,964	11004
654,103	10974
654,243	10967
654,382	11001
654,522	11003
654,661	10955
654,801	11026
654,940	11005
655,079	11007
655,219	11045
655,358	10990
655,498	10983
655,637	10970
655,777	11017
655,916	10991
656,055	11059
656,195	10985
656,334	10969
656,474	11076
656,613	11009
656,753	11030
656,892	11015
657,031	10996
657,171	11008
657,310	11007
657,450	11013
657,589	11028
657,729	11045
657,868	10999
658,007	10983
658,147	11023
658,286	11011
658,426	11003
658,565	10981
658,705	10974
658,844	10984
658,984	10961
659,123	11018
659,262	11025
659,402	10939
659,541	11006
659,681	10943
659,820	11035
659,960	10972
660,099	10945
660,238	10935
660,378	10995
660,517	11023
660,657	11079
660,796	10967
660,936	10975
661,075	10915
661,214	10981
661,354	10921
661,493	10944
661,633	10952
661,772	10937
661,912	10898
662,051	10886
662,190	10952
662,330	10957
662,469	10951
662,609	10995
662,748	10978
662,888	10940
663,027	10910
663,167	10920
663,306	10944
663,445	10977
663,585	10953
663,724	10987
663,864	10912
664,003	10922
664,143	10949
664,282	10922
664,421	10925
664,561	10972
664,700	10892
664,840	10917
664,979	10945
665,119	10903
665,258	10894
665,397	10938
665,537	10844
665,676	10882
665,816	10913
665,955	10927
666,095	10949
666,234	10919
666,373	10881
666,513	10839
666,652	10822
666,792	10889
666,931	10923
667,071	10912
667,210	10892
667,350	10884
667,489	10920
667,628	10915
667,768	10887
667,907	10866
668,047	10865
668,186	10881
668,326	10844
668,465	10813
668,604	10836
668,744	10861
668,883	10899
669,023	10829
669,162	10857
669,302	10761
669,441	10805
669,580	10792
669,720	10854
669,859	10822
669,999	10779
670,138	10738
670,278	10792
670,417	10811
670,556	10814
670,696	10782
670,835	10761
670,975	10788
671,114	10802
671,254	10750
671,393	10730
671,532	10744
671,672	10780
671,811	10761
671,951	10738
672,090	10751
672,230	10774
672,369	10739
672,509	10697
672,648	10712
672,787	10719
672,927	10744
673,066	10733
673,206	10726
673,345	10753
673,485	10730
673,624	10730
673,763	10669
673,903	10688
674,042	10657
674,182	10686
674,321	10674
674,461	10703
674,600	10584
674,739	10656
674,879	10598
675,018	10694
675,158	10617
675,297	10591
675,437	10688
675,576	10623
675,715	10583
675,855	10604
675,994	10584
676,134	10606
676,273	10616
676,413	10603
676,552	10626
676,692	10618
676,831	10548
676,970	10632
677,110	10665
677,249	10627
677,389	10564
677,528	10564
677,668	10581
677,807	10544
677,946	10536
678,086	10542
678,225	10578
678,365	10616
678,504	10581
678,644	10581
678,783	10550
678,922	10501
679,062	10514
679,201	10499
679,341	10509
679,480	10448
679,620	10447
679,759	10450
679,898	10480
680,038	10455
680,177	10464
680,317	10457
680,456	10477
680,596	10453
680,735	10431
680,875	10382
681,014	10364
681,153	10386
681,293	10430
681,432	10468
681,572	10418
681,711	10438
681,851	10361
681,990	10369
682,129	10351
682,269	10326
682,408	10386
682,548	10362
682,687	10336
682,827	10299
682,966	10303
683,105	10345
683,245	10332
683,384	10314
683,524	10282
683,663	10291
683,803	10296
683,942	10298
684,081	10272
684,221	10252
684,360	10284
684,500	10293
684,639	10277
684,779	10249
684,918	10215
685,057	10227
685,197	10229
685,336	10203
685,476	10209
685,615	10236
685,755	10227
685,894	10186
686,034	10173
686,173	10182
686,312	10140
686,452	10092
686,591	10176
686,731	10198
686,870	10140
687,010	10129
687,149	10176
687,288	10132
687,428	10100
687,567	10083
687,707	10059
687,846	10128
687,986	10022
688,125	10082
688,264	10107
688,404	10102
688,543	10020
688,683	10076
688,822	10089
688,962	10082
689,101	10078
689,240	10049
689,380	10015
689,519	10041
689,659	10027
689,798	10069
689,938	10042
690,077	10086
690,217	10047
690,356	10041
690,495	10009
690,635	9970,5
690,774	9983,4
690,914	9975,7
691,053	9998,1
691,193	9957,7
691,332	9900,9
691,471	9902,2
691,611	9929,7
691,750	9950,4
691,890	9947,4
692,029	9958,2
692,169	9939,6
692,308	9920,5
692,447	9911,4
692,587	9917
692,726	9908,8
692,866	9910,6
693,005	9914,5
693,145	9902,7
693,284	9876
693,423	9872,2
693,563	9884,7
693,702	9892
693,842	9896,6
693,981	9877,5
694,121	9871,1
694,260	9895,8
694,400	9839,1
694,539	9770,5
694,678	9832,8
694,818	9838,9
694,957	9838,4
695,097	9851,4
695,236	9834,9
695,376	9822,9
695,515	9854,5
695,654	9825,7
695,794	9801,3
695,933	9809,4
696,073	9850,2
696,212	9749,9
696,352	9782,9
696,491	9787,7
696,630	9792,6
696,770	9784,6
696,909	9730,5
697,049	9733,6
697,188	9721,2
697,328	9724,1
697,467	9742,9
697,606	9736,2
697,746	9728,4
697,885	9741,2
698,025	9745,1
698,164	9663,4
698,304	9643,8
698,443	9681,2
698,582	9679,1
698,722	9647,9
698,861	9674,8
699,001	9664,6
699,140	9650,4
699,280	9665
699,419	9640,5
699,559	9620,8
699,698	9613,3
699,837	9611,9
699,977	9601,9
700,116	9589
700,256	9566,9
700,395	9545,9
700,535	9598,8
700,674	9574,6
700,813	9580,2
700,953	9574,7
701,092	9560,1
701,232	9550
701,371	9531,9
701,511	9547,3
701,650	9538,1
701,789	9521,9
701,929	9519,2
702,068	9520
702,208	9543,1
702,347	9542,5
702,487	9518
702,626	9498,7
702,765	9484
702,905	9500,4
703,044	9507
703,184	9503,5
703,323	9458,4
703,463	9449,1
703,602	9448
703,742	9435,9
703,881	9448,4
704,020	9431
704,160	9420,4
704,299	9431,1
704,439	9416,5
704,578	9394,8
704,718	9406,6
704,857	9383,4
704,996	9386,1
705,136	9337,4
705,275	9327,1
705,415	9350,5
705,554	9319,1
705,694	9299,4
705,833	9299,2
705,972	9297,8
706,112	9356
706,251	9320,8
706,391	9352,2
706,530	9329,1
706,670	9320,2
706,809	9270,7
706,948	9294,5
707,088	9272,1
707,227	9307,2
707,367	9302,2
707,506	9267
707,646	9281,1
707,785	9261,4
707,925	9243,2
708,064	9263,6
708,203	9250,8
708,343	9231,1
708,482	9223
708,622	9221,2
708,761	9201,1
708,901	9183,3
709,040	9248,6
709,179	9256,1
709,319	9189
709,458	9205,1
709,598	9210
709,737	9175,8
709,877	9186,7
710,016	9181,6
710,155	9187,3
710,295	9134,1
710,434	9118,2
710,574	9128,5
710,713	9152,8
710,853	9136,2
710,992	9142,7
711,131	9117,2
711,271	9131,7
711,410	9142,5
711,550	9086,4
711,689	9092,5
711,829	9115,6
711,968	9090,5
712,108	9071,5
712,247	9053,7
712,386	9089,8
712,526	9065,1
712,665	9036,9
712,805	9045
712,944	9025,1
713,084	9035,5
713,223	9053,2
713,362	9009,8
713,502	9027,6
713,641	9051,8
713,781	9041,2
713,920	9017,4
714,060	9020,5
714,199	8985,2
714,338	8985,3
714,478	8982,3
714,617	8987,1
714,757	8984,1
714,896	8996,1
715,036	8973,3
715,175	8976,1
715,314	8960,7
715,454	8952,9
715,593	8957,6
715,733	8964
715,872	8916,3
716,012	8920,4
716,151	8921,8
716,290	8924,4
716,430	8918,6
716,569	8931,7
716,709	8946,5
716,848	8911,6
716,988	8887,9
717,127	8910,4
717,267	8890,9
717,406	8863,9
717,545	8882,7
717,685	8880,2
717,824	8901
717,964	8879,5
718,103	8858,9
718,243	8865,2
718,382	8865,5
718,521	8821,1
718,661	8800,2
718,800	8801,2
718,940	8816
719,079	8796,7
719,219	8806,1
719,358	8830
719,497	8800,5
719,637	8791,8
719,776	8797,6
719,916	8792,6
720,055	8787,3
720,195	8778,3
720,334	8810,7
720,473	8814,5
720,613	8764,3
720,752	8783,3
720,892	8761,9
721,031	8733,6
721,171	8764,1
721,310	8794,2
721,450	8787,3
721,589	8730,1
721,728	8710,6
721,868	8756,2
722,007	8722,5
722,147	8721,4
722,286	8713,8
722,426	8693,4
722,565	8704,2
722,704	8716,3
722,844	8712,8
722,983	8708,3
723,123	8706,5
723,262	8703,2
723,402	8701,4
723,541	8693,3
723,680	8690,9
723,820	8689,8
723,959	8680,4
724,099	8683,8
724,238	8694,7
724,378	8678,1
724,517	8670,7
724,656	8690,8
724,796	8672
724,935	8635,4
725,075	8652,1
725,214	8664,1
725,354	8654,9
725,493	8636,3
725,633	8622,9
725,772	8663,4
725,911	8667,6
726,051	8687,3
726,190	8661,8
726,330	8621,1
726,469	8612,9
726,609	8655,8
726,748	8648,5
726,887	8643,7
727,027	8613
727,166	8606,9
727,306	8600,5
727,445	8589,5
727,585	8572,1
727,724	8553,1
727,863	8569,6
728,003	8551,8
728,142	8569,2
728,282	8591,6
728,421	8592,3
728,561	8597,8
728,700	8581,3
728,839	8578,3
728,979	8568
729,118	8576,4
729,258	8556,3
729,397	8574,2
729,537	8567
729,676	8559,6
729,815	8538,8
729,955	8544,9
730,094	8519,5
730,234	8520,5
730,373	8527,1
730,513	8511,6
730,652	8521,2
730,792	8483
730,931	8498,5
731,070	8490,4
731,210	8504,6
731,349	8470,6
731,489	8478,4
731,628	8499,7
731,768	8497,7
731,907	8478,8
732,046	8503,2
732,186	8507,1
732,325	8493,2
732,465	8491,4
732,604	8480,4
732,744	8464,6
732,883	8465,3
733,022	8451,9
733,162	8468,7
733,301	8478,5
733,441	8457,3
733,580	8443,1
733,720	8435,3
733,859	8434,8
733,998	8429,4
734,138	8413,8
734,277	8431,2
734,417	8424,2
734,556	8412,5
734,696	8387,9
734,835	8411,1
734,975	8389,5
735,114	8427,7
735,253	8415,6
735,393	8391,2
735,532	8429,6
735,672	8423,3
735,811	8391,9
735,951	8433
736,090	8405,3
736,229	8412
736,369	8427,5
736,508	8400,1
736,648	8397,9
736,787	8397,8
736,927	8390
737,066	8370,3
737,205	8392
737,345	8379
737,484	8361,8
737,624	8366,2
737,763	8358,9
737,903	8342,2
738,042	8324,2
738,181	8318,2
738,321	8286,5
738,460	8327,6
738,600	8306
738,739	8322,7
738,879	8316,4
739,018	8303,8
739,158	8330,2
739,297	8303,9
739,436	8314,2
739,576	8287
739,715	8270,4
739,855	8313,5
739,994	8282,6
740,134	8276,9
740,273	8326
740,412	8266,8
740,552	8300,8
740,691	8283,4
740,831	8274,9
740,970	8342,3
741,110	8299,3
741,249	8308,8
741,388	8281,3
741,528	8290,4
741,667	8309,2
741,807	8276,4
741,946	8263,2
742,086	8284,5
742,225	8301,7
742,364	8302,5
742,504	8278,7
742,643	8298,4
742,783	8300,5
742,922	8273,6
743,062	8258,9
743,201	8234,8
743,340	8243,1
743,480	8250,6
743,619	8234
743,759	8227,8
743,898	8233,6
744,038	8223,1
744,177	8239,6
744,317	8246,5
744,456	8237,8
744,595	8219,3
744,735	8210,1
744,874	8238,9
745,014	8230,5
745,153	8239,1
745,293	8187,2
745,432	8213,2
745,571	8226,3
745,711	8183
745,850	8198,3
745,990	8182,6
746,129	8187,7
746,269	8210,5
746,408	8152,7
746,547	8182,3
746,687	8185,1
746,826	8203,3
746,966	8183,8
747,105	8184,4
747,245	8186,8
747,384	8195,8
747,523	8194,4
747,663	8186,2
747,802	8180,3
747,942	8209,8
748,081	8209,5
748,221	8173,4
748,360	8148,9
748,500	8132,5
748,639	8138,5
748,778	8155,1
748,918	8155,7
749,057	8122,9
749,197	8100,4
749,336	8107,6
749,476	8128,3
749,615	8126,9
749,754	8117,4
749,894	8119,8
750,033	8119,5
750,173	8101,3
750,312	8104,7
750,452	8111,9
750,591	8125,9
750,730	8091,6
750,870	8073
751,009	8088,3
751,149	8079,7
751,288	8090,1
751,428	8106,8
751,567	8104,2
751,706	8096,8
751,846	8103
751,985	8126,9
752,125	8093,4
752,264	8098,7
752,404	8064,3
752,543	8081,1
752,683	8055,4
752,822	8044,9
752,961	8100,1
753,101	8070,9
753,240	8059,4
753,380	8085,5
753,519	8070,4
753,659	8052,5
753,798	8035,3
753,937	8059,1
754,077	8034,3
754,216	8038,9
754,356	8033,5
754,495	8020,3
754,635	8032,5
754,774	8008,7
754,913	8013,2
755,053	7998,3
755,192	7991,4
755,332	7980,6
755,471	7984,7
755,611	7998,5
755,750	8018,9
755,889	7994
756,029	7975
756,168	7979,3
756,308	7995,9
756,447	7993,3
756,587	7979,9
756,726	7976,6
756,865	7943,9
757,005	7948,9
757,144	7989
757,284	7976
757,423	7963,6
757,563	7970,5
757,702	7963,4
757,842	7978,1
757,981	7988,5
758,120	7976,8
758,260	7965,1
758,399	7954,1
758,539	7939,1
758,678	7924,6
758,818	7936,1
758,957	7916,9
759,096	7948,5
759,236	7949,5
759,375	7918,6
759,515	7937
759,654	7955,1
759,794	7924,6
759,933	7891,1
760,072	7883
760,212	7886
760,351	7908,7
760,491	7890,3
760,630	7880,7
760,770	7911,3
760,909	7881,8
761,048	7906,2
761,188	7872,4
761,327	7884,8
761,467	7882,2
761,606	7895,1
761,746	7884,6
761,885	7893,7
762,025	7876,5
762,164	7875,9
762,303	7874,5
762,443	7865,1
762,582	7842,6
762,722	7827,8
762,861	7849,5
763,001	7839,5
763,140	7835,1
763,279	7832
763,419	7872,5
763,558	7882,1
763,698	7828,8
763,837	7834
763,977	7825,9
764,116	7840
764,255	7832,1
764,395	7846,5
764,534	7835,2
764,674	7820,5
764,813	7814,1
764,953	7811,6
765,092	7808,7
765,231	7814,5
765,371	7811,1
765,510	7824,3
765,650	7826,7
765,789	7798,6
765,929	7814,2
766,068	7821,7
766,208	7793,1
766,347	7801,4
766,486	7798,8
766,626	7781,6
766,765	7772,1
766,905	7754,4
767,044	7756,8
767,184	7766
767,323	7763
767,462	7752,8
767,602	7747
767,741	7767,1
767,881	7772,2
768,020	7745,5
768,160	7742,5
768,299	7766,3
768,438	7758,9
768,578	7765,1
768,717	7745,2
768,857	7738
768,996	7724,4
769,136	7759,8
769,275	7711,8
769,414	7717,1
769,554	7743,5
769,693	7741,9
769,833	7773
769,972	7777,3
770,112	7757,6
770,251	7736
770,390	7769,9
770,530	7752,4
770,669	7779,5
770,809	7759
770,948	7739,6
771,088	7724,4
771,227	7776,5
771,367	7762
771,506	7711
771,645	7768
771,785	7721,5
771,924	7729,4
772,064	7736,4
772,203	7714,2
772,343	7694
772,482	7685,3
772,621	7709
772,761	7681,1
772,900	7676,8
773,040	7721,9
773,179	7663,1
773,319	7701,8
773,458	7688,6
773,597	7690,8
773,737	7707,3
773,876	7640,6
774,016	7655,8
774,155	7644,8
774,295	7663,7
774,434	7669
774,573	7650,7
774,713	7647,4
774,852	7683,7
774,992	7669,8
775,131	7676,2
775,271	7643,9
775,410	7670,8
775,550	7635,6
775,689	7645,4
775,828	7661,3
775,968	7668,8
776,107	7652,4
776,247	7620,3
776,386	7647,6
776,526	7665,2
776,665	7655,6
776,804	7651
776,944	7648,4
777,083	7636,7
777,223	7655,9
777,362	7628,9
777,502	7667,5
777,641	7652,9
777,780	7629,9
777,920	7643,4
778,059	7635,5
778,199	7630,1
778,338	7609,6
778,478	7595,7
778,617	7608,6
778,756	7604
778,896	7607,5
779,035	7605,8
779,175	7613,5
779,314	7604,2
779,454	7591,4
779,593	7594,1
779,733	7582,6
779,872	7584,5
780,011	7601,8
780,151	7582,9
780,290	7593,5
780,430	7584
780,569	7567,3
780,709	7583,6
780,848	7589,2
780,987	7620,6
781,127	7601
781,266	7590
781,406	7606,9
781,545	7608,3
781,685	7627,2
781,824	7589,7
781,963	7612,4
782,103	7614
782,242	7587,3
782,382	7579,5
782,521	7590,8
782,661	7591,1
782,800	7587,3
782,939	7580,5
783,079	7550,9
783,218	7571,6
783,358	7561,9
783,497	7565
783,637	7588,3
783,776	7562,7
783,915	7558,1
784,055	7562,3
784,194	7545,2
784,334	7539,9
784,473	7572
784,613	7582,7
784,752	7567
784,892	7559
785,031	7560,7
785,170	7542,9
785,310	7517,9
785,449	7537
785,589	7541,1
785,728	7532,5
785,868	7541,4
786,007	7520,8
786,146	7532,7
786,286	7577,7
786,425	7580,9
786,565	7575,6
786,704	7577,6
786,844	7599,9
786,983	7582,6
787,122	7564,9
787,262	7565,4
787,401	7541,5
787,541	7529,1
787,680	7538,6
787,820	7571,1
787,959	7555
788,098	7545,2
788,238	7546,1
788,377	7524,5
788,517	7514,7
788,656	7517,5
788,796	7528,2
788,935	7516,9
789,075	7520,6
789,214	7557,6
789,353	7569,6
789,493	7574,8
789,632	7567,9
789,772	7550,6
789,911	7546,8
790,051	7537,3
790,190	7558,1
790,329	7546,2
790,469	7511,5
790,608	7533,4
790,748	7531,2
790,887	7537,5
791,027	7572,8
791,166	7537,8
791,305	7523,9
791,445	7531,9
791,584	7533,1
791,724	7566,8
791,863	7555,3
792,003	7547
792,142	7549
792,281	7534,3
792,421	7556,4
792,560	7572,4
792,700	7548,4
792,839	7523,3
792,979	7536,9
793,118	7545,9
793,258	7530,9
793,397	7512,2
793,536	7499,2
793,676	7526,6
793,815	7553,7
793,955	7531,5
794,094	7525,6
794,234	7516
794,373	7526,1
794,512	7530,7
794,652	7535,3
794,791	7552,6
794,931	7530,9
795,070	7524,2
795,210	7536
795,349	7533,7
795,488	7528,6
795,628	7546,8
795,767	7554,1
795,907	7551,4
796,046	7567,7
796,186	7554,8
796,325	7540,5
796,464	7547,7
796,604	7553,7
796,743	7524,7
796,883	7515,8
797,022	7534,6
797,162	7527,4
797,301	7536,6
797,440	7547,7
797,580	7550,4
797,719	7588,7
797,859	7559,9
797,998	7538,6
798,138	7549
798,277	7546,9
798,417	7541
798,556	7527,2
798,695	7518
798,835	7513,5
798,974	7524,6
799,114	7514
799,253	7531,3
799,393	7528,7
799,532	7512,9
799,671	7521,9
799,811	7494,4
799,950	7518,5
800,090	7499,3
