350,000	5538,77
350,139	5551,47
350,279	5542,08
350,418	5556,49
350,558	5548,93
350,697	5548,14
350,837	5542,16
350,976	5543,08
351,115	5554,39
351,255	5553,72
351,394	5549,57
351,534	5549,5
351,673	5555,71
351,813	5552,01
351,952	5544,69
352,091	5555,32
352,231	5560,34
352,370	5543,66
352,510	5550,35
352,649	5554,51
352,789	5564,77
352,928	5563,29
353,068	5559,21
353,207	5554,29
353,346	5552,57
353,486	5555,77
353,625	5556,43
353,765	5554,65
353,904	5557,26
354,044	5559,52
354,183	5554
354,322	5550,06
354,462	5549,98
354,601	5560,57
354,741	5552,18
354,880	5563,94
355,020	5564,35
355,159	5566,86
355,298	5557,61
355,438	5551,55
355,577	5557,44
355,717	5560,61
355,856	5562,86
355,996	5576,49
356,135	5544,77
356,274	5552,96
356,414	5558,22
356,553	5567,2
356,693	5561,31
356,832	5561,62
356,972	5561,22
357,111	5561,49
357,251	5566,09
357,390	5565,03
357,529	5572,12
357,669	5567,08
357,808	5561,47
357,948	5564,58
358,087	5568,95
358,227	5569,67
358,366	5566,14
358,505	5562,73
358,645	5563,31
358,784	5569
358,924	5564,14
359,063	5572,52
359,203	5564,79
359,342	5570,22
359,481	5574,29
359,621	5573,56
359,760	5582,27
359,900	5571,74
360,039	5581,33
360,179	5578,12
360,318	5567,7
360,457	5578,08
360,597	5571,34
360,736	5578,61
360,876	5571,19
361,015	5571,34
361,155	5581,37
361,294	5588,22
361,434	5589,85
361,573	5585,5
361,712	5589,63
361,852	5581,47
361,991	5584,93
362,131	5585,41
362,270	5595,61
362,410	5591,49
362,549	5609,36
362,688	5601,5
362,828	5596,98
362,967	5606,34
363,107	5622,84
363,246	5630,54
363,386	5618,24
363,525	5630,8
363,664	5635,04
363,804	5640,55
363,943	5660,76
364,083	5645,19
364,222	5663,87
364,362	5664,94
364,501	5688,38
364,640	5695,15
364,780	5710,76
364,919	5728
365,059	5736,09
365,198	5746,25
365,338	5759,35
365,477	5776,83
365,616	5773,61
365,756	5797,79
365,895	5825,76
366,035	5822,58
366,174	5852,95
366,314	5838,57
366,453	5855,8
366,593	5867,08
366,732	5868,33
366,871	5865,31
367,011	5859,22
367,150	5849,41
367,290	5845,55
367,429	5845,23
367,569	5841,31
367,708	5826,28
367,847	5817,32
367,987	5801,33
368,126	5801,18
368,266	5790,62
368,405	5769,98
368,545	5777,5
368,684	5777,72
368,823	5776,14
368,963	5779,29
369,102	5785,8
369,242	5793,43
369,381	5801,73
369,521	5817,04
369,660	5816,46
369,799	5826,04
369,939	5809,69
370,078	5811,45
370,218	5808,18
370,357	5812,1
370,497	5800,94
370,636	5799,06
370,776	5516,15
370,915	5511,63
371,054	5527,92
371,194	5527,64
371,333	5513,92
371,473	5533,03
371,612	5523,01
371,752	5529,25
371,891	5537,61
372,030	5532,82
372,170	5524,04
372,309	5522,26
372,449	5528,92
372,588	5538,69
372,728	5518,08
372,867	5541,54
373,006	5533,95
373,146	5522,9
373,285	5522,12
373,425	5524,43
373,564	5527,17
373,704	5529,05
373,843	5528,43
373,982	5528,45
374,122	5535,15
374,261	5540,34
374,401	5537,28
374,540	5533,98
374,680	5543,93
374,819	5530,97
374,959	5532,53
375,098	5542,12
375,237	5544,87
375,377	5541,02
375,516	5543,36
375,656	5549,73
375,795	5534,74
375,935	5550,32
376,074	5548,83
376,213	5554,15
376,353	5549,58
376,492	5552,74
376,632	5558,54
376,771	5553,32
376,911	5539,19
377,050	5537,95
377,189	5556,27
377,329	5564,08
377,468	5563,63
377,608	5551,87
377,747	5552,16
377,887	5546,91
378,026	5544,22
378,165	5541,4
378,305	5548,93
378,444	5554,04
378,584	5557,5
378,723	5565,05
378,863	5563,35
379,002	5555,37
379,141	5554,05
379,281	5561,61
379,420	5554,41
379,560	5558,42
379,699	5558,39
379,839	5573,57
379,978	5581,64
380,118	5584,6
380,257	5585,06
380,396	5575,48
380,536	5574,1
380,675	5569,52
380,815	5579,29
380,954	5564,64
381,094	5588,9
381,233	5602,82
381,372	5597,94
381,512	5588,52
381,651	5592,68
381,791	5595,56
381,930	5592,8
382,070	5602,31
382,209	5586,55
382,348	5586,01
382,488	5586,31
382,627	5606,06
382,767	5598,78
382,906	5611,38
383,046	5611,39
383,185	5609,25
383,324	5608,68
383,464	5609,8
383,603	5618,35
383,743	5622,08
383,882	5588,25
384,022	5619,57
384,161	5620,78
384,301	5621,07
384,440	5622,82
384,579	5621,51
384,719	5630,59
384,858	5626,28
384,998	5620,53
385,137	5629,52
385,277	5635,88
385,416	5632,31
385,555	5642,11
385,695	5645,85
385,834	5641,72
385,974	5632,25
386,113	5649,04
386,253	5639,17
386,392	5626,62
386,531	5627
386,671	5640,42
386,810	5655,67
386,950	5658,43
387,089	5651,36
387,229	5645,03
387,368	5639,19
387,507	5649,08
387,647	5676,62
387,786	5662,98
387,926	5663,93
388,065	5669,86
388,205	5672,95
388,344	5671,59
388,484	5666,9
388,623	5665,65
388,762	5671,83
388,902	5687,39
389,041	5667,35
389,181	5671,1
389,320	5685,66
389,460	5689,07
389,599	5695,72
389,738	5693,72
389,878	5689,7
390,017	5698,25
390,157	5708,71
390,296	5697,27
390,436	5684,5
390,575	5713,85
390,714	5695,54
390,854	5700,16
390,993	5713,21
391,133	5705,89
391,272	5695,11
391,412	5692,54
391,551	5702,59
391,690	5703,42
391,830	5694,76
391,969	5705,15
392,109	5709,36
392,248	5721,81
392,388	5726,52
392,527	5733,79
392,666	5711,58
392,806	5726,48
392,945	5732,89
393,085	5735,1
393,224	5736,06
393,364	5729,86
393,503	5735,93
393,643	5760,38
393,782	5740,68
393,921	5748,78
394,061	5762,12
394,200	5759,78
394,340	5756,76
394,479	5747,94
394,619	5762,46
394,758	5765,56
394,897	5756,31
395,037	5762,19
395,176	5769,82
395,316	5761,78
395,455	5783,04
395,595	5768,04
395,734	5779,4
395,873	5797,8
396,013	5786,86
396,152	5799,9
396,292	5799,6
396,431	5804,13
396,571	5805,33
396,710	5808,1
396,849	5813,58
396,989	5813,54
397,128	5817,1
397,268	5826,45
397,407	5807,86
397,547	5818,16
397,686	5801,46
397,826	5804,98
397,965	5805,49
398,104	5818,31
398,244	5828,31
398,383	5833,64
398,523	5844,82
398,662	5848,44
398,802	5837,08
398,941	5861,5
399,080	5839,14
399,220	5863,08
399,359	5831,58
399,499	5853,88
399,638	5851,76
399,778	5842,12
399,917	5845,58
400,056	5845,32
400,196	5852,14
400,335	5861,54
400,475	5852,15
400,614	5850,58
400,754	5853,81
400,893	5875,91
401,032	5888,14
401,172	5896,89
401,311	5878,82
401,451	5891
401,590	5880,34
401,730	5883,73
401,869	5889,12
402,009	5886,73
402,148	5891,57
402,287	5895,68
402,427	5889,26
402,566	5900,07
402,706	5890,81
402,845	5912,55
402,985	5910,27
403,124	5897,65
403,263	5924,29
403,403	5940,57
403,542	5937,8
403,682	5932,61
403,821	5926,8
403,961	5929,12
404,100	5955,36
404,239	5951,13
404,379	5950,38
404,518	5942,64
404,658	5962,07
404,797	5961,16
404,937	5970,32
405,076	5959,41
405,215	5945,04
405,355	5944,62
405,494	5958,15
405,634	5968,03
405,773	5972,49
405,913	5993,21
406,052	5988,32
406,191	5996,79
406,331	5977,02
406,470	5990,98
406,610	5993,94
406,749	5988,96
406,889	5981,26
407,028	5981,25
407,168	5981,14
407,307	5983,41
407,446	5992,69
407,586	6004,46
407,725	6016,48
407,865	5995,9
408,004	5994,51
408,144	6016,06
408,283	5998,62
408,422	6007,28
408,562	6016,51
408,701	6040
408,841	6053,5
408,980	6048,85
409,120	6034,93
409,259	6034,76
409,398	6055,96
409,538	6063,39
409,677	6080,18
409,817	6057,59
409,956	6081,9
410,096	6069,56
410,235	6090,99
410,374	6081,95
410,514	6094,87
410,653	6096,25
410,793	6093,49
410,932	6095,33
411,072	6100,77
411,211	6113,12
411,351	6114,16
411,490	6125,12
411,629	6163,86
411,769	6110,93
411,908	6137,7
412,048	6150,31
412,187	6162,35
412,327	6159,24
412,466	6149,72
412,605	6135,44
412,745	6138,8
412,884	6152,06
413,024	6148,61
413,163	6154,95
413,303	6143,99
413,442	6150,33
413,581	6173,62
413,721	6142,63
413,860	6160,94
414,000	6158,79
414,139	6173,54
414,279	6156,77
414,418	6161,32
414,557	6164,9
414,697	6160,21
414,836	6172,47
414,976	6161,9
415,115	6194,97
415,255	6212,42
415,394	6216,85
415,534	6222,98
415,673	6220,57
415,812	6237,96
415,952	6231,85
416,091	6231,21
416,231	6238,26
416,370	6251,91
416,510	6268,56
416,649	6268,08
416,788	6245,1
416,928	6248,6
417,067	6289,04
417,207	6264,12
417,346	6259,7
417,486	6284,69
417,625	6298,66
417,764	6315,57
417,904	6317,4
418,043	6331,45
418,183	6328,72
418,322	6319,5
418,462	6325,31
418,601	6320,12
418,740	6318,65
418,880	6310,45
419,019	6339,83
419,159	6308,47
419,298	6345,85
419,438	6307,36
419,577	6316,67
419,717	6295,83
419,856	6291,24
419,995	6327,8
420,135	6355,47
420,274	6363,96
420,414	6367,47
420,553	6366,86
420,693	6402,48
420,832	6408,32
420,971	6403,49
421,111	6399,86
421,250	6393,18
421,390	6412,18
421,529	6409,74
421,669	6416,27
421,808	6417,52
421,947	6422,89
422,087	6424,69
422,226	6428,47
422,366	6446,9
422,505	6439,72
422,645	6426,56
422,784	6459,48
422,923	6486,51
423,063	6511,85
423,202	6508,08
423,342	6540,2
423,481	6510,11
423,621	6505,85
423,760	6512,65
423,899	6513,21
424,039	6509,33
424,178	6507,48
424,318	6505,73
424,457	6525,64
424,597	6521,08
424,736	6515,34
424,876	6515,04
425,015	6550,1
425,154	6532,56
425,294	6542,96
425,433	6567,83
425,573	6537,85
425,712	6549,01
425,852	6577,68
425,991	6576,21
426,130	6563
426,270	6564,78
426,409	6577,75
426,549	6586,66
426,688	6598,84
426,828	6580,01
426,967	6589,41
427,106	6608,74
427,246	6592,26
427,385	6594,13
427,525	6621,68
427,664	6633,22
427,804	6618,22
427,943	6610,57
428,082	6635,21
428,222	6675,66
428,361	6682,08
428,501	6666,27
428,640	6660,05
428,780	6711,74
428,919	6716,43
429,059	6719,31
429,198	6728,91
429,337	6727,96
429,477	6720,37
429,616	6718,55
429,756	6720,53
429,895	6740,62
430,035	6744,17
430,174	6729,42
430,313	6731,1
430,453	6729,68
430,592	6714,06
430,732	6763,06
430,871	6751,53
431,011	6740,06
431,150	6746,46
431,289	6795,68
431,429	6787,77
431,568	6806,8
431,708	6798,79
431,847	6807,13
431,987	6814,61
432,126	6796,29
432,265	6797,35
432,405	6796,9
432,544	6802,58
432,684	6830,15
432,823	6827,58
432,963	6832,27
433,102	6859,5
433,242	6827,17
433,381	6851,6
433,520	6856,66
433,660	6856,17
433,799	6874,38
433,939	6882,72
434,078	6889,22
434,218	6916,17
434,357	6908,09
434,496	6894,59
434,636	6926,72
434,775	6921,88
434,915	6919,42
435,054	7002,1
435,194	6963,05
435,333	6933,48
435,472	6934,4
435,612	6969,97
435,751	6975,07
435,891	6974,18
436,030	6986,2
436,170	7005,39
436,309	7030,81
436,448	7021,71
436,588	7006,38
436,727	7010,67
436,867	7006,87
437,006	7017,61
437,146	7033,9
437,285	7025,75
437,424	7022,45
437,564	7037,57
437,703	7018,19
437,843	7037,79
437,982	7062,3
438,122	7070,81
438,261	7077,05
438,401	7075,28
438,540	7098,62
438,679	7111,26
438,819	7142,36
438,958	7132,5
439,098	7108,47
439,237	7151,64
439,377	7138,32
439,516	7165,93
439,655	7161,79
439,795	7180,98
439,934	7157,9
440,074	7145,91
440,213	7160,08
440,353	7177,81
440,492	7184,81
440,631	7194,64
440,771	7205,5
440,910	7194,38
441,050	7231,81
441,189	7238,28
441,329	7242,31
441,468	7259,37
441,607	7283,38
441,747	7274,05
441,886	7310,24
442,026	7312,24
442,165	7305,64
442,305	7333,81
442,444	7355,26
442,584	7350,97
442,723	7353,95
442,862	7363,98
443,002	7318,85
443,141	7356,01
443,281	7388,02
443,420	7396,21
443,560	7374,89
443,699	7390,62
443,838	7402,06
443,978	7419,48
444,117	7425,48
444,257	7428,7
444,396	7447,88
444,536	7480,26
444,675	7504,45
444,814	7498,18
444,954	7497,35
445,093	7493,41
445,233	7521,62
445,372	7523,57
445,512	7500,63
445,651	7526,48
445,790	7482,82
445,930	7529,88
446,069	7511,99
446,209	7489,77
446,348	7530,26
446,488	7539,6
446,627	7547,26
446,767	7593,92
446,906	7626,42
447,045	7647,97
447,185	7645,91
447,324	7678,55
447,464	7730,38
447,603	7698,32
447,743	7701,61
447,882	7707,19
448,021	7722,94
448,161	7768,82
448,300	7744,14
448,440	7743,87
448,579	7754,53
448,719	7743,35
448,858	7742,28
448,997	7760,32
449,137	7771,9
449,276	7759,55
449,416	7760,13
449,555	7768,38
449,695	7791,14
449,834	7794,58
449,973	7818,9
450,113	7825,78
450,252	7848,18
450,392	7868,74
450,531	7902,86
450,671	7900,98
450,810	7912,82
450,949	7919,62
451,089	7952,3
451,228	7979,03
451,368	7970,26
451,507	7943,97
451,647	7993,57
451,786	7967,18
451,926	7970,26
452,065	7968,66
452,204	7953,43
452,344	7986,5
452,483	7978,97
452,623	8007,08
452,762	7989,35
452,902	8018,43
453,041	8019,39
453,180	8019,69
453,320	8049,26
453,459	8109
453,599	8121,88
453,738	8114,01
453,878	8125,96
454,017	8127,1
454,156	8166,89
454,296	8207,66
454,435	8172,45
454,575	8175,29
454,714	8167,41
454,854	8203,85
454,993	8197,4
455,132	8209,24
455,272	8222,34
455,411	8219,67
455,551	8231,27
455,690	8238,27
455,830	8247,85
455,969	8297,83
456,109	8333,33
456,248	8324,07
456,387	8353,57
456,527	8376,16
456,666	8424,83
456,806	8420,74
456,945	8464,69
457,085	8452,06
457,224	8440,96
457,363	8468,43
457,503	8465,08
457,642	8478,13
457,782	8475,97
457,921	8505,84
458,061	8496,72
458,200	8503,63
458,339	8503,32
458,479	8485,89
458,618	8512,64
458,758	8553,73
458,897	8594,68
459,037	8565,55
459,176	8573,41
459,315	8633,93
459,455	8661,8
459,594	8680,52
459,734	8674,63
459,873	8691,45
460,013	8705,08
460,152	8707,36
460,292	8714,7
460,431	8725,93
460,570	8751,87
460,710	8757,92
460,849	8752,98
460,989	8756,19
461,128	8760,65
461,268	8761,9
461,407	8777,34
461,546	8757,28
461,686	8744,39
461,825	8761,57
461,965	8772,1
462,104	8814,32
462,244	8844,57
462,383	8859,28
462,522	8903,54
462,662	8905,75
462,801	8936,37
462,941	8975,82
463,080	8988,03
463,220	9021,25
463,359	9018,66
463,498	9044,44
463,638	9130,49
463,777	9128,76
463,917	9129,39
464,056	9137,53
464,196	9191,41
464,335	9220,44
464,474	9209,66
464,614	9210,79
464,753	9215,19
464,893	9186,61
465,032	9159,62
465,172	9180,07
465,311	9175,75
465,451	9166,78
465,590	9156,52
465,729	9138,61
465,869	9144,5
466,008	9137,44
466,148	9100,16
466,287	9114,36
466,427	9119,54
466,566	9107,41
466,705	9140,96
466,845	9173,51
466,984	9203,78
467,124	9253,85
467,263	9261,81
467,403	9314,22
467,542	9352,75
467,681	9407,9
467,821	9455,59
467,960	9509,47
468,100	9556,69
468,239	9600,06
468,379	9621,2
468,518	9622,55
468,657	9641,29
468,797	9697,92
468,936	9725,64
469,076	9705,1
469,215	9711,96
469,355	9731
469,494	9756,23
469,634	9737,07
469,773	9716,12
469,912	9680,15
470,052	9641,05
470,191	9634,62
470,331	9605,4
470,470	9580,08
470,610	9575,95
470,749	9570,26
470,888	9575,2
471,028	9588,37
471,167	9590,65
471,307	9599,82
471,446	9623,94
471,586	9632,41
471,725	9629,57
471,864	9674,07
472,004	9731,61
472,143	9734,52
472,283	9767,25
472,422	9803,03
472,562	9818,26
472,701	9859,05
472,840	9912,37
472,980	9952,91
473,119	10013
473,259	10048,2
473,398	10109,8
473,538	10149,2
473,677	10183
473,817	10215,8
473,956	10233,5
474,095	10236,1
474,235	10238,5
474,374	10207,2
474,514	10214,5
474,653	10246,3
474,793	10247,7
474,932	10226,5
475,071	10201,5
475,211	10172,3
475,350	10174
475,490	10153,6
475,629	10145,2
475,769	10152,5
475,908	10167
476,047	10145,4
476,187	10148,3
476,326	10220,9
476,466	10219,5
476,605	10233,6
476,745	10258,9
476,884	10239,6
477,023	10267,6
477,163	10321,7
477,302	10350,5
477,442	10362,1
477,581	10380
477,721	10395,6
477,860	10404
477,999	10411,3
478,139	10444
478,278	10495,7
478,418	10562,3
478,557	10585,5
478,697	10641,7
478,836	10611,3
478,976	10650,7
479,115	10672
479,254	10704,6
479,394	10753
479,533	10731,1
479,673	10732,7
479,812	10785,1
479,952	10793,7
480,091	10810,9
480,230	10779,8
480,370	10751,8
480,509	10751,1
480,649	10769,7
480,788	10762,5
480,928	10773,8
481,067	10779,6
481,206	10774,6
481,346	10795,9
481,485	10821,2
481,625	10814,3
481,764	10867,1
481,904	10844,3
482,043	10876,5
482,182	10920,2
482,322	10942,5
482,461	10946,3
482,601	10959,6
482,740	10998,6
482,880	11018,8
483,019	11023
483,159	11049,3
483,298	11082,4
483,437	11109,6
483,577	11128,4
483,716	11070,4
483,856	11109,4
483,995	11180,5
484,135	11136,7
484,274	11139,4
484,413	11158,5
484,553	11193,3
484,692	11193,1
484,832	11154,4
484,971	11186,8
485,111	11241,1
485,250	11254,6
485,389	11299,9
485,529	11232,8
485,668	11283,7
485,808	11348,6
485,947	11336,6
486,087	11403,2
486,226	11419,7
486,365	11444
486,505	11473,1
486,644	11487,3
486,784	11532,2
486,923	11547,8
487,063	11562,1
487,202	11618,3
487,342	11596
487,481	11649,8
487,620	11645,6
487,760	11693,1
487,899	11715,1
488,039	11686,7
488,178	11649
488,318	11682,7
488,457	11736,8
488,596	11747,3
488,736	11738,5
488,875	11750,4
489,015	11743,2
489,154	11764,1
489,294	11744,6
489,433	11771,6
489,572	11784,8
489,712	11823,6
489,851	11785,4
489,991	11861
490,130	11894,6
490,270	11881,8
490,409	11912,1
490,548	11938,5
490,688	11957,5
490,827	11972,1
490,967	12006
491,106	12005,3
491,246	12046,5
491,385	12014,4
491,524	12040,2
491,664	12042,6
491,803	12110,6
491,943	12105,1
492,082	12114,4
492,222	12143,6
492,361	12168,6
492,501	12165
492,640	12151,4
492,779	12220,2
492,919	12219,3
493,058	12222,9
493,198	12198,5
493,337	12246,1
493,477	12227,3
493,616	12318
493,755	12316,6
493,895	12330,6
494,034	12334,7
494,174	12375,6
494,313	12412,7
494,453	12421,9
494,592	12460,1
494,731	12465,2
494,871	12512,2
495,010	12493
495,150	12590,9
495,289	12612,1
495,429	12666,8
495,568	12635,9
495,707	12664
495,847	12669,9
495,986	12727,1
496,126	12747,8
496,265	12713,3
496,405	12703,2
496,544	12723,6
496,684	12727,4
496,823	12756,3
496,962	12760,7
497,102	12735
497,241	12721,5
497,381	12725,2
497,520	12747,6
497,660	12751,2
497,799	12763,1
497,938	12740,4
498,078	12724,8
498,217	12725,7
498,357	12730,8
498,496	12747,9
498,636	12726,5
498,775	12765,9
498,914	12813,1
499,054	12787,7
499,193	12781,3
499,333	12767,8
499,472	12765,5
499,612	12757,8
499,751	12817,9
499,890	12869,1
500,030	12892,6
500,169	12909,2
500,309	12930,2
500,448	12960
500,588	12991,2
500,727	12962,2
500,867	13040,2
501,006	13054,2
501,145	13097,2
501,285	13208,3
501,424	13238,9
501,564	13325,1
501,703	13294,6
501,843	13299,5
501,982	13351,2
502,121	13366,7
502,261	13397,1
502,400	13421,6
502,540	13389,6
502,679	13402,8
502,819	13401
502,958	13414,5
503,097	13420,5
503,237	13363,3
503,376	13264,8
503,516	13258
503,655	13265,1
503,795	13241,9
503,934	13146,7
504,073	13128,9
504,213	13117,6
504,352	13084,2
504,492	13087,8
504,631	13054,9
504,771	13018
504,910	13015,2
505,049	13027,2
505,189	13048,6
505,328	13057,2
505,468	13093,5
505,607	13024,8
505,747	13081,6
505,886	13126,7
506,026	13125
506,165	13099,7
506,304	13080,6
506,444	13079,3
506,583	13073
506,723	13025,6
506,862	13012,6
507,002	13058,8
507,141	12979,1
507,280	12966,3
507,420	12868,6
507,559	12934,5
507,699	12807,6
507,838	12750,2
507,978	12776,6
508,117	12739,3
508,256	12748,1
508,396	12753,5
508,535	12685,3
508,675	12668,6
508,814	12713,9
508,954	12613,3
509,093	12609,8
509,232	12548,5
509,372	12546,9
509,511	12508,5
509,651	12555,3
509,790	12449,6
509,930	12431,3
510,069	12335,2
510,209	12297,1
510,348	12254,6
510,487	12144,9
510,627	12113,2
510,766	12165,3
510,906	12138
511,045	12076,4
511,185	11960,5
511,324	11998,9
511,463	12037,4
511,603	11999,3
511,742	11921,5
511,882	11847,6
512,021	11841,7
512,161	11829,6
512,300	11852,3
512,439	11836,8
512,579	11781,4
512,718	11737,8
512,858	11710,5
512,997	11666,1
513,137	11617,3
513,276	11605,8
513,415	11556
513,555	11550,4
513,694	11502,6
513,834	11507
513,973	11495,9
514,113	11545,4
514,252	11468,8
514,392	11438
514,531	11458,3
514,670	11466,4
514,810	11414,2
514,949	11390,9
515,089	11426,5
515,228	11399,4
515,368	11339,6
515,507	11376,6
515,646	11388,7
515,786	11383
515,925	11286,5
516,065	11322,9
516,204	11346,9
516,344	11341,8
516,483	11387,1
516,622	11328,7
516,762	11325,7
516,901	11349,5
517,041	11348,1
517,180	11367,9
517,320	11411,1
517,459	11414,9
517,598	11392,1
517,738	11417,5
517,877	11476
518,017	11481,3
518,156	11449,7
518,296	11496,7
518,435	11458,4
518,574	11421,4
518,714	11509,9
518,853	11465,7
518,993	11485,1
519,132	11533
519,272	11516,3
519,411	11507,5
519,551	11563,2
519,690	11624,7
519,829	11651,2
519,969	11623,2
520,108	11592,9
520,248	11646,3
520,387	11612,3
520,527	11571,5
520,666	11678
520,805	11677,3
520,945	11629,9
521,084	11680,9
521,224	11666,4
521,363	11670,6
521,503	11705,1
521,642	11708,4
521,781	11665,7
521,921	11656,4
522,060	11746,1
522,200	11724,1
522,339	11707,9
522,479	11752,2
522,618	11776,1
522,757	11756,5
522,897	11742,1
523,036	11721,4
523,176	11699,4
523,315	11729,9
523,455	11742,3
523,594	11740,7
523,734	11731,7
523,873	11702,8
524,012	11685,5
524,152	11710,1
524,291	11727,3
524,431	11702,2
524,570	11707,8
524,710	11734,5
524,849	11725,7
524,988	11753,9
525,128	11713,8
525,267	11797,4
525,407	11769,1
525,546	11794,9
525,686	11771,2
525,825	11816,2
525,964	11798
526,104	11790,9
526,243	11797,7
526,383	11803,4
526,522	11864,4
526,662	11882,6
526,801	11857,9
526,940	11891,2
527,080	11908,3
527,219	11913,2
527,359	11952,7
527,498	11975
527,638	11975,9
527,777	11998,4
527,917	12052
528,056	11981,5
528,195	11995,7
528,335	12033,4
528,474	12026
528,614	12036,8
528,753	12070,2
528,893	12085
529,032	12078,3
529,171	12028,8
529,311	12083,5
529,450	12139,4
529,590	12071,2
529,729	12001,3
529,869	12128,4
530,008	12131,1
530,147	12108,5
530,287	12130,7
530,426	12163
530,566	12094,3
530,705	12085,8
530,845	12141,1
530,984	12154,9
531,123	12141,1
531,263	12124,6
531,402	12121,9
531,542	12184,2
531,681	12126,1
531,821	12183,2
531,960	12098,2
532,099	12184,8
532,239	12147,1
532,378	12151,1
532,518	12155,3
532,657	12212,4
532,797	12225,4
532,936	12258,4
533,076	12264,8
533,215	12252,2
533,354	12241,5
533,494	12225,7
533,633	12221,6
533,773	12228,2
533,912	12230,2
534,052	12289,3
534,191	12333,5
534,330	12362,5
534,470	12226,9
534,609	12377,9
534,749	12358,3
534,888	12379,3
535,028	12383,6
535,167	12429
535,306	12443,1
535,446	12449
535,585	12431,3
535,725	12453,1
535,864	12463,1
536,004	12446,6
536,143	12497,1
536,282	12550
536,422	12503,5
536,561	12543
536,701	12587,5
536,840	12614,6
536,980	12600,9
537,119	12627,1
537,259	12732,5
537,398	12732
537,537	12726,7
537,677	12630,6
537,816	12707,8
537,956	12745,5
538,095	12751,8
538,235	12777,8
538,374	12823,8
538,513	12836,3
538,653	12841,7
538,792	12876,6
538,932	12873
539,071	12846,1
539,211	12820,8
539,350	12870,1
539,489	12862,7
539,629	12921,4
539,768	12934,5
539,908	12960,3
540,047	12961,7
540,187	13017,3
540,326	12976,6
540,465	13040
540,605	13039,7
540,744	13064,6
540,884	13059,4
541,023	13055,4
541,163	13087,2
541,302	13113,8
541,442	13140,2
541,581	13138,1
541,720	13149,9
541,860	13212,8
541,999	13191,3
542,139	13136,2
542,278	13166
542,418	13226,6
542,557	13162,1
542,696	13273,9
542,836	13266,5
542,975	13305,9
543,115	13281,4
543,254	13238,3
543,394	13282,6
543,533	13330,4
543,672	13328,9
543,812	13339,7
543,951	13379,7
544,091	13414,8
544,230	13458,1
544,370	13510,5
544,509	13504,2
544,648	13469,1
544,788	13525,9
544,927	13505,9
545,067	13553,8
545,206	13657,2
545,346	13661,4
545,485	13697,2
545,624	13662,7
545,764	13769,2
545,903	13742,7
546,043	13728,2
546,182	13826,2
546,322	13825
546,461	13783,2
546,601	13819,6
546,740	13846,9
546,879	13915,3
547,019	13985,8
547,158	13945
547,298	13898,2
547,437	13924,8
547,577	13998,8
547,716	13924,3
547,855	14037,1
547,995	14056,5
548,134	14026,9
548,274	14044,8
548,413	14089,6
548,553	14077,8
548,692	14002,6
548,831	14046
548,971	14084,6
549,110	14115,5
549,250	14193,2
549,389	14169,8
549,529	14090,4
549,668	14163,2
549,807	14214,9
549,947	14197,7
550,086	14198,7
550,226	14202,9
550,365	14279,9
550,505	14237,7
550,644	14350,8
550,784	14287,6
550,923	14381,7
551,062	14338,3
551,202	14345,3
551,341	14419,1
551,481	14436,9
551,620	14458,8
551,760	14437,6
551,899	14448,8
552,038	14454,3
552,178	14466,1
552,317	14535,7
552,457	14504,3
552,596	14529
552,736	14618,6
552,875	14601,5
553,014	14608,5
553,154	14646,8
553,293	14583,9
553,433	14644,6
553,572	14649,7
553,712	14693,4
553,851	14654,3
553,990	14739,9
554,130	14811
554,269	14797,4
554,409	14842,6
554,548	14844,9
554,688	14840,8
554,827	14875,1
554,967	14868,7
555,106	14828,5
555,245	14903,2
555,385	14948,4
555,524	14909,2
555,664	14939,9
555,803	14912,4
555,943	15009
556,082	15041,4
556,221	15018,4
556,361	15038,3
556,500	15166,3
556,640	15084,9
556,779	15082,3
556,919	15109,4
557,058	15129,7
557,197	15200,9
557,337	15231,4
557,476	15256,1
557,616	15272,9
557,755	15305,6
557,895	15317,8
558,034	15302,7
558,173	15317,9
558,313	15327,3
558,452	15409,3
558,592	15402
558,731	15405,3
558,871	15443,5
559,010	15411,8
559,149	15499
559,289	15531,9
559,428	15558,4
559,568	15676,1
559,707	15669,1
559,847	15663,2
559,986	15721,9
560,126	15721,3
560,265	15717,4
560,404	15728,7
560,544	15792,3
560,683	15892,9
560,823	15884,4
560,962	15870,6
561,102	15916,8
561,241	15938,8
561,380	16017,3
561,520	16057
561,659	16028,4
561,799	16194
561,938	16221,8
562,078	16213,7
562,217	16314,8
562,356	16270,2
562,496	16347,7
562,635	16325,7
562,775	16378,7
562,914	16387,9
563,054	16445,6
563,193	16526,4
563,332	16503,7
563,472	16564,3
563,611	16617,8
563,751	16627,3
563,890	16641,3
564,030	16678,1
564,169	16737,9
564,309	16776,2
564,448	16861,5
564,587	16888,8
564,727	16974,2
564,866	16908,7
565,006	16989,1
565,145	17032,1
565,285	16952,3
565,424	17066,2
565,563	17189,8
565,703	17144
565,842	17260,5
565,982	17272,5
566,121	17312,4
566,261	17295,7
566,400	17397,2
566,539	17444,3
566,679	17423,1
566,818	17447,6
566,958	17490,6
567,097	17560
567,237	17628,2
567,376	17657,4
567,515	17703
567,655	17731,1
567,794	17784
567,934	17834,7
568,073	17842,5
568,213	17923,6
568,352	17966,6
568,492	18015,8
568,631	18052,6
568,770	18047,9
568,910	18124
569,049	18191,1
569,189	18270,4
569,328	18284,6
569,468	18331,3
569,607	18350,4
569,746	18452
569,886	18503
570,025	18503,6
570,165	18611,8
570,304	18655,2
570,444	18678,8
570,583	18701,6
570,722	18723,5
570,862	18814,7
571,001	18876,2
571,141	18898,3
571,280	18851,6
571,420	18985,4
571,559	19021,4
571,698	19160,9
571,838	19183,6
571,977	19223,7
572,117	19198,4
572,256	19262
572,396	19326,3
572,535	19413,7
572,675	19436,8
572,814	19464,2
572,953	19555,9
573,093	19752,2
573,232	19747,5
573,372	19778,5
573,511	19805,3
573,651	19874,5
573,790	19916
573,929	19957,1
574,069	20091,8
574,208	20152,1
574,348	20167,4
574,487	20237,7
574,627	20220,6
574,766	20257,3
574,905	20308,7
575,045	20431,3
575,184	20504,4
575,324	20535,2
575,463	20581,8
575,603	20685,1
575,742	20707,7
575,881	20815,6
576,021	20793,7
576,160	20955,3
576,300	20975,5
576,439	21004,6
576,579	21115
576,718	21206,5
576,857	21191
576,997	21221,2
577,136	21260,4
577,276	21367,3
577,415	21429
577,555	21465
577,694	21539,3
577,834	21558,7
577,973	21713,3
578,112	21691,8
578,252	21740,3
578,391	21820,2
578,531	21806,7
578,670	21921,2
578,810	22018,2
578,949	21983,2
579,088	22044,4
579,228	22206
579,367	22212,8
579,507	22307,7
579,646	22430,5
579,786	22433,2
579,925	22423,5
580,064	22481
580,204	22542,3
580,343	22640,6
580,483	22674,4
580,622	22759
580,762	22853,1
580,901	22876
581,040	22985,2
581,180	23078
581,319	23101,1
581,459	23171,6
581,598	23272,7
581,738	23256,2
581,877	23303,3
582,017	23372,1
582,156	23431,4
582,295	23551,6
582,435	23665,7
582,574	23673,1
582,714	23829,7
582,853	23825,7
582,993	23899,9
583,132	23954,5
583,271	24007,8
583,411	24097,7
583,550	24124,2
583,690	24217,6
583,829	24303,2
583,969	24295,8
584,108	24416,2
584,247	24520,7
584,387	24658,9
584,526	24677,2
584,666	24743,6
584,805	24734,5
584,945	24846,3
585,084	24960,8
585,223	25029,4
585,363	25115,4
585,502	25215
585,642	25275,8
585,781	25296,5
585,921	25329,4
586,060	25455,2
586,200	25589
586,339	25563,6
586,478	25678,8
586,618	25731,7
586,757	25784,7
586,897	25867,8
587,036	26024,9
587,176	26042,3
587,315	26097,7
587,454	26180,7
587,594	26178,3
587,733	26169,4
587,873	26293,7
588,012	26391,3
588,152	26436,8
588,291	26446,1
588,430	26549,5
588,570	26674,3
588,709	26761,6
588,849	26680,8
588,988	26811,5
589,128	26914,6
589,267	26976,3
589,406	26981,1
589,546	27104,3
589,685	27202,3
589,825	27240,4
589,964	27309,7
590,104	27297,5
590,243	27394,4
590,382	27529,3
590,522	27602,8
590,661	27687,8
590,801	27664,5
590,940	27764,3
591,080	27878,1
591,219	27924,6
591,359	28022
591,498	28039,9
591,637	28070,6
591,777	28126,7
591,916	28135,1
592,056	28228,6
592,195	28333,6
592,335	28450,5
592,474	28497,1
592,613	28536,7
592,753	28561,1
592,892	28674,8
593,032	28742,2
593,171	28747,5
593,311	28767,7
593,450	28948,8
593,589	29006,2
593,729	29091,8
593,868	29178,1
594,008	29253
594,147	29248
594,287	29280,3
594,426	29339,4
594,565	29473,1
594,705	29415
594,844	29525
594,984	29547,2
595,123	29767,4
595,263	29778,2
595,402	29841,1
595,542	29894
595,681	29881,1
595,820	30032,7
595,960	30030
596,099	30091,2
596,239	30188,1
596,378	30198,3
596,518	30318,6
596,657	30365,1
596,796	30433,2
596,936	30468,5
597,075	30506,8
597,215	30590,4
597,354	30732,4
597,494	30759,5
597,633	30787,3
597,772	30960,3
597,912	30926,4
598,051	31037,1
598,191	31007,1
598,330	31188,9
598,470	31236
598,609	31217,2
598,748	31272,3
598,888	31301,9
599,027	31392
599,167	31468,5
599,306	31474,6
599,446	31608,5
599,585	31606,6
599,725	31681,3
599,864	31763,6
600,003	31820,9
600,143	31973,4
600,282	31947,4
600,422	32034,9
600,561	32042,5
600,701	32128,4
600,840	32105,5
600,979	32218,6
601,119	32330,1
601,258	32391,8
601,398	32426,9
601,537	32465,3
601,677	32509,4
601,816	32546,4
601,955	32544,8
602,095	32604,8
602,234	32777,2
602,374	32887,5
602,513	32970,7
602,653	32943,2
602,792	33018,1
602,931	32942,6
603,071	33081,6
603,210	33101
603,350	33363,7
603,489	33349,3
603,629	33382,6
603,768	33439,6
603,907	33593,5
604,047	33678,4
604,186	33740,3
604,326	33645,5
604,465	33801,9
604,605	33929,8
604,744	33846,3
604,884	34108,5
605,023	34033,4
605,162	34147,8
605,302	34134,1
605,441	34255,9
605,581	34303,6
605,720	34358,2
605,860	34497,4
605,999	34429,9
606,138	34517,3
606,278	34706,2
606,417	34612
606,557	34765,1
606,696	34877
606,836	34837,3
606,975	34815,7
607,114	34919
607,254	35061,9
607,393	35114,1
607,533	35197
607,672	35206,7
607,812	35185,4
607,951	35251
608,090	35335,1
608,230	35361,7
608,369	35491,1
608,509	35533,5
608,648	35665,1
608,788	35610,5
608,927	35626
609,067	35747,7
609,206	35818,3
609,345	35817,5
609,485	35955,4
609,624	35977,2
609,764	36007
609,903	36060
610,043	36137,9
610,182	36287,7
610,321	36342
610,461	36216,2
610,600	36419,3
610,740	36437,9
610,879	36447,9
611,019	36626,7
611,158	36687,1
611,297	36664,1
611,437	36713,6
611,576	36772,9
611,716	36833,1
611,855	36956,1
611,995	37114,2
612,134	37135,3
612,273	37137,1
612,413	37223,6
612,552	37270
612,692	37252,6
612,831	37340,6
612,971	37425,6
613,110	37542,3
613,250	37593,1
613,389	37744,2
613,528	37694,6
613,668	37951,3
613,807	38041,5
613,947	37903,7
614,086	37956,7
614,226	38064,3
614,365	38137,6
614,504	38261,1
614,644	38317,6
614,783	38296,2
614,923	38356,2
615,062	38424,2
615,202	38454
615,341	38637,6
615,480	38756,8
615,620	38759,6
615,759	38608,4
615,899	38866,9
616,038	38909,1
616,178	38839,8
616,317	38986,8
616,456	39000,8
616,596	39190,5
616,735	39153,5
616,875	39277
617,014	39390
617,154	39354,1
617,293	39450
617,432	39508,6
617,572	39613,8
617,711	39750,1
617,851	39820,7
617,990	39791,3
618,130	39948,4
618,269	39970,2
618,409	40118,8
618,548	40178,6
618,687	40068,6
618,827	40113,3
618,966	40277
619,106	40401,8
619,245	40477,7
619,385	40549,5
619,524	40674,6
619,663	40776,8
619,803	40817,5
619,942	40870
620,082	40904,7
620,221	40926,1
620,361	40959,2
620,500	41060,4
620,639	41122,2
620,779	41116,8
620,918	41322
621,058	41401,1
621,197	41376,8
621,337	41472,1
621,476	41626,4
621,615	41551,6
621,755	41707,2
621,894	41816,1
622,034	41790,8
622,173	41772,2
622,313	41906,8
622,452	42080,8
622,592	42062,8
622,731	42112,1
622,870	42244,8
623,010	42399
623,149	42390,1
623,289	42436,9
623,428	42562,1
623,568	42620,4
623,707	42734,3
623,846	42702,3
623,986	42921,8
624,125	42955,7
624,265	42987,6
624,404	43109,4
624,544	43035,2
624,683	43244,6
624,822	43345,8
624,962	43293,4
625,101	43402
625,241	43465,6
625,380	43569,3
625,520	43564,3
625,659	43599
625,798	43661,3
625,938	43680,2
626,077	43752,7
626,217	43822,8
626,356	43874,5
626,496	43934
626,635	43983,3
626,775	44139,3
626,914	44172,7
627,053	44411,3
627,193	44352,1
627,332	44389
627,472	44457,2
627,611	44728,5
627,751	44798,9
627,890	44725,9
628,029	44820
628,169	44865,2
628,308	44743,7
628,448	44756
628,587	44985,9
628,727	45107
628,866	45207,3
629,005	45332,6
629,145	45374,4
629,284	45436
629,424	45529,4
629,563	45603,7
629,703	45647,6
629,842	45680,7
629,981	45827,1
630,121	45782,7
630,260	45872,3
630,400	45929,8
630,539	46061,9
630,679	46043,8
630,818	45989,6
630,957	46205,5
631,097	46214,5
631,236	46239,6
631,376	46216,2
631,515	46295,8
631,655	46366,1
631,794	46500,7
631,934	46536,4
632,073	46559,4
632,212	46633
632,352	46651,4
632,491	46737,1
632,631	46759,8
632,770	46803,6
632,910	46934,3
633,049	47071,7
633,188	47046,7
633,328	47017,1
633,467	46900,2
633,607	47176,6
633,746	47258,9
633,886	47377,1
634,025	47322,7
634,164	47406,2
634,304	47394,6
634,443	47486,3
634,583	47727,5
634,722	47811,9
634,862	47760,2
635,001	47827,4
635,140	47800,4
635,280	47898,8
635,419	47961,1
635,559	47993,5
635,698	48090,7
635,838	48097
635,977	48177
636,117	48288,4
636,256	48380,9
636,395	48564,3
636,535	48666,5
636,674	48436,3
636,814	48689,8
636,953	48712,5
637,093	48891,1
637,232	48776,3
637,371	49107,1
637,511	49145,8
637,650	49202,4
637,790	49218
637,929	49172,1
638,069	49460,5
638,208	49433,4
638,347	49557,4
638,487	49724,4
638,626	49790,6
638,766	49798,4
638,905	49812,1
639,045	49984,3
639,184	50158,1
639,323	50132,6
639,463	50184,9
639,602	50295,9
639,742	50301,9
639,881	50321
640,021	50541,8
640,160	50638,4
640,300	50559
640,439	50810
640,578	50932,6
640,718	50991,9
640,857	50931,9
640,997	50907,4
641,136	50838,5
641,276	51075
641,415	51240,4
641,554	51165,6
641,694	51337,3
641,833	51471,9
641,973	51552,9
642,112	51618
642,252	51539,7
642,391	51499,4
642,530	51579,7
642,670	51732,9
642,809	51918,6
642,949	51945,4
643,088	51847
643,228	51969,1
643,367	52134,4
643,506	52334,6
643,646	52053,1
643,785	52375,3
643,925	52392,1
644,064	52705,1
644,204	52460,9
644,343	52693,5
644,482	52582,5
644,622	52851,4
644,761	53048,4
644,901	53009,2
645,040	52916,8
645,180	52980
645,319	53017,9
645,459	53094,8
645,598	53161,8
645,737	53230,8
645,877	53301,3
646,016	53341,4
646,156	53372,9
646,295	53467,8
646,435	53606,3
646,574	53546,8
646,713	53448,8
646,853	53645,4
646,992	53671,9
647,132	53686,6
647,271	53633,7
647,411	53675,3
647,550	53860,3
647,689	53748,1
647,829	53901,5
647,968	54034,3
648,108	54059
648,247	54098,9
648,387	54060
648,526	54180,5
648,665	54306,2
648,805	54441,7
648,944	54568,3
649,084	54625,9
649,223	54624,9
649,363	54642,9
649,502	54729,2
649,642	54798,8
649,781	54897,5
649,920	54956,8
650,060	55049,3
650,199	55200,4
650,339	55147,6
650,478	55353,5
650,618	55489,3
650,757	55517,2
650,896	55706,2
651,036	55736,9
651,175	55916,7
651,315	56231,5
651,454	56108,5
651,594	56110,4
651,733	56165,7
651,872	56227,9
652,012	56376,9
652,151	56349,2
652,291	56726,9
652,430	56766,8
652,570	56715,6
652,709	56581,1
652,848	56821,7
652,988	56764
653,127	56936,7
653,267	57137,6
653,406	57190,6
653,546	57266,7
653,685	57469,7
653,825	57716,7
653,964	57813,1
654,103	57789,9
654,243	57782,3
654,382	57766,2
654,522	57731,3
654,661	57814,3
654,801	58016,1
654,940	57937,6
655,079	58117,3
655,219	58189,8
655,358	58555,3
655,498	58496
655,637	58364,1
655,777	58337,2
655,916	58456,4
656,055	58512,3
656,195	58751,5
656,334	58841,8
656,474	58733,9
656,613	58947,2
656,753	59040,1
656,892	59090,4
657,031	59262,2
657,171	59371,9
657,310	59396,3
657,450	59375,3
657,589	59589,6
657,729	59851,2
657,868	60040,3
658,007	60145,5
658,147	60120
658,286	60076,3
658,426	60028,4
658,565	60136,4
658,705	60270,1
658,844	60213,2
658,984	60280,5
659,123	60274,6
659,262	60345,1
659,402	60469,4
659,541	60488,5
659,681	60403,6
659,820	60606,5
659,960	60851,8
660,099	60647,7
660,238	60821,3
660,378	61042,8
660,517	61313,2
660,657	61401,1
660,796	61266,7
660,936	61372
661,075	61550,8
661,214	61584,6
661,354	61725,1
661,493	61822,5
661,633	61882,6
661,772	61931
661,912	61988,8
662,051	62038,9
662,190	62091,1
662,330	62222,2
662,469	62350,4
662,609	62423,6
662,748	62520,3
662,888	62628,5
663,027	62750,8
663,167	62856,5
663,306	62959,5
663,445	63031,4
663,585	63103,1
663,724	63189,1
663,864	63247,4
664,003	63309,4
664,143	63488,4
664,282	63634,7
664,421	63743,1
664,561	63632
664,700	63785,1
664,840	63874,4
664,979	63890,7
665,119	63812,9
665,258	63989,6
665,397	63964,6
665,537	64047,5
665,676	64076,4
665,816	64217,1
665,955	64449,9
666,095	64211,8
666,234	64402,5
666,373	64492,9
666,513	64333,8
666,652	64459,1
666,792	64685
666,931	64715,4
667,071	64872,5
667,210	65036,1
667,350	65027,2
667,489	65054,4
667,628	65095,4
667,768	65174,4
667,907	65297,1
668,047	65508,5
668,186	65342,9
668,326	65338,3
668,465	65556
668,604	65629,1
668,744	65623,5
668,883	65570
669,023	65590,3
669,162	65584,7
669,302	65605,7
669,441	65815,5
669,580	65960,2
669,720	66040,4
669,859	66037,6
669,999	66313
670,138	66258,1
670,278	66343,2
670,417	66424,8
670,556	66532,6
670,696	66586,5
670,835	66642,6
670,975	66859,8
671,114	67137,8
671,254	67095,8
671,393	67262,7
671,532	67399,7
671,672	67262,9
671,811	67260,7
671,951	67371,3
672,090	67379,2
672,230	67341,2
672,369	67306,1
672,509	67377,9
672,648	67552,2
672,787	67614,9
672,927	67646,3
673,066	67789,1
673,206	67826,8
673,345	67776,9
673,485	67949,2
673,624	68047,8
673,763	68226,7
673,903	68271,9
674,042	68528,5
674,182	68366,4
674,321	68488,1
674,461	68651
674,600	68407,3
674,739	68520,9
674,879	68574,3
675,018	68566,4
675,158	68691,2
675,297	68705,1
675,437	68671,7
675,576	68826,4
675,715	68573,8
675,855	68950,8
675,994	69069,4
676,134	68959,8
676,273	69021,9
676,413	68871,7
676,552	69235,8
676,692	69343,8
676,831	69274,6
676,970	69309,1
677,110	69479,5
677,249	69527,2
677,389	69705,5
677,528	69810,7
677,668	69853,9
677,807	69910
677,946	69905,5
678,086	70022,2
678,225	70221,8
678,365	70369,4
678,504	70431,5
678,644	70346,8
678,783	70289,3
678,922	70331,2
679,062	70449,3
679,201	70444,5
679,341	70488,1
679,480	70433,2
679,620	70417
679,759	70261,2
679,898	70472,9
680,038	70397
680,177	70594,5
680,317	70737,4
680,456	70888,6
680,596	71052,6
680,735	71193,5
680,875	71401,4
681,014	71145,1
681,153	71006,6
681,293	71303,4
681,432	71439
681,572	71549,8
681,711	71716,6
681,851	71342,9
681,990	71657,8
682,129	71553,3
682,269	71384,7
682,408	71407,9
682,548	71576,4
682,687	71454,6
682,827	71388,8
682,966	71438,9
683,105	71531,5
683,245	71584,4
683,384	71642,8
683,524	71646,4
683,663	71735,2
683,803	71854,6
683,942	71756,7
684,081	71710,9
684,221	71867,4
684,360	71891
684,500	71831
684,639	71925,7
684,779	72002,4
684,918	72011,7
685,057	72134,8
685,197	72203,2
685,336	72199
685,476	72305,6
685,615	72352,9
685,755	72395,2
685,894	72428,4
686,034	72277,7
686,173	72153,9
686,312	72395,7
686,452	72627,4
686,591	72296
686,731	72477,7
686,870	72593,1
687,010	72582
687,149	72719,2
687,288	72645,6
687,428	72733,5
687,567	72620,5
687,707	72861,9
687,846	73009,4
687,986	72847,9
688,125	72874,8
688,264	73226,2
688,404	73408,8
688,543	73535,8
688,683	73598,9
688,822	73574,2
688,962	73514
689,101	73535,1
689,240	73861,9
689,380	73769,8
689,519	74038,1
689,659	73981,8
689,798	74013,4
689,938	74184,6
690,077	74113,4
690,217	74180,4
690,356	74234,9
690,495	74356,5
690,635	74381,8
690,774	74559,6
690,914	74439,1
691,053	74389,2
691,193	74429,3
691,332	74514,4
691,471	74537,1
691,611	74565
691,750	74637,1
691,890	74833,4
692,029	74713,2
692,169	74542,4
692,308	74767
692,447	74975,8
692,587	75034,1
692,726	75173,9
692,866	75222,8
693,005	75199
693,145	75207,8
693,284	75463,7
693,423	75673,5
693,563	75576,2
693,702	75628
693,842	75673,4
693,981	75667
694,121	75911,9
694,260	75959,2
694,400	75834,3
694,539	75813,2
694,678	75646,1
694,818	75842,8
694,957	76034,3
695,097	76082,2
695,236	76068,3
695,376	76257,2
695,515	76512,2
695,654	76496,8
695,794	76630,2
695,933	76747,6
696,073	76657,6
696,212	76770,2
696,352	76624,3
696,491	76440,7
696,630	76804,1
696,770	76745
696,909	77060,6
697,049	77327,1
697,188	77204,6
697,328	77280,6
697,467	77353,6
697,606	77689
697,746	77697,2
697,885	77601,8
698,025	77756,6
698,164	77871,1
698,304	77905,3
698,443	77851,6
698,582	77909,5
698,722	78155,8
698,861	78239,3
699,001	78544,8
699,140	78527,9
699,280	78407,1
699,419	78337,4
699,559	78332,2
699,698	78351,5
699,837	78484,1
699,977	78478,1
700,116	78482
700,256	78474,8
700,395	78690
700,535	78856,3
700,674	78978,5
700,813	79040,3
700,953	79073
701,092	79130
701,232	79239,4
701,371	79269,3
701,511	79372
701,650	79493,2
701,789	79591,5
701,929	79749
702,068	79893,8
702,208	79959,5
702,347	80003,4
702,487	80250,7
702,626	80391,2
702,765	80293,1
702,905	80389,7
703,044	80462,1
703,184	80604,6
703,323	80665,5
703,463	80608,9
703,602	80713
703,742	80827,8
703,881	81079,8
704,020	81019,3
704,160	80938,8
704,299	80910
704,439	80963,7
704,578	80896,3
704,718	80766,7
704,857	80744,3
704,996	80841,8
705,136	80988,7
705,275	80976
705,415	81068,9
705,554	81294,8
705,694	81274,4
705,833	81268,9
705,972	81350,8
706,112	81412,5
706,251	81689,4
706,391	81793,5
706,530	81839,9
706,670	82150,1
706,809	82224,1
706,948	82395,9
707,088	82498
707,227	82359,8
707,367	82505,8
707,506	82795,2
707,646	82886
707,785	82894,9
707,925	83137,3
708,064	83169,9
708,203	83260,4
708,343	83400,5
708,482	83466,1
708,622	83536,3
708,761	83385,6
708,901	83565,3
709,040	83594,7
709,179	83813,7
709,319	83918,9
709,458	83876,9
709,598	83759,7
709,737	83849
709,877	83989,1
710,016	83894,7
710,155	84393,4
710,295	84190,9
710,434	84283,7
710,574	84513,3
710,713	84422,9
710,853	84708,7
710,992	84857,4
711,131	84780,3
711,271	84897,6
711,410	84841,3
711,550	85009,5
711,689	85038,5
711,829	85154,1
711,968	85066,5
712,108	85053,8
712,247	85055,1
712,386	85297,5
712,526	85394,6
712,665	85259,1
712,805	85251,1
712,944	85372,6
713,084	85499,9
713,223	85489,7
713,362	85848,5
713,502	85881,9
713,641	85798,9
713,781	85894,4
713,920	86021,8
714,060	86114,3
714,199	86272,9
714,338	86260,3
714,478	86426,7
714,617	86617
714,757	86668,8
714,896	86668,3
715,036	86772,1
715,175	87008,4
715,314	87013,4
715,454	86923,5
715,593	86841,9
715,733	86772
715,872	86847,6
716,012	86784,6
716,151	86791,6
716,290	86933,8
716,430	87253,1
716,569	87330,1
716,709	87372,9
716,848	87313,1
716,988	87425,3
717,127	87465,8
717,267	87618,6
717,406	87513,3
717,545	87680,7
717,685	87711,2
717,824	87734,7
717,964	87903,7
718,103	87869,1
718,243	87905,7
718,382	87862,1
718,521	88002,4
718,661	88131,4
718,800	87980,7
718,940	87954,6
719,079	87923,3
719,219	88078,3
719,358	88071,9
719,497	88044,7
719,637	88224,3
719,776	88481,4
719,916	88562,1
720,055	88615,3
720,195	88776,2
720,334	88922,5
720,473	88969,1
720,613	89039,2
720,752	89175,8
720,892	89243,5
721,031	89238,1
721,171	89412
721,310	89433,3
721,450	89624,2
721,589	89662,2
721,728	89445,6
721,868	89510,1
722,007	89626,4
722,147	89846,5
722,286	89921,1
722,426	89811,5
722,565	89830,2
722,704	89980,8
722,844	90242,6
722,983	90264,1
723,123	90391,4
723,262	90533,1
723,402	90542,4
723,541	90702,5
723,680	90939,6
723,820	91010,3
723,959	91026,3
724,099	91207,4
724,238	91373,2
724,378	91397
724,517	91453,4
724,656	91498,2
724,796	91491,9
724,935	91360
725,075	91428,1
725,214	91389,7
725,354	91396
725,493	91525,1
725,633	91725,5
725,772	91784,5
725,911	91672,1
726,051	91826,5
726,190	91962,4
726,330	91994,2
726,469	92084,4
726,609	92110,5
726,748	91978,9
726,887	92090
727,027	92032,1
727,166	92090,5
727,306	92149,8
727,445	92208,4
727,585	92428,9
727,724	92468,2
727,863	92495,5
728,003	92448
728,142	92469,4
728,282	92735,1
728,421	92918,2
728,561	92999,9
728,700	93066,5
728,839	93165,8
728,979	93025,4
729,118	93198,7
729,258	93395,1
729,397	93509,2
729,537	93539,4
729,676	93595,4
729,815	93709,6
729,955	93678,1
730,094	93679,4
730,234	93629,5
730,373	93742,9
730,513	93779,8
730,652	93780,4
730,792	93904,6
730,931	93952,4
731,070	93718,4
731,210	93857,5
731,349	94168
731,489	94290,5
731,628	94279,3
731,768	94416,4
731,907	94609
732,046	94674,8
732,186	94646,8
732,325	94520,6
732,465	94667
732,604	94834,5
732,744	94848,7
732,883	94916,4
733,022	95075,5
733,162	95385,8
733,301	95299,4
733,441	95360,2
733,580	95290,9
733,720	95253,1
733,859	95300,5
733,998	95136,2
734,138	95079,6
734,277	95043,9
734,417	95297,5
734,556	95047,3
734,696	95003,5
734,835	95235,6
734,975	95394,7
735,114	95266,5
735,253	95306,1
735,393	95768
735,532	95936,2
735,672	95911,4
735,811	96144,9
735,951	96103,3
736,090	96237,6
736,229	96337,7
736,369	96393,9
736,508	96407,1
736,648	96549,6
736,787	96415
736,927	96506,1
737,066	96443,9
737,205	96369,1
737,345	96497,9
737,484	96299,1
737,624	96225,4
737,763	96166,6
737,903	96070,4
738,042	96013,9
738,181	96025
738,321	96031,2
738,460	96047,7
738,600	96036,8
738,739	96118,1
738,879	96184,3
739,018	96081
739,158	96011,9
739,297	96315,5
739,436	96153,7
739,576	96346
739,715	96077,9
739,855	96405,4
739,994	96424,1
740,134	96739,2
740,273	96671,1
740,412	96771
740,552	96660,5
740,691	97005,3
740,831	97208,1
740,970	97392,4
741,110	97479
741,249	97578,9
741,388	97785,2
741,528	97889,2
741,667	98137
741,807	98046
741,946	98024,5
742,086	98145,3
742,225	98467,2
742,364	98436
742,504	98364,2
742,643	98369
742,783	98373,3
742,922	98222,6
743,062	98203,3
743,201	98093
743,340	98004,4
743,480	97849,5
743,619	98085,1
743,759	98013,6
743,898	98065,4
744,038	97962
744,177	97774,4
744,317	97914,8
744,456	98059,7
744,595	97981
744,735	98030,9
744,874	98159,2
745,014	98284,2
745,153	98506
745,293	98681,3
745,432	98420,8
745,571	98654,6
745,711	98610,5
745,850	98815,9
745,990	98987,9
746,129	98976,8
746,269	99064,8
746,408	99085,7
746,547	99082,3
746,687	99343,2
746,826	99597,3
746,966	99558,6
747,105	99579,8
747,245	99767,2
747,384	99526
747,523	99806,3
747,663	99952,9
747,802	99931,9
747,942	99959,9
748,081	99991,2
748,221	99965,8
748,360	99993
748,500	100032
748,639	99922,7
748,778	99918,9
748,918	99856,6
749,057	99823,3
749,197	99898,9
749,336	99972,1
749,476	99971,2
749,615	99901,1
749,754	99897,4
749,894	99819,8
750,033	99842
750,173	99965,1
750,312	99994,8
750,452	99923,3
750,591	99961,5
750,730	100248
750,870	100178
751,009	100461
751,149	100438
751,288	100599
751,428	100674
751,567	100712
751,706	100607
751,846	100664
751,985	100956
752,125	101095
752,264	101103
752,404	101076
752,543	101126
752,683	101086
752,822	101314
752,961	101482
753,101	101622
753,240	101635
753,380	101921
753,519	101530
753,659	101484
753,798	101445
753,937	101603
754,077	101774
754,216	101589
754,356	101554
754,495	101495
754,635	101288
754,774	101276
754,913	101186
755,053	101103
755,192	101045
755,332	101018
755,471	101030
755,611	101045
755,750	101153
755,889	101107
756,029	101104
756,168	101251
756,308	101446
756,447	101592
756,587	101608
756,726	101684
756,865	101885
757,005	102227
757,144	102474
757,284	102431
757,423	102426
757,563	102489
757,702	102421
757,842	102495
757,981	102773
758,120	102841
758,260	102634
758,399	102588
758,539	102602
758,678	102609
758,818	102942
758,957	102791
759,096	102416
759,236	102355
759,375	102403
759,515	102278
759,654	102326
759,794	102282
759,933	102500
760,072	102432
760,212	102542
760,351	102609
760,491	103084
760,630	102886
760,770	103232
760,909	103081
761,048	103105
761,188	103278
761,327	103583
761,467	103424
761,606	103442
761,746	103579
761,885	103218
762,025	103165
762,164	103268
762,303	102966
762,443	102648
762,582	102687
762,722	102641
762,861	102483
763,001	102440
763,140	102613
763,279	102496
763,419	102673
763,558	102767
763,698	102830
763,837	103082
763,977	103096
764,116	103138
764,255	103129
764,395	103321
764,534	103511
764,674	103712
764,813	103830
764,953	103802
765,092	103896
765,231	103817
765,371	103783
765,510	103898
765,650	103846
765,789	103741
765,929	103620
766,068	103689
766,208	103645
766,347	103580
766,486	103487
766,626	103428
766,765	103481
766,905	103427
767,044	103488
767,184	103232
767,323	103054
767,462	103151
767,602	103076
767,741	102933
767,881	103044
768,020	103140
768,160	103028
768,299	103161
768,438	103437
768,578	103420
768,717	103557
768,857	103753
768,996	103576
769,136	103612
769,275	103805
769,414	103901
769,554	104135
769,693	104136
769,833	104346
769,972	104368
770,112	104516
770,251	104673
770,390	104773
770,530	104797
770,669	104591
770,809	104566
770,948	104993
771,088	105030
771,227	104883
771,367	104823
771,506	104803
771,645	104865
771,785	104822
771,924	104645
772,064	104254
772,203	104316
772,343	103971
772,482	103951
772,621	104023
772,761	103839
772,900	103832
773,040	103751
773,179	103834
773,319	103737
773,458	103885
773,597	103747
773,737	103571
773,876	103806
774,016	103531
774,155	103644
774,295	103800
774,434	103922
774,573	103940
774,713	103626
774,852	103943
774,992	103846
775,131	103966
775,271	104134
775,410	104217
775,550	104266
775,689	104101
775,828	104288
775,968	104420
776,107	104634
776,247	104428
776,386	104453
776,526	104511
776,665	104595
776,804	104390
776,944	104313
777,083	104510
777,223	104408
777,362	104428
777,502	104441
777,641	104468
777,780	104397
777,920	104212
778,059	104157
778,199	104200
778,338	103870
778,478	103840
778,617	103952
778,756	104014
778,896	103896
779,035	103684
779,175	103425
779,314	103158
779,454	103207
779,593	103298
779,733	103226
779,872	103304
780,011	103420
780,151	103395
780,290	103455
780,430	103264
780,569	103494
780,709	103497
780,848	103469
780,987	103585
781,127	103717
781,266	104112
781,406	104331
781,545	104150
781,685	104219
781,824	104112
781,963	104093
782,103	104327
782,242	104332
782,382	104225
782,521	104288
782,661	104237
782,800	104089
782,939	104194
783,079	104084
783,218	103695
783,358	103496
783,497	103485
783,637	103530
783,776	103297
783,915	103165
784,055	103303
784,194	103303
784,334	103341
784,473	103442
784,613	103486
784,752	103301
784,892	103150
785,031	103295
785,170	103401
785,310	103257
785,449	103369
785,589	103403
785,728	103283
785,868	103466
786,007	103663
786,146	103768
786,286	103864
786,425	103757
786,565	103730
786,704	103813
786,844	103836
786,983	103801
787,122	103941
787,262	104053
787,401	104057
787,541	104235
787,680	104110
787,820	103886
787,959	103809
788,098	103573
788,238	103343
788,377	103395
788,517	103353
788,656	103159
788,796	103117
788,935	103098
789,075	103108
789,214	103070
789,353	102957
789,493	103169
789,632	103272
789,772	103034
789,911	103145
790,051	103259
790,190	103059
790,329	103107
790,469	103188
790,608	103129
790,748	103207
790,887	103225
791,027	103062
791,166	103123
791,305	103245
791,445	103325
791,584	103320
791,724	103345
791,863	103446
792,003	103357
792,142	103377
792,281	103414
792,421	103307
792,560	103416
792,700	103427
792,839	103301
792,979	103315
793,118	103204
793,258	103090
793,397	103034
793,536	102958
793,676	102846
793,815	102679
793,955	102622
794,094	102681
794,234	102661
794,373	102610
794,512	102540
794,652	102447
794,791	102368
794,931	102273
795,070	102199
795,210	102330
795,349	102421
795,488	102365
795,628	102398
795,767	102590
795,907	102570
796,046	102441
796,186	102557
796,325	102494
796,464	102502
796,604	102705
796,743	102459
796,883	102346
797,022	102653
797,162	102694
797,301	102674
797,440	102738
797,580	102454
797,719	102406
797,859	102659
797,998	102519
798,138	102580
798,277	102641
798,417	102433
798,556	102453
798,695	102434
798,835	102277
798,974	102398
799,114	102264
799,253	102056
799,393	101741
799,532	101504
799,671	101736
799,811	101575
799,950	101473
800,090	101601
