350,000	5518,7
350,139	5528,7
350,279	5502,2
350,418	5516,5
350,558	5524,8
350,697	5511,8
350,837	5516,9
350,976	5515
351,115	5519,2
351,255	5518,1
351,394	5521,7
351,534	5518,2
351,673	5515
351,813	5519,5
351,952	5517,3
352,091	5519,1
352,231	5512,4
352,370	5513,1
352,510	5513,6
352,649	5508,2
352,789	5510,3
352,928	5521,7
353,068	5525,3
353,207	5521,1
353,346	5522,6
353,486	5520,2
353,625	5524
353,765	5523,1
353,904	5522,6
354,044	5522,5
354,183	5518,9
354,322	5513,5
354,462	5527,6
354,601	5526,1
354,741	5529,4
354,880	5527,8
355,020	5529
355,159	5519,7
355,298	5520,1
355,438	5525,6
355,577	5528,3
355,717	5527
355,856	5525
355,996	5525,2
356,135	5534,4
356,274	5534,7
356,414	5521,8
356,553	5526
356,693	5536,4
356,832	5536,2
356,972	5527,6
357,111	5524,5
357,251	5528,2
357,390	5533,7
357,529	5534,8
357,669	5526,4
357,808	5537,9
357,948	5528,9
358,087	5529,3
358,227	5528,8
358,366	5535,5
358,505	5535,3
358,645	5541,7
358,784	5534,9
358,924	5543,6
359,063	5536,5
359,203	5534,5
359,342	5535,1
359,481	5536,4
359,621	5538,1
359,760	5535
359,900	5535,2
360,039	5535,5
360,179	5527
360,318	5533,5
360,457	5526,9
360,597	5547,8
360,736	5548,7
360,876	5536,1
361,015	5545,9
361,155	5548,4
361,294	5539,6
361,434	5537,5
361,573	5542,5
361,712	5542
361,852	5541,8
361,991	5535,4
362,131	5555,9
362,270	5543,2
362,410	5551,8
362,549	5549,9
362,688	5555,2
362,828	5554,3
362,967	5554,4
363,107	5560,8
363,246	5564,9
363,386	5560,3
363,525	5559,6
363,664	5570,9
363,804	5569,7
363,943	5577,7
364,083	5583,8
364,222	5591,1
364,362	5598,3
364,501	5607,5
364,640	5603,5
364,780	5600,4
364,919	5599,6
365,059	5614,6
365,198	5629,1
365,338	5634,2
365,477	5642,3
365,616	5652,7
365,756	5650,7
365,895	5657,9
366,035	5658,7
366,174	5667,5
366,314	5669,6
366,453	5672,7
366,593	5684,8
366,732	5689,6
366,871	5682,4
367,011	5672,7
367,150	5671,7
367,290	5663
367,429	5659,1
367,569	5657,2
367,708	5652,7
367,847	5664,1
367,987	5653,9
368,126	5651,4
368,266	5649
368,405	5638,5
368,545	5644,7
368,684	5647
368,823	5645,7
368,963	5643,3
369,102	5644,1
369,242	5649,1
369,381	5651,5
369,521	5649,1
369,660	5655,5
369,799	5658,1
369,939	5644,9
370,078	5664,1
370,218	5660,3
370,357	5656,8
370,497	5664,2
370,636	5659
370,776	5494,3
370,915	5485,1
371,054	5485,8
371,194	5485,1
371,333	5499,4
371,473	5488,5
371,612	5478,9
371,752	5489,6
371,891	5499,4
372,030	5492,1
372,170	5491,1
372,309	5501,3
372,449	5503,1
372,588	5504
372,728	5510,5
372,867	5498,7
373,006	5498,1
373,146	5500,7
373,285	5502,1
373,425	5497,1
373,564	5495,1
373,704	5507
373,843	5506,1
373,982	5487,6
374,122	5498,8
374,261	5501,2
374,401	5508,1
374,540	5510,2
374,680	5515,4
374,819	5517
374,959	5518,7
375,098	5518,4
375,237	5514,8
375,377	5508,9
375,516	5504,6
375,656	5502,9
375,795	5499,6
375,935	5511
376,074	5503,2
376,213	5510,2
376,353	5520,1
376,492	5521,6
376,632	5526,3
376,771	5526,3
376,911	5530,9
377,050	5536,4
377,189	5528,2
377,329	5522,2
377,468	5518,4
377,608	5528,1
377,747	5517
377,887	5528,7
378,026	5520,3
378,165	5512,5
378,305	5526,7
378,444	5534,1
378,584	5535,9
378,723	5538,8
378,863	5519
379,002	5517,2
379,141	5525,7
379,281	5532,4
379,420	5544,3
379,560	5550,2
379,699	5551,5
379,839	5548,3
379,978	5549
380,118	5539,5
380,257	5529,9
380,396	5545,5
380,536	5556,2
380,675	5538,2
380,815	5544,6
380,954	5531,7
381,094	5557,6
381,233	5556,9
381,372	5551,4
381,512	5547,5
381,651	5539,1
381,791	5552,9
381,930	5584,1
382,070	5578,4
382,209	5564,6
382,348	5557,2
382,488	5577,2
382,627	5583,4
382,767	5574,2
382,906	5565,1
383,046	5575,1
383,185	5579,2
383,324	5572
383,464	5572,6
383,603	5580,8
383,743	5574,5
383,882	5583,6
384,022	5573,8
384,161	5573,2
384,301	5585
384,440	5568,2
384,579	5575
384,719	5577
384,858	5586,6
384,998	5585
385,137	5577,4
385,277	5596,6
385,416	5606,2
385,555	5592
385,695	5585,4
385,834	5581,3
385,974	5583,8
386,113	5608,1
386,253	5608
386,392	5605,2
386,531	5598,1
386,671	5601,6
386,810	5618,2
386,950	5620,5
387,089	5620,1
387,229	5624,8
387,368	5616,3
387,507	5634
387,647	5630,5
387,786	5618
387,926	5615,3
388,065	5623,4
388,205	5628,5
388,344	5629,8
388,484	5635,1
388,623	5643,1
388,762	5644,9
388,902	5621,3
389,041	5648,1
389,181	5646,7
389,320	5642,9
389,460	5639,1
389,599	5631,5
389,738	5627,9
389,878	5633,6
390,017	5644
390,157	5644,2
390,296	5629,7
390,436	5630,5
390,575	5654,6
390,714	5645,1
390,854	5637,6
390,993	5634,3
391,133	5642,4
391,272	5650,9
391,412	5658,1
391,551	5661
391,690	5660,1
391,830	5664,7
391,969	5674
392,109	5661,5
392,248	5647,9
392,388	5640,3
392,527	5674,5
392,666	5647,5
392,806	5667
392,945	5689,4
393,085	5689,2
393,224	5683,7
393,364	5689,2
393,503	5689,7
393,643	5681,6
393,782	5705,7
393,921	5680,2
394,061	5698,8
394,200	5693,8
394,340	5683,4
394,479	5678,6
394,619	5698,3
394,758	5709,8
394,897	5715,3
395,037	5720,7
395,176	5721,6
395,316	5716,5
395,455	5711
395,595	5716,1
395,734	5709,6
395,873	5711,7
396,013	5721,9
396,152	5719,6
396,292	5708,5
396,431	5711,6
396,571	5714,4
396,710	5722,6
396,849	5728,3
396,989	5719,4
397,128	5726,2
397,268	5742,9
397,407	5717,1
397,547	5747,4
397,686	5726,4
397,826	5735
397,965	5740,7
398,104	5749,4
398,244	5756,1
398,383	5757
398,523	5754,4
398,662	5748,5
398,802	5741,9
398,941	5749,9
399,080	5754,4
399,220	5776,6
399,359	5778,7
399,499	5771
399,638	5769,4
399,778	5770,2
399,917	5752,7
400,056	5747,9
400,196	5763,9
400,335	5780,4
400,475	5782,3
400,614	5778,2
400,754	5813,5
400,893	5800,3
401,032	5773,1
401,172	5802,1
401,311	5809,6
401,451	5790,2
401,590	5781,1
401,730	5781,1
401,869	5797,4
402,009	5803,1
402,148	5800,4
402,287	5820,1
402,427	5789,4
402,566	5788,7
402,706	5812,5
402,845	5798,6
402,985	5809
403,124	5790,8
403,263	5792
403,403	5802,2
403,542	5795,5
403,682	5802
403,821	5820,7
403,961	5826,9
404,100	5845,3
404,239	5843,7
404,379	5817,1
404,518	5821,9
404,658	5841,3
404,797	5830,2
404,937	5844,7
405,076	5853
405,215	5847,5
405,355	5845,5
405,494	5853,6
405,634	5859,2
405,773	5856,2
405,913	5855,8
406,052	5852,2
406,191	5873,3
406,331	5856,2
406,470	5886,4
406,610	5879
406,749	5879,5
406,889	5881,1
407,028	5881,2
407,168	5872,3
407,307	5873,9
407,446	5887,5
407,586	5883,6
407,725	5878,6
407,865	5897,4
408,004	5898,6
408,144	5875,8
408,283	5915,8
408,422	5889,8
408,562	5897,2
408,701	5895,2
408,841	5917,3
408,980	5921
409,120	5903,8
409,259	5901
409,398	5910,7
409,538	5930
409,677	5901
409,817	5919,1
409,956	5902,8
410,096	5933,5
410,235	5915,1
410,374	5907,6
410,514	5925,9
410,653	5934,1
410,793	5942,5
410,932	5945,8
411,072	5942,8
411,211	5952,4
411,351	5953,6
411,490	5974,5
411,629	5965,5
411,769	5965
411,908	5955,9
412,048	5961,6
412,187	5976,4
412,327	6001,3
412,466	5998,5
412,605	5985,4
412,745	5985,7
412,884	5981,5
413,024	5968,3
413,163	5988,3
413,303	5998,5
413,442	5995,9
413,581	5989
413,721	5968,5
413,860	6013
414,000	6004,8
414,139	6017,9
414,279	6007,4
414,418	6015,2
414,557	6034,1
414,697	6028,7
414,836	6021,8
414,976	6033,8
415,115	6020,9
415,255	6009,9
415,394	6018,3
415,534	6024,2
415,673	6020,8
415,812	6034
415,952	6039,5
416,091	6045,7
416,231	6039,5
416,370	6037,6
416,510	6055,1
416,649	6066
416,788	6060,6
416,928	6064,4
417,067	6037,4
417,207	6054,3
417,346	6080,8
417,486	6075,3
417,625	6079,2
417,764	6092,5
417,904	6091,1
418,043	6088,2
418,183	6089,9
418,322	6096,6
418,462	6111,2
418,601	6116,8
418,740	6102,9
418,880	6126,1
419,019	6136,5
419,159	6111,3
419,298	6118,1
419,438	6110,1
419,577	6125,9
419,717	6136,9
419,856	6154,1
419,995	6147,4
420,135	6156,4
420,274	6165,6
420,414	6144,3
420,553	6136,1
420,693	6147,8
420,832	6144,2
420,971	6172,6
421,111	6173,8
421,250	6154,9
421,390	6165,5
421,529	6178,1
421,669	6179,4
421,808	6174
421,947	6175,7
422,087	6178,8
422,226	6192,8
422,366	6208,5
422,505	6195,5
422,645	6211,5
422,784	6233,4
422,923	6214,9
423,063	6225,4
423,202	6228,6
423,342	6226
423,481	6211,8
423,621	6234,3
423,760	6246,2
423,899	6247,5
424,039	6258,8
424,178	6264,8
424,318	6264
424,457	6257,9
424,597	6255,3
424,736	6266,2
424,876	6265,2
425,015	6275,8
425,154	6287,5
425,294	6270,3
425,433	6275,3
425,573	6291,2
425,712	6287
425,852	6286,4
425,991	6298,4
426,130	6316,5
426,270	6331,2
426,409	6337,4
426,549	6330,7
426,688	6309,9
426,828	6360,2
426,967	6308,1
427,106	6347,7
427,246	6327,6
427,385	6338
427,525	6339,7
427,664	6332,8
427,804	6322,3
427,943	6327
428,082	6351,3
428,222	6370,2
428,361	6357,9
428,501	6372,6
428,640	6396,1
428,780	6379
428,919	6395,8
429,059	6381,7
429,198	6388
429,337	6376,7
429,477	6409
429,616	6411,5
429,756	6397,9
429,895	6400
430,035	6403,1
430,174	6400,4
430,313	6400,9
430,453	6418,8
430,592	6457,4
430,732	6414
430,871	6450,8
431,011	6438,9
431,150	6436,3
431,289	6446,8
431,429	6474,8
431,568	6466,4
431,708	6478,1
431,847	6477,7
431,987	6480,4
432,126	6487,6
432,265	6466,8
432,405	6476,1
432,544	6486,9
432,684	6454,3
432,823	6482,8
432,963	6486
433,102	6480,6
433,242	6503,9
433,381	6498,8
433,520	6519,4
433,660	6516,3
433,799	6518,7
433,939	6530,9
434,078	6530,1
434,218	6535,1
434,357	6523,6
434,496	6526,4
434,636	6531,7
434,775	6515,9
434,915	6544,4
435,054	6548,4
435,194	6561,9
435,333	6580,7
435,472	6552,3
435,612	6556,4
435,751	6556,9
435,891	6556,2
436,030	6572,2
436,170	6577,2
436,309	6585,8
436,448	6606,2
436,588	6610,6
436,727	6625
436,867	6640,7
437,006	6638,8
437,146	6646,1
437,285	6623,6
437,424	6624,8
437,564	6646
437,703	6652,2
437,843	6670
437,982	6676,7
438,122	6680
438,261	6684
438,401	6674,6
438,540	6689,1
438,679	6702
438,819	6692
438,958	6706,5
439,098	6731,1
439,237	6715,6
439,377	6717,9
439,516	6720,3
439,655	6750,3
439,795	6751,7
439,934	6731,3
440,074	6739
440,213	6770,3
440,353	6790,4
440,492	6792,8
440,631	6781,1
440,771	6751,8
440,910	6764,2
441,050	6774,7
441,189	6775,4
441,329	6804,9
441,468	6787,4
441,607	6807,6
441,747	6823,5
441,886	6814,1
442,026	6823
442,165	6827,6
442,305	6848,5
442,444	6857,1
442,584	6851,1
442,723	6858,8
442,862	6874,5
443,002	6905,9
443,141	6901,3
443,281	6888,6
443,420	6894,3
443,560	6901,4
443,699	6905,4
443,838	6913
443,978	6925,5
444,117	6906,4
444,257	6906,5
444,396	6928
444,536	6942
444,675	6940,1
444,814	6956,1
444,954	6965,3
445,093	6963,5
445,233	6971,2
445,372	7005,3
445,512	6992,5
445,651	6996,4
445,790	6988,8
445,930	7018,2
446,069	7007,6
446,209	6982,6
446,348	6988,2
446,488	6997,8
446,627	7012,8
446,767	7022,5
446,906	7020,8
447,045	7029,8
447,185	7036,6
447,324	7054,9
447,464	7068,3
447,603	7095,2
447,743	7093,2
447,882	7088,8
448,021	7099,6
448,161	7126,1
448,300	7119,8
448,440	7116,5
448,579	7131,7
448,719	7143,7
448,858	7146,3
448,997	7149,8
449,137	7145,8
449,276	7150
449,416	7145,9
449,555	7168,5
449,695	7164,1
449,834	7185,7
449,973	7206,2
450,113	7203,5
450,252	7193,3
450,392	7214,7
450,531	7246,2
450,671	7235,8
450,810	7225,2
450,949	7253,3
451,089	7270,5
451,228	7296,2
451,368	7271,2
451,507	7276,6
451,647	7303
451,786	7303,6
451,926	7301,3
452,065	7325,4
452,204	7316,4
452,344	7326,6
452,483	7327,8
452,623	7345,2
452,762	7329,4
452,902	7322
453,041	7333
453,180	7383,3
453,320	7385,9
453,459	7382,1
453,599	7377,9
453,738	7383
453,878	7399,4
454,017	7432,4
454,156	7399,6
454,296	7403,4
454,435	7442,8
454,575	7447,8
454,714	7459,8
454,854	7486,8
454,993	7485
455,132	7484,5
455,272	7516,6
455,411	7524,4
455,551	7512,1
455,690	7523
455,830	7533,9
455,969	7560,2
456,109	7551
456,248	7587,1
456,387	7606,3
456,527	7599,7
456,666	7617,8
456,806	7614,1
456,945	7618
457,085	7612,3
457,224	7626,2
457,363	7637,3
457,503	7643,1
457,642	7619,7
457,782	7614,3
457,921	7629,2
458,061	7635,7
458,200	7649,4
458,339	7672,2
458,479	7671,6
458,618	7644
458,758	7669,8
458,897	7688
459,037	7701,7
459,176	7746,7
459,315	7694,1
459,455	7733,7
459,594	7751,5
459,734	7762,9
459,873	7762,2
460,013	7767
460,152	7778,9
460,292	7794,9
460,431	7811
460,570	7811
460,710	7823,1
460,849	7837
460,989	7829,6
461,128	7854
461,268	7867,5
461,407	7873,6
461,546	7851,8
461,686	7874,9
461,825	7881,4
461,965	7882,4
462,104	7894,3
462,244	7908,3
462,383	7907,4
462,522	7903,7
462,662	7959,2
462,801	7970
462,941	7951,1
463,080	7965,4
463,220	7962,8
463,359	7985,5
463,498	7958,1
463,638	7960,7
463,777	7963,8
463,917	8011,1
464,056	7990,3
464,196	7995,2
464,335	8049,2
464,474	8029,5
464,614	8034,3
464,753	8074,8
464,893	8105,5
465,032	8084,7
465,172	8077,8
465,311	8099,5
465,451	8118,7
465,590	8120,3
465,729	8133,6
465,869	8113,9
466,008	8117,8
466,148	8149,6
466,287	8141,9
466,427	8152,8
466,566	8144,8
466,705	8144,6
466,845	8155,9
466,984	8156,1
467,124	8174,4
467,263	8175,7
467,403	8159
467,542	8158,6
467,681	8182,2
467,821	8216,3
467,960	8199,2
468,100	8217,4
468,239	8250,6
468,379	8251,5
468,518	8285,2
468,657	8254,9
468,797	8291,9
468,936	8307,5
469,076	8310,9
469,215	8323,4
469,355	8331,6
469,494	8361,2
469,634	8370,2
469,773	8362,7
469,912	8354,7
470,052	8379
470,191	8379,7
470,331	8358,8
470,470	8362,7
470,610	8365,8
470,749	8347,8
470,888	8356,3
471,028	8387,7
471,167	8396,4
471,307	8398,1
471,446	8383,1
471,586	8383,3
471,725	8389,7
471,864	8380,9
472,004	8401,1
472,143	8424,6
472,283	8432,5
472,422	8457,5
472,562	8451,7
472,701	8489,3
472,840	8508,3
472,980	8512,5
473,119	8496,2
473,259	8528,9
473,398	8535
473,538	8574,5
473,677	8587,1
473,817	8618
473,956	8625,5
474,095	8637,9
474,235	8673,4
474,374	8652,1
474,514	8684
474,653	8683,9
474,793	8692,8
474,932	8713,8
475,071	8710,4
475,211	8725,9
475,350	8710,5
475,490	8727
475,629	8741,9
475,769	8731,6
475,908	8733,1
476,047	8771,4
476,187	8763,8
476,326	8696,3
476,466	8713,2
476,605	8748,8
476,745	8742,1
476,884	8779
477,023	8770,2
477,163	8748,9
477,302	8777,9
477,442	8819,7
477,581	8835,2
477,721	8830,1
477,860	8828,5
477,999	8866,1
478,139	8869,9
478,278	8868,7
478,418	8859,9
478,557	8877,6
478,697	8886,9
478,836	8903
478,976	8905,6
479,115	8916,7
479,254	8938,5
479,394	8948,2
479,533	8949,2
479,673	8974
479,812	9022,5
479,952	9039,3
480,091	8999,7
480,230	9021,3
480,370	9054,5
480,509	9070,9
480,649	9071,6
480,788	9084,9
480,928	9098
481,067	9076,5
481,206	9061,9
481,346	9089,1
481,485	9134,9
481,625	9107,5
481,764	9140,3
481,904	9175,5
482,043	9161,2
482,182	9144,4
482,322	9157,9
482,461	9203,1
482,601	9226,5
482,740	9238,1
482,880	9241,1
483,019	9221,5
483,159	9224,6
483,298	9269,8
483,437	9277,2
483,577	9266,5
483,716	9292,1
483,856	9306,9
483,995	9329
484,135	9325,4
484,274	9335,3
484,413	9309,4
484,553	9278,4
484,692	9283,2
484,832	9289,2
484,971	9269,4
485,111	9326,8
485,250	9291,9
485,389	9331,6
485,529	9354,2
485,668	9323,8
485,808	9339,2
485,947	9350,1
486,087	9377,5
486,226	9395
486,365	9388,6
486,505	9395,5
486,644	9425,5
486,784	9423,7
486,923	9459,6
487,063	9523,4
487,202	9488,8
487,342	9485,7
487,481	9556,7
487,620	9585,9
487,760	9568,9
487,899	9559
488,039	9559,6
488,178	9591,9
488,318	9576,9
488,457	9567,2
488,596	9588,2
488,736	9582,8
488,875	9573,7
489,015	9575,7
489,154	9585,9
489,294	9589,5
489,433	9625,2
489,572	9587
489,712	9636,6
489,851	9633,9
489,991	9618,6
490,130	9604,9
490,270	9593,6
490,409	9631,2
490,548	9679,9
490,688	9682,8
490,827	9718,8
490,967	9688,4
491,106	9711,8
491,246	9706,9
491,385	9757,5
491,524	9738
491,664	9794,8
491,803	9812,3
491,943	9772,4
492,082	9809,2
492,222	9854,1
492,361	9862
492,501	9868,2
492,640	9871,9
492,779	9885
492,919	9861,4
493,058	9902,3
493,198	9936,4
493,337	9836,7
493,477	9876,2
493,616	9919,7
493,755	9890,9
493,895	9910,1
494,034	9929,6
494,174	9944,8
494,313	9947,9
494,453	9932,7
494,592	9943,9
494,731	9948,7
494,871	9933,2
495,010	9946,3
495,150	9999,2
495,289	10032
495,429	10015
495,568	10043
495,707	10087
495,847	10089
495,986	10111
496,126	10124
496,265	10139
496,405	10178
496,544	10178
496,684	10142
496,823	10195
496,962	10182
497,102	10197
497,241	10239
497,381	10224
497,520	10240
497,660	10219
497,799	10202
497,938	10203
498,078	10263
498,217	10313
498,357	10287
498,496	10284
498,636	10278
498,775	10291
498,914	10244
499,054	10251
499,193	10278
499,333	10242
499,472	10233
499,612	10263
499,751	10245
499,890	10242
500,030	10238
500,169	10247
500,309	10260
500,448	10254
500,588	10265
500,727	10267
500,867	10308
501,006	10378
501,145	10432
501,285	10344
501,424	10371
501,564	10472
501,703	10512
501,843	10511
501,982	10560
502,121	10563
502,261	10566
502,400	10567
502,540	10544
502,679	10601
502,819	10669
502,958	10698
503,097	10645
503,237	10606
503,376	10656
503,516	10686
503,655	10664
503,795	10631
503,934	10633
504,073	10626
504,213	10630
504,352	10620
504,492	10568
504,631	10544
504,771	10526
504,910	10519
505,049	10504
505,189	10434
505,328	10535
505,468	10543
505,607	10525
505,747	10490
505,886	10491
506,026	10494
506,165	10516
506,304	10548
506,444	10565
506,583	10552
506,723	10525
506,862	10550
507,002	10594
507,141	10586
507,280	10564
507,420	10581
507,559	10491
507,699	10493
507,838	10519
507,978	10474
508,117	10492
508,256	10471
508,396	10442
508,535	10441
508,675	10435
508,814	10427
508,954	10396
509,093	10363
509,232	10332
509,372	10357
509,511	10319
509,651	10294
509,790	10277
509,930	10283
510,069	10290
510,209	10284
510,348	10320
510,487	10333
510,627	10307
510,766	10300
510,906	10292
511,045	10259
511,185	10264
511,324	10321
511,463	10234
511,603	10206
511,742	10242
511,882	10219
512,021	10260
512,161	10184
512,300	10236
512,439	10242
512,579	10204
512,718	10204
512,858	10195
512,997	10174
513,137	10207
513,276	10204
513,415	10183
513,555	10159
513,694	10161
513,834	10181
513,973	10180
514,113	10177
514,252	10165
514,392	10151
514,531	10174
514,670	10184
514,810	10152
514,949	10106
515,089	10104
515,228	10166
515,368	10201
515,507	10163
515,646	10194
515,786	10154
515,925	10125
516,065	10200
516,204	10146
516,344	10123
516,483	10125
516,622	10139
516,762	10173
516,901	10193
517,041	10200
517,180	10192
517,320	10169
517,459	10170
517,598	10197
517,738	10208
517,877	10242
518,017	10242
518,156	10286
518,296	10312
518,435	10307
518,574	10308
518,714	10293
518,853	10264
518,993	10298
519,132	10308
519,272	10332
519,411	10368
519,551	10352
519,690	10329
519,829	10303
519,969	10300
520,108	10350
520,248	10386
520,387	10384
520,527	10384
520,666	10310
520,805	10333
520,945	10426
521,084	10468
521,224	10434
521,363	10427
521,503	10457
521,642	10427
521,781	10401
521,921	10455
522,060	10461
522,200	10506
522,339	10530
522,479	10485
522,618	10479
522,757	10430
522,897	10524
523,036	10495
523,176	10493
523,315	10523
523,455	10556
523,594	10542
523,734	10543
523,873	10553
524,012	10528
524,152	10523
524,291	10541
524,431	10473
524,570	10478
524,710	10514
524,849	10565
524,988	10566
525,128	10548
525,267	10566
525,407	10537
525,546	10579
525,686	10545
525,825	10607
525,964	10600
526,104	10542
526,243	10546
526,383	10608
526,522	10657
526,662	10650
526,801	10655
526,940	10637
527,080	10631
527,219	10660
527,359	10614
527,498	10593
527,638	10601
527,777	10557
527,917	10647
528,056	10694
528,195	10670
528,335	10644
528,474	10659
528,614	10686
528,753	10674
528,893	10639
529,032	10651
529,171	10699
529,311	10694
529,450	10738
529,590	10715
529,729	10719
529,869	10729
530,008	10685
530,147	10711
530,287	10701
530,426	10703
530,566	10675
530,705	10717
530,845	10723
530,984	10758
531,123	10828
531,263	10823
531,402	10793
531,542	10761
531,681	10810
531,821	10817
531,960	10795
532,099	10782
532,239	10818
532,378	10875
532,518	10831
532,657	10887
532,797	10864
532,936	10825
533,076	10896
533,215	10912
533,354	10915
533,494	10951
533,633	10949
533,773	10926
533,912	10941
534,052	10988
534,191	11011
534,330	11000
534,470	11001
534,609	11084
534,749	11041
534,888	11007
535,028	10969
535,167	11025
535,306	11034
535,446	11030
535,585	11079
535,725	11054
535,864	11026
536,004	11048
536,143	11066
536,282	11084
536,422	11089
536,561	11094
536,701	11115
536,840	11105
536,980	11183
537,119	11117
537,259	11126
537,398	11137
537,537	11195
537,677	11197
537,816	11199
537,956	11237
538,095	11237
538,235	11230
538,374	11222
538,513	11196
538,653	11209
538,792	11281
538,932	11313
539,071	11282
539,211	11282
539,350	11322
539,489	11347
539,629	11296
539,768	11372
539,908	11406
540,047	11349
540,187	11365
540,326	11345
540,465	11396
540,605	11413
540,744	11423
540,884	11424
541,023	11392
541,163	11409
541,302	11469
541,442	11484
541,581	11497
541,720	11461
541,860	11452
541,999	11544
542,139	11451
542,278	11546
542,418	11573
542,557	11598
542,696	11594
542,836	11534
542,975	11530
543,115	11576
543,254	11597
543,394	11603
543,533	11624
543,672	11665
543,812	11669
543,951	11635
544,091	11661
544,230	11732
544,370	11714
544,509	11687
544,648	11772
544,788	11758
544,927	11808
545,067	11733
545,206	11836
545,346	11797
545,485	11905
545,624	11881
545,764	11891
545,903	11886
546,043	11891
546,182	11942
546,322	11977
546,461	11971
546,601	11992
546,740	12059
546,879	12033
547,019	11892
547,158	11954
547,298	11968
547,437	12009
547,577	12041
547,716	12016
547,855	12055
547,995	12040
548,134	12129
548,274	12083
548,413	12112
548,553	12096
548,692	12106
548,831	12107
548,971	12122
549,110	12162
549,250	12186
549,389	12219
549,529	12238
549,668	12196
549,807	12229
549,947	12212
550,086	12300
550,226	12278
550,365	12314
550,505	12270
550,644	12226
550,784	12324
550,923	12334
551,062	12315
551,202	12339
551,341	12354
551,481	12400
551,620	12416
551,760	12402
551,899	12418
552,038	12412
552,178	12380
552,317	12418
552,457	12482
552,596	12468
552,736	12464
552,875	12473
553,014	12468
553,154	12592
553,293	12495
553,433	12478
553,572	12588
553,712	12558
553,851	12504
553,990	12569
554,130	12590
554,269	12564
554,409	12592
554,548	12637
554,688	12669
554,827	12653
554,967	12622
555,106	12665
555,245	12739
555,385	12724
555,524	12693
555,664	12732
555,803	12714
555,943	12709
556,082	12791
556,221	12823
556,361	12776
556,500	12809
556,640	12837
556,779	12848
556,919	12859
557,058	12894
557,197	12856
557,337	12864
557,476	12928
557,616	12913
557,755	12880
557,895	12907
558,034	12915
558,173	12923
558,313	12996
558,452	13029
558,592	12995
558,731	12984
558,871	13051
559,010	13057
559,149	13121
559,289	13096
559,428	13136
559,568	13173
559,707	13122
559,847	13176
559,986	13190
560,126	13179
560,265	13214
560,404	13244
560,544	13283
560,683	13308
560,823	13365
560,962	13392
561,102	13355
561,241	13376
561,380	13412
561,520	13375
561,659	13450
561,799	13491
561,938	13550
562,078	13563
562,217	13557
562,356	13605
562,496	13635
562,635	13620
562,775	13653
562,914	13654
563,054	13679
563,193	13754
563,332	13788
563,472	13844
563,611	13884
563,751	13862
563,890	13858
564,030	13893
564,169	13930
564,309	13964
564,448	13981
564,587	14014
564,727	14008
564,866	14028
565,006	14078
565,145	14105
565,285	14223
565,424	14097
565,563	14146
565,703	14213
565,842	14244
565,982	14203
566,121	14281
566,261	14300
566,400	14373
566,539	14436
566,679	14453
566,818	14447
566,958	14408
567,097	14437
567,237	14531
567,376	14584
567,515	14603
567,655	14631
567,794	14665
567,934	14657
568,073	14704
568,213	14727
568,352	14782
568,492	14801
568,631	14759
568,770	14841
568,910	14826
569,049	14881
569,189	14973
569,328	14941
569,468	14964
569,607	15026
569,746	15033
569,886	15073
570,025	15158
570,165	15144
570,304	15162
570,444	15203
570,583	15237
570,722	15266
570,862	15303
571,001	15363
571,141	15416
571,280	15457
571,420	15400
571,559	15526
571,698	15592
571,838	15552
571,977	15588
572,117	15608
572,256	15646
572,396	15737
572,535	15699
572,675	15856
572,814	15848
572,953	15875
573,093	15922
573,232	15990
573,372	16045
573,511	16054
573,651	16079
573,790	16126
573,929	16140
574,069	16191
574,208	16211
574,348	16247
574,487	16317
574,627	16262
574,766	16393
574,905	16353
575,045	16408
575,184	16514
575,324	16563
575,463	16528
575,603	16578
575,742	16649
575,881	16696
576,021	16690
576,160	16729
576,300	16771
576,439	16840
576,579	16838
576,718	16919
576,857	16927
576,997	16972
577,136	16992
577,276	17025
577,415	17058
577,555	17081
577,694	17148
577,834	17186
577,973	17227
578,112	17305
578,252	17246
578,391	17370
578,531	17416
578,670	17386
578,810	17459
578,949	17511
579,088	17567
579,228	17555
579,367	17637
579,507	17697
579,646	17673
579,786	17735
579,925	17732
580,064	17836
580,204	17864
580,343	17861
580,483	17935
580,622	18052
580,762	18067
580,901	18089
581,040	18110
581,180	18117
581,319	18120
581,459	18205
581,598	18318
581,738	18318
581,877	18379
582,017	18319
582,156	18439
582,295	18556
582,435	18512
582,574	18617
582,714	18563
582,853	18642
582,993	18722
583,132	18829
583,271	18818
583,411	18857
583,550	18947
583,690	18967
583,829	18966
583,969	19033
584,108	19066
584,247	19104
584,387	19193
584,526	19243
584,666	19263
584,805	19306
584,945	19351
585,084	19441
585,223	19503
585,363	19488
585,502	19534
585,642	19588
585,781	19590
585,921	19642
586,060	19792
586,200	19843
586,339	19877
586,478	19915
586,618	19907
586,757	20001
586,897	20031
587,036	20104
587,176	20130
587,315	20133
587,454	20129
587,594	20215
587,733	20256
587,873	20285
588,012	20263
588,152	20370
588,291	20392
588,430	20383
588,570	20443
588,709	20566
588,849	20593
588,988	20549
589,128	20664
589,267	20700
589,406	20693
589,546	20812
589,685	20845
589,825	20833
589,964	20903
590,104	20923
590,243	20994
590,382	21090
590,522	21065
590,661	21059
590,801	21121
590,940	21151
591,080	21255
591,219	21332
591,359	21355
591,498	21346
591,637	21336
591,777	21413
591,916	21490
592,056	21542
592,195	21541
592,335	21574
592,474	21629
592,613	21664
592,753	21676
592,892	21733
593,032	21777
593,171	21786
593,311	21879
593,450	21916
593,589	21979
593,729	21964
593,868	21982
594,008	22064
594,147	22123
594,287	22208
594,426	22194
594,565	22254
594,705	22243
594,844	22267
594,984	22292
595,123	22395
595,263	22475
595,402	22426
595,542	22447
595,681	22529
595,820	22557
595,960	22532
596,099	22632
596,239	22767
596,378	22694
596,518	22746
596,657	22804
596,796	22865
596,936	22904
597,075	22882
597,215	22915
597,354	22988
597,494	23057
597,633	23081
597,772	23131
597,912	23124
598,051	23168
598,191	23208
598,330	23262
598,470	23312
598,609	23256
598,748	23245
598,888	23382
599,027	23487
599,167	23481
599,306	23458
599,446	23467
599,585	23495
599,725	23600
599,864	23633
600,003	23700
600,143	23711
600,282	23710
600,422	23749
600,561	23831
600,701	23869
600,840	23884
600,979	23976
601,119	23858
601,258	24004
601,398	24011
601,537	24061
601,677	24187
601,816	24203
601,955	24184
602,095	24196
602,234	24201
602,374	24274
602,513	24288
602,653	24294
602,792	24308
602,931	24526
603,071	24456
603,210	24443
603,350	24523
603,489	24618
603,629	24576
603,768	24733
603,907	24720
604,047	24687
604,186	24765
604,326	24816
604,465	24823
604,605	24914
604,744	24956
604,884	24964
605,023	25005
605,162	25072
605,302	25066
605,441	25155
605,581	25163
605,720	25208
605,860	25234
605,999	25277
606,138	25304
606,278	25394
606,417	25395
606,557	25414
606,696	25414
606,836	25480
606,975	25471
607,114	25488
607,254	25559
607,393	25569
607,533	25634
607,672	25707
607,812	25754
607,951	25792
608,090	25777
608,230	25795
608,369	25835
608,509	25827
608,648	25885
608,788	25819
608,927	25942
609,067	26001
609,206	26009
609,345	25992
609,485	26058
609,624	26117
609,764	26188
609,903	26179
610,043	26197
610,182	26220
610,321	26232
610,461	26293
610,600	26341
610,740	26230
610,879	26378
611,019	26425
611,158	26504
611,297	26458
611,437	26482
611,576	26534
611,716	26595
611,855	26526
611,995	26669
612,134	26750
612,273	26733
612,413	26756
612,552	26823
612,692	26885
612,831	26878
612,971	26876
613,110	26891
613,250	27006
613,389	27043
613,528	27026
613,668	27089
613,807	27136
613,947	27224
614,086	27216
614,226	27299
614,365	27328
614,504	27340
614,644	27324
614,783	27352
614,923	27432
615,062	27432
615,202	27559
615,341	27604
615,480	27620
615,620	27512
615,759	27608
615,899	27634
616,038	27700
616,178	27760
616,317	27776
616,456	27777
616,596	27839
616,735	27729
616,875	27992
617,014	28074
617,154	28063
617,293	27996
617,432	27964
617,572	28065
617,711	28192
617,851	28143
617,990	28165
618,130	28245
618,269	28291
618,409	28238
618,548	28334
618,687	28355
618,827	28346
618,966	28475
619,106	28617
619,245	28531
619,385	28596
619,524	28596
619,663	28683
619,803	28733
619,942	28718
620,082	28745
620,221	28771
620,361	28785
620,500	28859
620,639	28976
620,779	28981
620,918	28980
621,058	29050
621,197	29050
621,337	29068
621,476	29045
621,615	29264
621,755	29213
621,894	29295
622,034	29391
622,173	29348
622,313	29373
622,452	29334
622,592	29471
622,731	29551
622,870	29566
623,010	29521
623,149	29594
623,289	29630
623,428	29583
623,568	29661
623,707	29735
623,846	29682
623,986	29810
624,125	29810
624,265	29792
624,404	29869
624,544	29828
624,683	29982
624,822	29995
624,962	30038
625,101	29976
625,241	30089
625,380	30027
625,520	30036
625,659	30081
625,798	30140
625,938	30274
626,077	30320
626,217	30366
626,356	30376
626,496	30369
626,635	30358
626,775	30395
626,914	30437
627,053	30549
627,193	30606
627,332	30589
627,472	30674
627,611	30518
627,751	30651
627,890	30622
628,029	30708
628,169	30797
628,308	30893
628,448	30978
628,587	30892
628,727	30868
628,866	30922
629,005	30972
629,145	31078
629,284	31099
629,424	31081
629,563	31225
629,703	31229
629,842	31170
629,981	31120
630,121	31187
630,260	31256
630,400	31214
630,539	31376
630,679	31301
630,818	31463
630,957	31447
631,097	31535
631,236	31411
631,376	31493
631,515	31534
631,655	31524
631,794	31552
631,934	31627
632,073	31633
632,212	31619
632,352	31641
632,491	31680
632,631	31711
632,770	31726
632,910	31786
633,049	31792
633,188	31783
633,328	31868
633,467	31818
633,607	31902
633,746	31953
633,886	31941
634,025	31889
634,164	32090
634,304	32134
634,443	32048
634,583	32052
634,722	32039
634,862	32047
635,001	32085
635,140	32149
635,280	32211
635,419	32240
635,559	32304
635,698	32325
635,838	32285
635,977	32342
636,117	32442
636,256	32477
636,395	32521
636,535	32571
636,674	32589
636,814	32549
636,953	32587
637,093	32711
637,232	32796
637,371	32830
637,511	32860
637,650	32788
637,790	32886
637,929	32975
638,069	33014
638,208	33050
638,347	33050
638,487	33105
638,626	33131
638,766	33157
638,905	33190
639,045	33223
639,184	33312
639,323	33397
639,463	33456
639,602	33438
639,742	33441
639,881	33551
640,021	33517
640,160	33596
640,300	33620
640,439	33702
640,578	33596
640,718	33789
640,857	33811
640,997	33676
641,136	33733
641,276	33876
641,415	33901
641,554	33870
641,694	33919
641,833	33888
641,973	33961
642,112	34034
642,252	34046
642,391	34052
642,530	34099
642,670	34201
642,809	34222
642,949	34244
643,088	34161
643,228	34178
643,367	34154
643,506	34271
643,646	34255
643,785	34473
643,925	34422
644,064	34502
644,204	34592
644,343	34541
644,482	34518
644,622	34648
644,761	34674
644,901	34677
645,040	34492
645,180	34625
645,319	34711
645,459	34835
645,598	34865
645,737	34823
645,877	34845
646,016	34836
646,156	34881
646,295	34931
646,435	34876
646,574	34939
646,713	34887
646,853	34891
646,992	34812
647,132	34893
647,271	34916
647,411	34786
647,550	34955
647,689	35003
647,829	35006
647,968	35169
648,108	35151
648,247	35180
648,387	35096
648,526	35130
648,665	35186
648,805	35202
648,944	35265
649,084	35230
649,223	35312
649,363	35360
649,502	35360
649,642	35455
649,781	35551
649,920	35541
650,060	35549
650,199	35630
650,339	35694
650,478	35765
650,618	35719
650,757	35835
650,896	35989
651,036	35962
651,175	36063
651,315	36202
651,454	36259
651,594	36314
651,733	36139
651,872	36323
652,012	36278
652,151	36183
652,291	36435
652,430	36306
652,570	36555
652,709	36449
652,848	36490
652,988	36586
653,127	36666
653,267	36632
653,406	36579
653,546	36782
653,685	36866
653,825	36715
653,964	36796
654,103	36996
654,243	37062
654,382	37043
654,522	36945
654,661	37081
654,801	36985
654,940	37144
655,079	37080
655,219	37098
655,358	37302
655,498	37335
655,637	37324
655,777	37261
655,916	37342
656,055	37319
656,195	37466
656,334	37431
656,474	37594
656,613	37766
656,753	37598
656,892	37763
657,031	37754
657,171	37759
657,310	37818
657,450	37883
657,589	37934
657,729	37974
657,868	37943
658,007	37922
658,147	38018
658,286	38107
658,426	38189
658,565	38275
658,705	38237
658,844	38253
658,984	38289
659,123	38276
659,262	38318
659,402	38427
659,541	38334
659,681	38408
659,820	38550
659,960	38671
660,099	38587
660,238	38566
660,378	38685
660,517	38693
660,657	38644
660,796	38679
660,936	38660
661,075	38751
661,214	38793
661,354	38920
661,493	39057
661,633	39034
661,772	38975
661,912	38907
662,051	38912
662,190	39042
662,330	39127
662,469	39164
662,609	39260
662,748	39271
662,888	39305
663,027	39469
663,167	39406
663,306	39464
663,445	39477
663,585	39431
663,724	39586
663,864	39492
664,003	39686
664,143	39917
664,282	39777
664,421	39705
664,561	39913
664,700	39826
664,840	39915
664,979	39912
665,119	39862
665,258	39911
665,397	39947
665,537	39981
665,676	40138
665,816	40035
665,955	39960
666,095	39983
666,234	40182
666,373	40215
666,513	40160
666,652	40188
666,792	40210
666,931	40365
667,071	40532
667,210	40430
667,350	40404
667,489	40515
667,628	40478
667,768	40594
667,907	40663
668,047	40525
668,186	40603
668,326	40641
668,465	40552
668,604	40580
668,744	40714
668,883	40563
669,023	40650
669,162	40558
669,302	40643
669,441	40739
669,580	40786
669,720	40872
669,859	40920
669,999	40915
670,138	40911
670,278	41022
670,417	41018
670,556	41001
670,696	41084
670,835	41248
670,975	41268
671,114	41316
671,254	41350
671,393	41367
671,532	41418
671,672	41371
671,811	41320
671,951	41423
672,090	41452
672,230	41552
672,369	41636
672,509	41519
672,648	41436
672,787	41507
672,927	41597
673,066	41475
673,206	41593
673,345	41682
673,485	41553
673,624	41665
673,763	41671
673,903	41871
674,042	41915
674,182	41948
674,321	41797
674,461	41983
674,600	41851
674,739	42013
674,879	42031
675,018	42026
675,158	41956
675,297	41822
675,437	42015
675,576	41976
675,715	41950
675,855	42027
675,994	42142
676,134	42158
676,273	42010
676,413	41994
676,552	42123
676,692	41983
676,831	42061
676,970	42215
677,110	42278
677,249	42326
677,389	42331
677,528	42337
677,668	42443
677,807	42528
677,946	42517
678,086	42587
678,225	42617
678,365	42495
678,504	42559
678,644	42704
678,783	42638
678,922	42536
679,062	42533
679,201	42648
679,341	42529
679,480	42498
679,620	42545
679,759	42499
679,898	42497
680,038	42569
680,177	42689
680,317	42508
680,456	42759
680,596	42779
680,735	42656
680,875	42783
681,014	42784
681,153	42993
681,293	42931
681,432	42815
681,572	42753
681,711	42817
681,851	42894
681,990	42917
682,129	43002
682,269	42853
682,408	42798
682,548	42742
682,687	42590
682,827	42759
682,966	42687
683,105	42724
683,245	42761
683,384	42733
683,524	42817
683,663	42905
683,803	42893
683,942	42913
684,081	42809
684,221	42706
684,360	42838
684,500	42906
684,639	42847
684,779	42900
684,918	42955
685,057	42909
685,197	42946
685,336	43032
685,476	43032
685,615	43020
685,755	42970
685,894	43021
686,034	42865
686,173	42849
686,312	43012
686,452	43036
686,591	43022
686,731	43012
686,870	43053
687,010	43076
687,149	42995
687,288	43028
687,428	43116
687,567	43003
687,707	43015
687,846	43073
687,986	43029
688,125	43367
688,264	43402
688,404	43326
688,543	43358
688,683	43491
688,822	43503
688,962	43273
689,101	43469
689,240	43553
689,380	43588
689,519	43556
689,659	43685
689,798	43545
689,938	43593
690,077	43589
690,217	43652
690,356	43757
690,495	43861
690,635	43912
690,774	43801
690,914	43782
691,053	43759
691,193	43761
691,332	43735
691,471	43744
691,611	43890
691,750	43848
691,890	43713
692,029	43741
692,169	43793
692,308	43844
692,447	43851
692,587	43882
692,726	43936
692,866	43897
693,005	43958
693,145	43979
693,284	44016
693,423	44133
693,563	44123
693,702	44088
693,842	44027
693,981	44072
694,121	44167
694,260	44083
694,400	44019
694,539	44107
694,678	44117
694,818	44177
694,957	44217
695,097	44306
695,236	44365
695,376	44413
695,515	44461
695,654	44397
695,794	44398
695,933	44492
696,073	44388
696,212	44530
696,352	44308
696,491	44608
696,630	44737
696,770	44614
696,909	44656
697,049	44696
697,188	44831
697,328	44799
697,467	44852
697,606	45061
697,746	44952
697,885	45025
698,025	44979
698,164	45075
698,304	44879
698,443	45062
698,582	45037
698,722	45106
698,861	45296
699,001	45325
699,140	45308
699,280	45236
699,419	45211
699,559	45078
699,698	45113
699,837	45105
699,977	45178
700,116	45222
700,256	45177
700,395	45240
700,535	45319
700,674	45411
700,813	45524
700,953	45496
701,092	45493
701,232	45526
701,371	45633
701,511	45653
701,650	45642
701,789	45646
701,929	45721
702,068	45776
702,208	45747
702,347	45898
702,487	46028
702,626	46071
702,765	46076
702,905	46003
703,044	46011
703,184	46063
703,323	46136
703,463	46104
703,602	46246
703,742	46268
703,881	46276
704,020	46255
704,160	46266
704,299	46246
704,439	46204
704,578	46110
704,718	46045
704,857	45999
704,996	46056
705,136	46069
705,275	46163
705,415	46183
705,554	46243
705,694	46312
705,833	46304
705,972	46350
706,112	46404
706,251	46261
706,391	46592
706,530	46615
706,670	46695
706,809	46632
706,948	46629
707,088	46782
707,227	46863
707,367	46654
707,506	46782
707,646	47004
707,785	46948
707,925	47053
708,064	47031
708,203	46946
708,343	47108
708,482	47167
708,622	47209
708,761	47268
708,901	47252
709,040	47290
709,179	47276
709,319	47289
709,458	47304
709,598	47413
709,737	47362
709,877	47247
710,016	47437
710,155	47585
710,295	47689
710,434	47631
710,574	47547
710,713	47589
710,853	47725
710,992	47789
711,131	47884
711,271	47777
711,410	47903
711,550	47906
711,689	47883
711,829	47918
711,968	47922
712,108	47875
712,247	47845
712,386	47887
712,526	47910
712,665	47919
712,805	47793
712,944	47978
713,084	48106
713,223	48056
713,362	48025
713,502	48054
713,641	48056
713,781	48039
713,920	48259
714,060	48237
714,199	48261
714,338	48345
714,478	48345
714,617	48308
714,757	48540
714,896	48593
715,036	48455
715,175	48724
715,314	48592
715,454	48550
715,593	48492
715,733	48423
715,872	48378
716,012	48318
716,151	48366
716,290	48511
716,430	48559
716,569	48707
716,709	48707
716,848	48837
716,988	48813
717,127	48838
717,267	48759
717,406	48623
717,545	48653
717,685	48821
717,824	48883
717,964	48738
718,103	48885
718,243	48900
718,382	48882
718,521	48785
718,661	48935
718,800	48858
718,940	48665
719,079	48755
719,219	48816
719,358	48782
719,497	48814
719,637	48817
719,776	48918
719,916	49040
720,055	49055
720,195	49141
720,334	49166
720,473	49224
720,613	49228
720,752	49339
720,892	49299
721,031	49258
721,171	49338
721,310	49338
721,450	49366
721,589	49338
721,728	49413
721,868	49456
722,007	49559
722,147	49567
722,286	49540
722,426	49454
722,565	49546
722,704	49618
722,844	49565
722,983	49598
723,123	49757
723,262	49845
723,402	49842
723,541	49832
723,680	49897
723,820	49938
723,959	49884
724,099	49878
724,238	49975
724,378	50131
724,517	50155
724,656	50137
724,796	50099
724,935	50160
725,075	50111
725,214	50253
725,354	50194
725,493	50130
725,633	50072
725,772	50242
725,911	50151
726,051	50144
726,190	50260
726,330	50245
726,469	50300
726,609	50335
726,748	50254
726,887	50250
727,027	50254
727,166	50351
727,306	50243
727,445	50206
727,585	50237
727,724	50283
727,863	50377
728,003	50374
728,142	50394
728,282	50410
728,421	50476
728,561	50605
728,700	50593
728,839	50509
728,979	50556
729,118	50709
729,258	50662
729,397	50820
729,537	50852
729,676	50857
729,815	50812
729,955	50776
730,094	50868
730,234	50838
730,373	50918
730,513	50771
730,652	50997
730,792	50882
730,931	50942
731,070	50845
731,210	50869
731,349	50946
731,489	51000
731,628	51018
731,768	51017
731,907	51036
732,046	51015
732,186	50986
732,325	50987
732,465	51038
732,604	51050
732,744	51018
732,883	51129
733,022	51264
733,162	51274
733,301	51197
733,441	51173
733,580	51212
733,720	51333
733,859	51250
733,998	51127
734,138	51149
734,277	51109
734,417	51179
734,556	51088
734,696	51073
734,835	51240
734,975	50918
735,114	50996
735,253	51174
735,393	51288
735,532	51265
735,672	51453
735,811	51439
735,951	51467
736,090	51554
736,229	51504
736,369	51492
736,508	51433
736,648	51477
736,787	51473
736,927	51496
737,066	51424
737,205	51486
737,345	51515
737,484	51476
737,624	51450
737,763	51432
737,903	51321
738,042	51242
738,181	51195
738,321	51201
738,460	51195
738,600	51123
738,739	51177
738,879	51251
739,018	51258
739,158	51253
739,297	51263
739,436	51311
739,576	51251
739,715	51242
739,855	51220
739,994	51320
740,134	51359
740,273	51308
740,412	51265
740,552	51588
740,691	51706
740,831	51606
740,970	51606
741,110	51618
741,249	51801
741,388	51551
741,528	51853
741,667	51811
741,807	51851
741,946	51970
742,086	51979
742,225	51996
742,364	52045
742,504	51945
742,643	52019
742,783	51917
742,922	51870
743,062	51804
743,201	51794
743,340	51778
743,480	51813
743,619	51738
743,759	51665
743,898	51657
744,038	51729
744,177	51744
744,317	51798
744,456	51612
744,595	51569
744,735	51561
744,874	51753
745,014	51742
745,153	51806
745,293	51880
745,432	51783
745,571	51792
745,711	51836
745,850	51866
745,990	51950
746,129	52036
746,269	51987
746,408	52047
746,547	52184
746,687	52129
746,826	52137
746,966	52176
747,105	52242
747,245	52090
747,384	52231
747,523	52335
747,663	52269
747,802	52331
747,942	52257
748,081	52249
748,221	52195
748,360	52270
748,500	52409
748,639	52301
748,778	52171
748,918	52131
749,057	52172
749,197	52147
749,336	52070
749,476	52064
749,615	52073
749,754	52081
749,894	52091
750,033	52014
750,173	52074
750,312	52256
750,452	52165
750,591	52083
750,730	52108
750,870	52046
751,009	52173
751,149	52213
751,288	52359
751,428	52308
751,567	52264
751,706	52351
751,846	52390
751,985	52291
752,125	52294
752,264	52306
752,404	52430
752,543	52609
752,683	52572
752,822	52574
752,961	52395
753,101	52640
753,240	52656
753,380	52550
753,519	52854
753,659	52624
753,798	52692
753,937	52509
754,077	52612
754,216	52471
754,356	52554
754,495	52503
754,635	52462
754,774	52397
754,913	52313
755,053	52276
755,192	52301
755,332	52299
755,471	52203
755,611	52108
755,750	52081
755,889	52192
756,029	52214
756,168	52281
756,308	52410
756,447	52386
756,587	52400
756,726	52424
756,865	52493
757,005	52624
757,144	52728
757,284	52702
757,423	52702
757,563	52847
757,702	52758
757,842	52750
757,981	52872
758,120	52821
758,260	52673
758,399	52662
758,539	52778
758,678	52797
758,818	52830
758,957	52905
759,096	52629
759,236	52539
759,375	52507
759,515	52531
759,654	52522
759,794	52613
759,933	52427
760,072	52534
760,212	52672
760,351	52647
760,491	52738
760,630	52675
760,770	52685
760,909	52809
761,048	52671
761,188	52915
761,327	53013
761,467	53016
761,606	52948
761,746	52848
761,885	52783
762,025	52990
762,164	52666
762,303	52538
762,443	52443
762,582	52599
762,722	52424
762,861	52417
763,001	52439
763,140	52260
763,279	52305
763,419	52298
763,558	52353
763,698	52286
763,837	52300
763,977	52397
764,116	52480
764,255	52680
764,395	52597
764,534	52532
764,674	52645
764,813	52601
764,953	52688
765,092	52856
765,231	52829
765,371	52731
765,510	52776
765,650	52808
765,789	52677
765,929	52615
766,068	52661
766,208	52666
766,347	52569
766,486	52594
766,626	52601
766,765	52488
766,905	52425
767,044	52344
767,184	52358
767,323	52379
767,462	52416
767,602	52334
767,741	52292
767,881	52220
768,020	52211
768,160	52120
768,299	52306
768,438	52332
768,578	52317
768,717	52348
768,857	52310
768,996	52394
769,136	52461
769,275	52314
769,414	52450
769,554	52534
769,693	52539
769,833	52541
769,972	52623
770,112	52600
770,251	52700
770,390	52716
770,530	52784
770,669	52751
770,809	52712
770,948	52736
771,088	52818
771,227	52652
771,367	52608
771,506	52659
771,645	52730
771,785	52578
771,924	52390
772,064	52448
772,203	52285
772,343	52342
772,482	52147
772,621	52133
772,761	52113
772,900	52165
773,040	52182
773,179	52055
773,319	52060
773,458	52060
773,597	52116
773,737	51935
773,876	51981
774,016	51972
774,155	51790
774,295	52077
774,434	52095
774,573	51896
774,713	52009
774,852	51942
774,992	51859
775,131	51864
775,271	52122
775,410	52011
775,550	52009
775,689	52159
775,828	51958
775,968	52108
776,107	52173
776,247	52238
776,386	52211
776,526	52115
776,665	52131
776,804	52145
776,944	52091
777,083	52110
777,223	52201
777,362	52114
777,502	52016
777,641	51857
777,780	51899
777,920	51970
778,059	51901
778,199	51753
778,338	51753
778,478	51622
778,617	51609
778,756	51631
778,896	51544
779,035	51555
779,175	51448
779,314	51421
779,454	51439
779,593	51397
779,733	51441
779,872	51385
780,011	51195
780,151	51275
780,290	51271
780,430	51362
780,569	51499
780,709	51419
780,848	51364
780,987	51292
781,127	51308
781,266	51388
781,406	51472
781,545	51617
781,685	51697
781,824	51753
781,963	51654
782,103	51578
782,242	51559
782,382	51482
782,521	51474
782,661	51490
782,800	51463
782,939	51338
783,079	51235
783,218	51169
783,358	51142
783,497	51173
783,637	51078
783,776	50957
783,915	50939
784,055	50945
784,194	50966
784,334	51121
784,473	51137
784,613	51101
784,752	51002
784,892	50911
785,031	50887
785,170	50807
785,310	50809
785,449	50859
785,589	50758
785,728	50761
785,868	50826
786,007	50845
786,146	50854
786,286	50923
786,425	50959
786,565	50899
786,704	50968
786,844	51052
786,983	51034
787,122	51119
787,262	51196
787,401	51081
787,541	51108
787,680	51054
787,820	50788
787,959	50783
788,098	50880
788,238	50793
788,377	50688
788,517	50552
788,656	50509
788,796	50516
788,935	50485
789,075	50526
789,214	50462
789,353	50360
789,493	50383
789,632	50442
789,772	50435
789,911	50390
790,051	50391
790,190	50341
790,329	50327
790,469	50384
790,608	50370
790,748	50309
790,887	50233
791,027	50245
791,166	50422
791,305	50468
791,445	50326
791,584	50333
791,724	50311
791,863	50382
792,003	50467
792,142	50312
792,281	50345
792,421	50419
792,560	50330
792,700	50170
792,839	50145
792,979	50236
793,118	50229
793,258	50186
793,397	50108
793,536	49910
793,676	49819
793,815	49916
793,955	49867
794,094	49777
794,234	49725
794,373	49768
794,512	49799
794,652	49699
794,791	49532
794,931	49526
795,070	49521
795,210	49467
795,349	49331
795,488	49326
795,628	49464
795,767	49549
795,907	49599
796,046	49480
796,186	49582
796,325	49673
796,464	49704
796,604	49629
796,743	49508
796,883	49568
797,022	49555
797,162	49568
797,301	49526
797,440	49380
797,580	49417
797,719	49487
797,859	49397
797,998	49470
798,138	49401
798,277	49326
798,417	49342
798,556	49404
798,695	49338
798,835	49263
798,974	49117
799,114	49017
799,253	49021
799,393	49056
799,532	49114
799,671	48825
799,811	48852
799,950	48866
800,090	48702
