350,000	5423,7
350,139	5434,7
350,277	5432,7
350,416	5469,6
350,555	5463,6
350,694	5442,5
350,832	5462,2
350,971	5447
351,110	5428,7
351,248	5437,9
351,387	5472,5
351,526	5466,5
351,665	5439,5
351,803	5449,7
351,942	5485,6
352,081	5445,5
352,219	5465,7
352,358	5460,3
352,497	5461,8
352,636	5473
352,774	5475,7
352,913	5465,5
353,052	5443,8
353,190	5476,7
353,329	5474,5
353,468	5486,8
353,607	5434,4
353,745	5447,5
353,884	5458,3
354,023	5458,8
354,161	5475,4
354,300	5468,7
354,439	5447,9
354,578	5449,6
354,716	5459,3
354,855	5463,8
354,994	5458,5
355,132	5441
355,271	5484,5
355,410	5491
355,549	5450,6
355,687	5453
355,826	5454,3
355,965	5445,3
356,103	5481,1
356,242	5452,1
356,381	5442,3
356,520	5462,4
356,658	5463,9
356,797	5467,8
356,936	5469,9
357,074	5446,7
357,213	5471,8
357,352	5474,1
357,491	5452,5
357,629	5457,4
357,768	5457,8
357,907	5466,1
358,045	5478,5
358,184	5479,8
358,323	5470,7
358,462	5451,8
358,600	5485,2
358,739	5454,1
358,878	5455,7
359,016	5467,9
359,155	5471,5
359,294	5466,9
359,433	5463,3
359,571	5469,1
359,710	5475,4
359,849	5465,6
359,987	5460,9
360,126	5480,7
360,265	5489,6
360,404	5462
360,542	5463,4
360,681	5464,9
360,820	5471
360,958	5461
361,097	5460,5
361,236	5461,3
361,375	5451,9
361,513	5459,7
361,652	5467
361,791	5474,7
361,929	5486,8
362,068	5485
362,207	5483,4
362,346	5468,5
362,484	5465,5
362,623	5495,6
362,762	5458,2
362,900	5452,1
363,039	5461,7
363,178	5476,9
363,317	5469,5
363,455	5474,1
363,594	5472,9
363,733	5479,8
363,871	5471,4
364,010	5485,8
364,149	5469,2
364,288	5459,9
364,426	5491,9
364,565	5464,3
364,704	5467,5
364,842	5472,5
364,981	5454,4
365,120	5469,7
365,259	5476,8
365,397	5458,6
365,536	5466,1
365,675	5468,6
365,813	5471,9
365,952	5474,7
366,091	5475,2
366,230	5489,3
366,368	5489,7
366,507	5467,1
366,646	5471,1
366,784	5468,8
366,923	5478,5
367,062	5497,7
367,201	5466,9
367,339	5494,4
367,478	5496,8
367,617	5501,4
367,755	5487,2
367,894	5482,1
368,033	5484,6
368,172	5476,9
368,310	5480,1
368,449	5499,2
368,588	5474,9
368,726	5478,2
368,865	5517,4
369,004	5489,7
369,143	5481,7
369,281	5484,9
369,420	5476,1
369,559	5485,5
369,697	5507,4
369,836	5494,2
369,975	5481,2
370,114	5485,2
370,252	5482,5
370,391	5482,2
370,530	5496,9
370,668	5490,6
370,807	5482,4
370,946	5497,3
371,085	5464,9
371,223	5477,9
371,362	5485,2
371,501	5479,9
371,639	5481,8
371,778	5506,3
371,917	5509,3
372,056	5484,8
372,194	5489,7
372,333	5478,5
372,472	5467,2
372,610	5513,5
372,749	5484,1
372,888	5514,5
373,027	5512,7
373,165	5519,3
373,304	5503,8
373,443	5503,6
373,581	5491,1
373,720	5485,9
373,859	5494,7
373,998	5497,4
374,136	5510,7
374,275	5538,6
374,414	5511,5
374,552	5535,7
374,691	5525
374,830	5496
374,969	5503,7
375,107	5483,6
375,246	5471,6
375,385	5534
375,523	5502,4
375,662	5476,1
375,801	5507
375,940	5518,7
376,078	5505,4
376,217	5520,1
376,356	5514,8
376,494	5495,9
376,633	5511,8
376,772	5498,4
376,911	5525,7
377,049	5520,3
377,188	5498,8
377,327	5503,2
377,465	5502,1
377,604	5498,6
377,743	5520,7
377,882	5526,7
378,020	5500,1
378,159	5519,7
378,298	5528,8
378,436	5533,8
378,575	5521,5
378,714	5515,5
378,853	5503,6
378,991	5503,9
379,130	5510,9
379,269	5508,8
379,407	5522,8
379,546	5535,1
379,685	5519,1
379,824	5519
379,962	5520,2
380,101	5499,8
380,240	5522,7
380,378	5534,8
380,517	5532,8
380,656	5533,6
380,795	5526,8
380,933	5506,8
381,072	5520,9
381,211	5539,2
381,349	5510
381,488	5510,9
381,627	5546,3
381,766	5513,1
381,904	5528,6
382,043	5543,6
382,182	5538,5
382,320	5558,9
382,459	5546,5
382,598	5532,1
382,737	5535,4
382,875	5525,2
383,014	5542,7
383,153	5557,7
383,291	5535,8
383,430	5536,8
383,569	5564,9
383,708	5563,9
383,846	5549,2
383,985	5533,2
384,124	5554,5
384,262	5565,4
384,401	5576,9
384,540	5561,9
384,678	5543,7
384,817	5536,5
384,956	5536,7
385,095	5554,3
385,233	5583
385,372	5539,4
385,511	5536,9
385,649	5568,9
385,788	5546,4
385,927	5589,3
386,066	5572,9
386,204	5544,7
386,343	5538,8
386,482	5565,3
386,620	5569,5
386,759	5559,3
386,898	5558,4
387,037	5546,6
387,175	5573
387,314	5584,3
387,453	5571,9
387,591	5553,7
387,730	5574,7
387,869	5582
388,008	5551,3
388,146	5571,6
388,285	5578,9
388,424	5569,7
388,562	5557,6
388,701	5590,4
388,840	5592,1
388,979	5585,4
389,117	5596,9
389,256	5590
389,395	5587,6
389,533	5586,4
389,672	5591,6
389,811	5590,5
389,950	5576,5
390,088	5597,2
390,227	5597,1
390,366	5573,6
390,504	5587,2
390,643	5594,5
390,782	5602,7
390,921	5611,6
391,059	5585,1
391,198	5559,6
391,337	5576,4
391,475	5562,6
391,614	5650,2
391,753	5961,6
391,892	5679,2
392,030	5639,8
392,169	5612,4
392,308	5603,1
392,446	5594
392,585	5607,5
392,724	5623,5
392,863	5587,3
393,001	5596,8
393,140	5607,9
393,279	5594,4
393,417	5587,5
393,556	5588,9
393,695	5574,7
393,834	5584,6
393,972	5609,4
394,111	5625,1
394,250	5620,8
394,388	5617,8
394,527	5600,3
394,666	5627,5
394,805	5630,2
394,943	5623,5
395,082	5610,3
395,221	5550,5
395,359	5570
395,498	5589,6
395,637	5567,8
395,776	5549
395,914	5573,5
396,053	5536,2
396,192	5617,4
396,330	5574,2
396,469	5538,3
396,608	5549,5
396,747	5543,2
396,885	5539,2
397,024	5566,8
397,163	5572,8
397,301	5530,2
397,440	5583,2
397,579	5524,6
397,718	5580,5
397,856	5633,3
397,995	5584,8
398,134	5558
398,272	5570,6
398,411	5568,5
398,550	5557,8
398,689	5561,8
398,827	5571,6
398,966	5591,3
399,105	5605,5
399,243	5641
399,382	5614,8
399,521	5585
399,660	5518,4
399,798	5551,3
399,937	5598,3
400,076	5608,9
400,214	5592,8
400,353	5562,9
400,492	5543,6
400,631	5572,8
400,769	5615,9
400,908	5581
401,047	5606,1
401,185	5571,8
401,324	5597,9
401,463	5624,3
401,602	5614,2
401,740	5589,2
401,879	5583,9
402,018	5588,9
402,156	5542,6
402,295	5600,8
402,434	5608,4
402,573	5602,1
402,711	5584,8
402,850	5568,1
402,989	5583,6
403,127	5596,6
403,266	5596,4
403,405	5588,4
403,544	5584,9
403,682	5631,5
403,821	5635
403,960	5637,1
404,098	5640,8
404,237	5610,5
404,376	5613,3
404,515	5618,1
404,653	5608,7
404,792	5600,5
404,931	5602,8
405,069	5612,9
405,208	5625,7
405,347	5605,5
405,486	5629,3
405,624	5562,1
405,763	5593,1
405,902	5624,1
406,040	5596,2
406,179	5612,4
406,318	5622,1
406,457	5625,4
406,595	5635,3
406,734	5623,8
406,873	5642,6
407,011	5598,6
407,150	5645,5
407,289	5602,8
407,428	5622,9
407,566	5602,4
407,705	5633,2
407,844	5614,2
407,982	5616,9
408,121	5644,3
408,260	5636,1
408,399	5648,7
408,537	5621,1
408,676	5631,4
408,815	5696,6
408,953	5691,1
409,092	5674,4
409,231	5662,4
409,370	5675,3
409,508	5676,5
409,647	5670,2
409,786	5673,3
409,924	5678,8
410,063	5677,6
410,202	5627,1
410,341	5639,4
410,479	5668,2
410,618	5654
410,757	5638,5
410,895	5617,3
411,034	5619,6
411,173	5652,9
411,312	5645,6
411,450	5622,2
411,589	5666,3
411,728	5651,8
411,866	5683
412,005	5667,6
412,144	5622,6
412,283	5619
412,421	5675,1
412,560	5664,8
412,699	5663,9
412,837	5680,6
412,976	5663
413,115	5633,9
413,254	5661,7
413,392	5681,9
413,531	5685,7
413,670	5694
413,808	5660
413,947	5654,1
414,086	5673
414,225	5667,5
414,363	5674,6
414,502	5693,1
414,641	5696,8
414,779	5704,3
414,918	5730,8
415,057	5680,8
415,196	5669,6
415,334	5664,5
415,473	5659,7
415,612	5675,8
415,750	5690,8
415,889	5707,7
416,028	5708,8
416,167	5705,2
416,305	5703,9
416,444	5706,7
416,583	5711,5
416,721	5679
416,860	5719,6
416,999	5702
417,138	5762,1
417,276	5762,9
417,415	5681,9
417,554	5698,5
417,692	5717,7
417,831	5698,9
417,970	5702,9
418,109	5724,1
418,247	5705,5
418,386	5753,8
418,525	5775,4
418,663	5733
418,802	5746,3
418,941	5741,9
419,080	5752,4
419,218	5761,8
419,357	5773,3
419,496	5782,9
419,634	5769,5
419,773	5728,7
419,912	5711
420,051	5769,3
420,189	5767,5
420,328	5690,7
420,467	5745,4
420,605	5753,8
420,744	5749,9
420,883	5727,9
421,022	5746,9
421,160	5776,7
421,299	5789,6
421,438	5767,4
421,576	5729,8
421,715	5769,7
421,854	5761,6
421,993	5796,2
422,131	5797,4
422,270	5801
422,409	5785,4
422,547	5777,2
422,686	5749,7
422,825	5737
422,964	5740,7
423,102	5762,1
423,241	5780,7
423,380	5746
423,518	5779,8
423,657	5751,6
423,796	5804,7
423,935	5803,3
424,073	5854,9
424,212	5795,9
424,351	5795,8
424,489	5815,9
424,628	5798
424,767	5797,2
424,906	5824,4
425,044	5793,2
425,183	5771,1
425,322	5818,9
425,460	5799,1
425,599	5808,2
425,738	5767,9
425,877	5754,3
426,015	5782,1
426,154	5793,9
426,293	5775,1
426,431	5790,5
426,570	5822,5
426,709	5820,8
426,848	5845,9
426,986	5792,8
427,125	5815,7
427,264	5828,8
427,402	5807,9
427,541	5812,5
427,680	5811,3
427,819	5816,8
427,957	5806,4
428,096	5809,2
428,235	5830,4
428,373	5838,7
428,512	5829,4
428,651	5823
428,790	5827,6
428,928	5857,3
429,067	5793,8
429,206	5804,8
429,344	5802,2
429,483	5837,8
429,622	5829,6
429,761	5838,5
429,899	5834,9
430,038	5843,4
430,177	5883,1
430,315	5846,5
430,454	5853,3
430,593	5872,6
430,732	5841
430,870	5829,9
431,009	5878,4
431,148	5838,5
431,286	5862,3
431,425	5859,8
431,564	5849,3
431,703	5868,1
431,841	5876,2
431,980	5855,2
432,119	5870,9
432,257	5892,2
432,396	5900,4
432,535	5921,5
432,674	5939,1
432,812	5928
432,951	5931,1
433,090	5884,1
433,228	5883,3
433,367	5903,3
433,506	5896,5
433,645	5887,7
433,783	5888,6
433,922	5854,9
434,061	5858,7
434,199	5869,1
434,338	5829,5
434,477	5851,4
434,616	5883,8
434,754	5933,4
434,893	5896
435,032	5880,3
435,170	5892,5
435,309	5884,2
435,448	5883
435,587	5904,9
435,725	5878,9
435,864	5898
436,003	5879,2
436,141	5929,9
436,280	5908,6
436,419	5904,3
436,558	5970,4
436,696	5925,7
436,835	5924,5
436,974	5973,1
437,112	5996,6
437,251	5983,2
437,390	5966,6
437,529	5960,1
437,667	5985,3
437,806	5979,3
437,945	6001,8
438,083	5991,8
438,222	5937,6
438,361	5948,9
438,500	5939
438,638	5903,2
438,777	5898,1
438,916	5901,4
439,054	5886,1
439,193	5901,7
439,332	5939
439,471	5885,2
439,609	5979,7
439,748	5986,8
439,887	5917,5
440,025	5935,7
440,164	5952,5
440,303	5932,1
440,442	5977,5
440,580	6010
440,719	5989,9
440,858	5960
440,996	5952,8
441,135	5952,3
441,274	5954,1
441,413	5993,6
441,551	5970,4
441,690	5973,8
441,829	5985
441,967	5946
442,106	6006
442,245	6003
442,384	5999,6
442,522	6017,4
442,661	6008,3
442,800	5990,2
442,938	6018,5
443,077	6010,5
443,216	6015,9
443,355	6016,4
443,493	6034,5
443,632	6023,8
443,771	6042,6
443,909	5985,8
444,048	5969,8
444,187	6006,9
444,326	5978,2
444,464	5979,7
444,603	6001,4
444,742	5981,5
444,880	5998,4
445,019	6018,8
445,158	5986,3
445,297	6050,1
445,435	6030,1
445,574	6013,8
445,713	6007,1
445,851	6063,7
445,990	6048,2
446,129	6065,4
446,268	6078,4
446,406	6053,2
446,545	6062,3
446,684	6087,6
446,822	6024,4
446,961	6057,3
447,100	6055,2
447,239	6054,5
447,377	6068,9
447,516	6042,8
447,655	6076,2
447,793	6054,4
447,932	6067,3
448,071	6089,8
448,210	6075
448,348	6066,5
448,487	6088,4
448,626	6106,6
448,764	6121,6
448,903	6131,3
449,042	6122,3
449,181	6097,6
449,319	6044,1
449,458	6033,4
449,597	6044
449,735	6054,5
449,874	6058,2
450,013	6036,1
450,152	6062,9
450,290	6074,1
450,429	6070,9
450,568	6108,1
450,706	6107
450,845	6144,4
450,984	6117,1
451,123	6121,8
451,261	6190,1
451,400	6160
451,539	6181,8
451,677	6146,6
451,816	6153,7
451,955	6184,7
452,094	6188,2
452,232	6160,4
452,371	6140,6
452,510	6169,2
452,648	6210,8
452,787	6178,7
452,926	6140,9
453,065	6083
453,203	6090,4
453,342	6072,9
453,481	6091,6
453,619	6081,3
453,758	6098,7
453,897	6106,6
454,036	6115
454,174	6129
454,313	6147,6
454,452	6139,8
454,590	6120
454,729	6168,6
454,868	6137,3
455,006	6213,8
455,145	6194,5
455,284	6162,8
455,423	6124,5
455,561	6144,8
455,700	6213,7
455,839	6178,4
455,977	6197,1
456,116	6198,7
456,255	6144,8
456,394	6150,6
456,532	6142,5
456,671	6152,1
456,810	6187,3
456,948	6180,2
457,087	6221,3
457,226	6160,2
457,365	6182,8
457,503	6188,4
457,642	6197,1
457,781	6218,5
457,919	6232
458,058	6251,4
458,197	6257,5
458,336	6260
458,474	6242,5
458,613	6211,9
458,752	6207,7
458,890	6238,2
459,029	6236,3
459,168	6139,8
459,307	6144,4
459,445	6134,3
459,584	6153,1
459,723	6116,6
459,861	6131,5
460,000	6111,9
460,139	6099,7
460,278	6123,6
460,416	6113
460,555	6105
460,694	6149,1
460,832	6176,5
460,971	6238,6
461,110	6226,6
461,249	6236,3
461,387	6235,9
461,526	6270,1
461,665	6294
461,803	6321,6
461,942	6326,3
462,081	6359,6
462,220	6369,3
462,358	6348,8
462,497	6340
462,636	6315,6
462,774	6313,4
462,913	6309,1
463,052	6286,4
463,191	6230,8
463,329	6265
463,468	6253,7
463,607	6261,9
463,745	6235,8
463,884	6276,1
464,023	6254,9
464,162	6238,6
464,300	6290,6
464,439	6324,5
464,578	6321,3
464,716	6316,4
464,855	6325,1
464,994	6291,5
465,133	6325,8
465,271	6295,3
465,410	6315,9
465,549	6350,1
465,687	6329,9
465,826	6356,5
465,965	6364,4
466,104	6368,3
466,242	6397,5
466,381	6403,1
466,520	6357,3
466,658	6364,7
466,797	6368,2
466,936	6374
467,075	6379,3
467,213	6376,8
467,352	6412,1
467,491	6336,9
467,629	6387,8
467,768	6348,2
467,907	6379,1
468,046	6433
468,184	6399,7
468,323	6390,9
468,462	6426,5
468,600	6447,4
468,739	6444,8
468,878	6458,5
469,017	6480,4
469,155	6481,5
469,294	6459,8
469,433	6450,4
469,571	6489,4
469,710	6483,2
469,849	6458,5
469,988	6451,4
470,126	6432,1
470,265	6417,9
470,404	6430,3
470,542	6430,5
470,681	6408,2
470,820	6416,8
470,959	6388,2
471,097	6377,9
471,236	6365,8
471,375	6336,5
471,513	6337,9
471,652	6351,5
471,791	6379,2
471,930	6348
472,068	6373,1
472,207	6391,6
472,346	6412,6
472,484	6411,5
472,623	6435,6
472,762	6441,1
472,901	6468,3
473,039	6502,9
473,178	6497
473,317	6482,8
473,455	6472,6
473,594	6491,8
473,733	6535,1
473,872	6501,6
474,010	6520,2
474,149	6523,6
474,288	6499,5
474,426	6512,2
474,565	6540,6
474,704	6540,4
474,843	6506,3
474,981	6455,5
475,120	6486,7
475,259	6484,2
475,397	6477,6
475,536	6482,5
475,675	6469,1
475,814	6492,8
475,952	6493,2
476,091	6477,2
476,230	6432
476,368	6445,4
476,507	6417,3
476,646	6398,4
476,785	6406,7
476,923	6434,5
477,062	6434,2
477,201	6421,9
477,339	6467,4
477,478	6499
477,617	6494,2
477,756	6475
477,894	6475,5
478,033	6497,8
478,172	6558
478,310	6555
478,449	6602,5
478,588	6608,4
478,727	6608,2
478,865	6631,9
479,004	6672,1
479,143	6663
479,281	6668,1
479,420	6683,5
479,559	6694,8
479,698	6710
479,836	6693,3
479,975	6670,4
480,114	6806,2
480,252	6737,8
480,391	6730,2
480,530	6671,1
480,669	6693,9
480,807	6704,5
480,946	6715,9
481,085	6742,2
481,223	6751,1
481,362	6776,5
481,501	6741
481,640	6723,7
481,778	6759,4
481,917	6755,4
482,056	6751,1
482,194	6749,7
482,333	6753,9
482,472	6737
482,611	6728,6
482,749	6713,7
482,888	6760,6
483,027	6696,6
483,165	6668,5
483,304	6695
483,443	6697,9
483,582	6728,1
483,720	6681,6
483,859	6709,6
483,998	6725
484,136	6739,9
484,275	6794,4
484,414	6801,8
484,553	6759,6
484,691	6809
484,830	6844,9
484,969	6839,5
485,107	6854
485,246	6843
485,385	6827,9
485,524	6843,1
485,662	6898,8
485,801	6932,1
485,940	6949,6
486,078	6957,3
486,217	6912,9
486,356	6925,1
486,495	6947,1
486,633	6878
486,772	6929
486,911	6906,7
487,049	6908,1
487,188	6912,3
487,327	6909,1
487,466	6925,6
487,604	6961,6
487,743	6963,7
487,882	6919,1
488,020	6897
488,159	6885,6
488,298	6856,9
488,437	6873,4
488,575	6879
488,714	6831,2
488,853	6837,1
488,991	6877,8
489,130	6877,1
489,269	6831,5
489,408	6851,8
489,546	6849,5
489,685	6868,3
489,824	6847,6
489,962	6879,4
490,101	6833,9
490,240	6844,1
490,379	6849,1
490,517	6887,8
490,656	6888,6
490,795	6885,9
490,933	6889
491,072	6892,4
491,211	6878
491,350	6897,6
491,488	6908,3
491,627	6945,2
491,766	6935,4
491,904	6941,2
492,043	6945,2
492,182	6977,1
492,321	6984
492,459	6983,8
492,598	6996,2
492,737	7018,6
492,875	7011,3
493,014	7025,1
493,153	7005,5
493,292	7009,5
493,430	7047,7
493,569	7053,9
493,708	7047,8
493,846	7073,9
493,985	7043,6
494,124	7030
494,263	7045,4
494,401	7018,6
494,540	6994
494,679	7064,1
494,817	7084,8
494,956	6962,3
495,095	7029,5
495,234	7000,9
495,372	7026,5
495,511	7078,2
495,650	7024,5
495,788	7038,4
495,927	7101,7
496,066	7073
496,205	7105,6
496,343	7157,5
496,482	7092,7
496,621	7146
496,759	7222,1
496,898	7217,2
497,037	7211,9
497,176	7182,4
497,314	7292,1
497,453	7337,2
497,592	7318,8
497,730	7353,2
497,869	7349,5
498,008	7386,4
498,147	7412
498,285	7438,6
498,424	7402,6
498,563	7409,8
498,701	7416,8
498,840	7459,3
498,979	7435,9
499,118	7445,7
499,256	7465,8
499,395	7478,4
499,534	7449,5
499,672	7456,7
499,811	7421,1
499,950	7400,6
500,089	7391,2
500,227	7346,6
500,366	7349,2
500,505	7339,5
500,643	7359,2
500,782	7323,4
500,921	7334,8
501,060	7306
501,198	7273,3
501,337	7263
501,476	7250,3
501,614	7240,4
501,753	7261,3
501,892	7297,1
502,031	7232,8
502,169	7240,6
502,308	7162,6
502,447	7277,2
502,585	7271,7
502,724	7262,7
502,863	7277,5
503,002	7280,1
503,140	7321,8
503,279	7416,5
503,418	7438,6
503,556	7347,8
503,695	7412,9
503,834	7446,4
503,973	7449,6
504,111	7496,5
504,250	7508,2
504,389	7508,4
504,527	7539,3
504,666	7592,1
504,805	7571
504,944	7568,2
505,082	7573
505,221	7581,1
505,360	7510,7
505,498	7480
505,637	7367
505,776	7368,4
505,915	7326,5
506,053	7291,5
506,192	7300,1
506,331	7232,2
506,469	7135,3
506,608	7092,8
506,747	7116,5
506,886	7116,9
507,024	7094,4
507,163	7133,5
507,302	7122,8
507,440	7088,9
507,579	7116,4
507,718	7113,5
507,857	7137,8
507,995	7142,6
508,134	7123,9
508,273	7162,4
508,411	7151
508,550	7134,6
508,689	7097,4
508,828	7120,1
508,966	7066,1
509,105	7016,2
509,244	6965,8
509,382	6911,6
509,521	6880,1
509,660	6805
509,799	6823,6
509,937	6805,3
510,076	6794,2
510,215	6867,4
510,353	6881,7
510,492	6877,8
510,631	6879,7
510,770	6886,6
510,908	6878,6
511,047	6902,7
511,186	6887,6
511,324	6862,7
511,463	6835,6
511,602	6841,6
511,741	6821,9
511,879	6845,5
512,018	6802,3
512,157	6785,9
512,295	6797,3
512,434	6777,4
512,573	6762,3
512,712	6778,7
512,850	6812,6
512,989	6768,2
513,128	6733,5
513,266	6747,6
513,405	6768,2
513,544	6811,2
513,683	6834,3
513,821	6761,5
513,960	6753,6
514,099	6737,2
514,237	6727
514,376	6779,3
514,515	6783
514,654	6802
514,792	6726,5
514,931	6787,9
515,070	6803,2
515,208	6764,9
515,347	6778,1
515,486	6792,9
515,625	6754,8
515,763	6797,5
515,902	6825,8
516,041	6802,8
516,179	6784,4
516,318	6805,6
516,457	6866,2
516,596	6812,1
516,734	6801,3
516,873	6859,3
517,012	6857,2
517,150	6797,6
517,289	6826,8
517,428	6864,2
517,567	6916,6
517,705	6869
517,844	6885,4
517,983	6914,9
518,121	6900,2
518,260	6935,8
518,399	6921,2
518,538	6942,1
518,676	6890,5
518,815	6928,4
518,954	6892,2
519,092	6919,9
519,231	6931,9
519,370	6915,4
519,509	6920,9
519,647	6905,3
519,786	6884,2
519,925	6923,1
520,063	6955,9
520,202	6948,7
520,341	6943,4
520,480	6877,6
520,618	6925,1
520,757	6908,9
520,896	6885,2
521,034	6840,6
521,173	6890,9
521,312	6906,6
521,451	6883,4
521,589	6871,7
521,728	6839,2
521,867	6785,6
522,005	6759,1
522,144	6750,9
522,283	6794,3
522,422	6819,4
522,560	6773,9
522,699	6738,2
522,838	6786,7
522,976	6697,3
523,115	6718,6
523,254	6693,5
523,393	6715,1
523,531	6703,7
523,670	6723,2
523,809	6729,5
523,947	6679,7
524,086	6677,1
524,225	6688,1
524,363	6681,3
524,502	6714,7
524,641	6665,8
524,780	6698,6
524,918	6699,4
525,057	6671,9
525,196	6695,4
525,334	6719,5
525,473	6657,1
525,612	6631
525,751	6651,5
525,889	6666
526,028	6650,5
526,167	6613,5
526,305	6646,4
526,444	6613,5
526,583	6675,6
526,722	6675,1
526,860	6632,2
526,999	6645,7
527,138	6609,3
527,276	6678,8
527,415	6658,2
527,554	6648,8
527,693	6644,2
527,831	6607,2
527,970	6593,2
528,109	6623,9
528,247	6635,8
528,386	6621,3
528,525	6612,3
528,664	6643,3
528,802	6591,9
528,941	6607,5
529,080	6630,3
529,218	6638,8
529,357	6614,9
529,496	6617,3
529,635	6604,2
529,773	6581,5
529,912	6591,6
530,051	6612,1
530,189	6641,8
530,328	6642,3
530,467	6579,1
530,606	6615,2
530,744	6624,1
530,883	6602,6
531,022	6524,3
531,160	6596,9
531,299	6570,1
531,438	6594,5
531,577	6642,4
531,715	6639,8
531,854	6644,1
531,993	6653,7
532,131	6643,5
532,270	6628
532,409	6598,8
532,548	6613,1
532,686	6670,3
532,825	6651,5
532,964	6623,4
533,102	6640,3
533,241	6701,7
533,380	6757,5
533,519	6740
533,657	6706,8
533,796	6681,3
533,935	6672,7
534,073	6702,4
534,212	6747
534,351	6770,7
534,490	6787,4
534,628	6777,5
534,767	6802,3
534,906	6821,8
535,044	6822,2
535,183	6827
535,322	6823,4
535,461	6796,4
535,599	6821,4
535,738	6802,9
535,877	6815,5
536,015	6844,3
536,154	6894,7
536,293	6901,9
536,432	6869,5
536,570	6921,8
536,709	6910,6
536,848	6910
536,986	7014,8
537,125	6830,6
537,264	6911,9
537,403	6898,4
537,541	6936,9
537,680	6960,5
537,819	6932,4
537,957	6962,2
538,096	6996,5
538,235	6997,1
538,374	7008,8
538,512	7037,9
538,651	7020,4
538,790	6973,8
538,928	7021,1
539,067	7006,1
539,206	7002,4
539,345	7041,2
539,483	7045,2
539,622	7001,6
539,761	7045
539,899	7022
540,038	7044,8
540,177	7075
540,316	7059,5
540,454	7030,7
540,593	7080,4
540,732	7133,5
540,870	7066,6
541,009	7040,5
541,148	7052
541,287	7047,6
541,425	7182,8
541,564	7157,4
541,703	7137,4
541,841	7025,2
541,980	7082,3
542,119	7108,2
542,258	7106,6
542,396	7097,7
542,535	7089,1
542,674	7034,3
542,812	7018,9
542,951	7118,5
543,090	7177
543,229	7123,9
543,367	7134
543,506	7111,5
543,645	7078,4
543,783	7035,6
543,922	7041,4
544,061	7077
544,200	7032,6
544,338	7039,9
544,477	6973
544,616	6949,2
544,754	6926,6
544,893	6939,8
545,032	7023,4
545,171	7072,3
545,309	7034,8
545,448	7019,9
545,587	7055,4
545,725	6985,7
545,864	7010,8
546,003	7059,1
546,142	7011,1
546,280	6968,4
546,419	6938,4
546,558	6866
546,696	6893,9
546,835	6899,1
546,974	6877,7
547,113	6839,1
547,251	6831,3
547,390	6855,2
547,529	6848,3
547,667	6812,8
547,806	6782,3
547,945	6835,7
548,084	6791,3
548,222	6748,5
548,361	6691,1
548,500	6783,7
548,638	6740,9
548,777	6772,2
548,916	6788,8
549,055	6818,4
549,193	6750,1
549,332	6738,8
549,471	6777
549,609	6789,3
549,748	6798,4
549,887	6796,1
550,026	6764,6
550,164	6773
550,303	6872,1
550,442	6867,7
550,580	6843,2
550,719	6773,5
550,858	6745,4
550,997	6809,2
551,135	6857,4
551,274	6923,6
551,413	6916,6
551,551	6909,7
551,690	6923,3
551,829	6947
551,968	6968,8
552,106	6935,5
552,245	6892,1
552,384	6965,5
552,522	7008
552,661	7000,9
552,800	7003,4
552,939	6933
553,077	6973,9
553,216	6973,4
553,355	6978,7
553,493	7005,2
553,632	7032,6
553,771	7031,6
553,910	6979,5
554,048	6989,4
554,187	7081,3
554,326	7120,7
554,464	7097,2
554,603	7090,3
554,742	7064,4
554,881	7070,8
555,019	7094,8
555,158	7080,9
555,297	7103,4
555,435	7165,7
555,574	7174,3
555,713	7243,7
555,852	7161,7
555,990	7138,2
556,129	7215,9
556,268	7172,5
556,406	7168,7
556,545	7171,4
556,684	7166,6
556,823	7199
556,961	7207,7
557,100	7183,4
557,239	7176,3
557,377	7140,4
557,516	7257,4
557,655	7214
557,794	7137,1
557,932	7225,2
558,071	7236,4
558,210	7237,5
558,348	7202,3
558,487	7224,4
558,626	7186,3
558,765	7148,3
558,903	7098,3
559,042	7096,3
559,181	7083,6
559,319	7073,9
559,458	7117,8
559,597	7067,1
559,736	6980,2
559,874	7047,1
560,013	7015,3
560,152	6944,9
560,290	7008,6
560,429	7043
560,568	7067,5
560,707	7000,4
560,845	6967,4
560,984	7022,5
561,123	7032,7
561,261	7022,2
561,400	6988,5
561,539	6957,9
561,678	6959,8
561,816	6955,1
561,955	6913,7
562,094	6895,9
562,232	6920,7
562,371	6906,7
562,510	6970,6
562,649	6862,1
562,787	6966,7
562,926	6884,2
563,065	6905,4
563,203	6871
563,342	6862,6
563,481	6928,3
563,620	6914,4
563,758	6890
563,897	6929,6
564,036	6953,1
564,174	6927,1
564,313	6915,8
564,452	6941,5
564,591	6940,9
564,729	6893,8
564,868	6870,3
565,007	6864,3
565,145	6929,4
565,284	6919,4
565,423	6899,1
565,562	6931,6
565,700	6942
565,839	6942,2
565,978	6973
566,116	6898
566,255	6903,3
566,394	6977,1
566,533	6993,5
566,671	6918,4
566,810	6907,9
566,949	6953,2
567,087	6977,7
567,226	7009,8
567,365	7014,3
567,504	7041,4
567,642	7016,9
567,781	7068
567,920	7030,3
568,058	7091,8
568,197	7038,4
568,336	7043,1
568,475	7143,9
568,613	7098,7
568,752	7080,7
568,891	7113,5
569,029	7129
569,168	7116,3
569,307	7113,3
569,446	7144,3
569,584	7187,6
569,723	7183,6
569,862	7150
570,000	7163,7
570,139	7184,6
570,278	7216,2
570,417	7246,1
570,555	7249,2
570,694	7283,3
570,833	7301,2
570,971	7290,6
571,110	7254,4
571,249	7319,9
571,388	7321
571,526	7345,3
571,665	7328,6
571,804	7329
571,942	7371
572,081	7410,2
572,220	7367,9
572,359	7295,1
572,497	7313,8
572,636	7367
572,775	7326,5
572,913	7316,6
573,052	7460,1
573,191	7450
573,330	7396,2
573,468	7396,2
573,607	7465,3
573,746	7363,7
573,884	7434,4
574,023	7399,7
574,162	7481,5
574,301	7426,6
574,439	7461,1
574,578	7442,3
574,717	7368,5
574,855	7372,6
574,994	7397,8
575,133	7394,8
575,272	7408,4
575,410	7449,4
575,549	7465,5
575,688	7435,2
575,826	7441,9
575,965	7381,8
576,104	7460,9
576,243	7457,5
576,381	7405
576,520	7450,8
576,659	7444,8
576,797	7388,6
576,936	7432,6
577,075	7409,7
577,214	7474,7
577,352	7475,2
577,491	7452,1
577,630	7467,9
577,768	7491,8
577,907	7504,6
578,046	7501,8
578,185	7448,2
578,323	7408,3
578,462	7457,7
578,601	7441,2
578,739	7501,4
578,878	7502,9
579,017	7540,5
579,156	7537,1
579,294	7456,4
579,433	7598,2
579,572	7569,7
579,710	7529,1
579,849	7532,5
579,988	7538,5
580,127	7500,1
580,265	7546
580,404	7546,7
580,543	7557,3
580,681	7575
580,820	7551,2
580,959	7551,5
581,098	7579
581,236	7598,3
581,375	7582,6
581,514	7567,8
581,652	7540,1
581,791	7575,7
581,930	7684,2
582,069	7629,7
582,207	7543,8
582,346	7600,4
582,485	7572,1
582,623	7598,8
582,762	7603,1
582,901	7631,7
583,040	7666,8
583,178	7621,1
583,317	7571
583,456	7549,3
583,594	7575
583,733	7559,2
583,872	7504,5
584,011	7501,6
584,149	7524,2
584,288	7509,5
584,427	7562,6
584,565	7554,8
584,704	7487,6
584,843	7525,9
584,982	7445,4
585,120	7488,7
585,259	7494,1
585,398	7454,3
585,536	7399,2
585,675	7454
585,814	7476,3
585,953	7462,6
586,091	7494,6
586,230	7471,9
586,369	7466,8
586,507	7534,2
586,646	7590,9
586,785	7562,4
586,924	7532
587,062	7493,4
587,201	7466,8
587,340	7529,2
587,478	7557
587,617	7561,9
587,756	7551,3
587,895	7540,2
588,033	7541
588,172	7557,1
588,311	7698
588,449	7733,5
588,588	7705,9
588,727	7717,8
588,866	7692,1
589,004	7715,2
589,143	7767,8
589,282	7729
589,420	7779,5
589,559	7807,5
589,698	7778,4
589,837	7783,6
589,975	7788,4
590,114	7883,8
590,253	7920,3
590,391	7941,7
590,530	7969,5
590,669	7985,5
590,808	8054,1
590,946	8063,6
591,085	8073
591,224	8040,5
591,362	8070,1
591,501	8018,6
591,640	8055,3
591,779	8080,7
591,917	8132,5
592,056	8193,3
592,195	8219,3
592,333	8197,9
592,472	8220,6
592,611	8289,9
592,750	8216,6
592,888	8170,2
593,027	8160
593,166	8148,9
593,304	8157,4
593,443	8172,6
593,582	8191,9
593,720	8130,6
593,859	8168,5
593,998	8169,5
594,137	8144,3
594,275	8130,7
594,414	8109,5
594,553	8110
594,691	8072,6
594,830	8079,1
594,969	8033,9
595,108	8015,6
595,246	8012,1
595,385	8000,2
595,524	7914,6
595,662	7908,7
595,801	7906,7
595,940	7922,2
596,079	7919,4
596,217	7897,1
596,356	7876,8
596,495	7862,1
596,633	7847,5
596,772	7833,7
596,911	7808,5
597,050	7792,9
597,188	7769,6
597,327	7693,3
597,466	7663,8
597,604	7708,4
597,743	7690,4
597,882	7677,4
598,021	7759,6
598,159	7668,2
598,298	7671,9
598,437	7636,1
598,575	7673,7
598,714	7667,1
598,853	7778,8
598,992	7675,9
599,130	7671,8
599,269	7693,8
599,408	7694
599,546	7690,4
599,685	7718,5
599,824	7690,5
599,963	7710,3
600,101	7726,9
600,240	7711,7
600,379	7728,1
600,517	7765,5
600,656	7787
600,795	7772,2
600,934	7757,7
601,072	7813,7
601,211	7849,9
601,350	7922,2
601,488	7911,2
601,627	7890
601,766	7873,9
601,905	7891,4
602,043	7982,1
602,182	7981,2
602,321	8010,3
602,459	8054,5
602,598	8015
602,737	8040,7
602,876	8121,4
603,014	8089,6
603,153	8082,7
603,292	8122,2
603,430	8195,1
603,569	8148,1
603,708	8144,9
603,847	8215,6
603,985	8203
604,124	8218,5
604,263	8298,7
604,401	8295,3
604,540	8281,5
604,679	8286
604,818	8291,4
604,956	8332,4
605,095	8327,1
605,234	8332,7
605,372	8358,6
605,511	8361,1
605,650	8351
605,789	8372,7
605,927	8327,3
606,066	8411
606,205	8349,4
606,343	8340,8
606,482	8342,5
606,621	8415,4
606,760	8384,8
606,898	8426,7
607,037	8381,7
607,176	8340,3
607,314	8338,7
607,453	8396
607,592	8366
607,731	8353,4
607,869	8361,7
608,008	8372,3
608,147	8347,7
608,285	8327,4
608,424	8398,1
608,563	8408,2
608,702	8423
608,840	8401
608,979	8455,3
609,118	8467,5
609,256	8518,1
609,395	8521
609,534	8498
609,673	8561,2
609,811	8600,5
609,950	8602,9
610,089	8731,9
610,227	8786,2
610,366	8873,2
610,505	8862,9
610,644	8896,5
610,782	8851,9
610,921	8871
611,060	8869,9
611,198	8849,6
611,337	8854,1
611,476	8839,5
611,615	8789,1
611,753	8760,4
611,892	8753,2
612,031	8749,2
612,169	8747,8
612,308	8706,6
612,447	8635,7
612,586	8594,5
612,724	8632
612,863	8588,6
613,002	8579,6
613,140	8586,7
613,279	8643,5
613,418	8614,4
613,557	8589,2
613,695	8608,4
613,834	8593,1
613,973	8563,9
614,111	8602,1
614,250	8592,1
614,389	8581,4
614,528	8582,3
614,666	8606,4
614,805	8566,3
614,944	8563,3
615,082	8588,9
615,221	8616,2
615,360	8647,5
615,499	8619,1
615,637	8648,2
615,776	8653,4
615,915	8668
616,053	8687
616,192	8650
616,331	8659,5
616,470	8698,6
616,608	8673,2
616,747	8674,1
616,886	8705,7
617,024	8681,2
617,163	8731,7
617,302	8721,4
617,441	8723,4
617,579	8710,8
617,718	8722,8
617,857	8743,6
617,995	8757,4
618,134	8808,4
618,273	8725,7
618,412	8810,8
618,550	8761,7
618,689	8756,1
618,828	8684,1
618,966	8746,7
619,105	8785,1
619,244	8819,3
619,383	8869,6
619,521	8755,4
619,660	8759,3
619,799	8791,4
619,937	8804,5
620,076	8820,2
620,215	8822,7
620,354	8782,9
620,492	8790
620,631	8812,9
620,770	8799,8
620,908	8797,9
621,047	8775,6
621,186	8774,4
621,325	8776,4
621,463	8747,7
621,602	8779,8
621,741	8814,2
621,879	8775,6
622,018	8756,2
622,157	8776,2
622,296	8733,7
622,434	8691,9
622,573	8725,1
622,712	8684,5
622,850	8764,6
622,989	8770,8
623,128	8661,3
623,267	8665,8
623,405	8599,4
623,544	8665,6
623,683	8674,3
623,821	8592,6
623,960	8649,2
624,099	8618,3
624,238	8658
624,376	8578,3
624,515	8568,7
624,654	8577
624,792	8601,5
624,931	8613,4
625,070	8612,5
625,209	8609,2
625,347	8583,5
625,486	8559,5
625,625	8573,4
625,763	8571,8
625,902	8548,6
626,041	8568,3
626,180	8547,8
626,318	8547,8
626,457	8515,6
626,596	8583,6
626,734	8523,1
626,873	8589,2
627,012	8561,5
627,151	8573,3
627,289	8556,1
627,428	8620,2
627,567	8619,8
627,705	8624,9
627,844	8602,8
627,983	8635,3
628,122	8574,1
628,260	8606,8
628,399	8583,9
628,538	8597,4
628,676	8651,1
628,815	8648,6
628,954	8654,1
629,093	8631,8
629,231	8704,6
629,370	8701,8
629,509	8707,1
629,647	8688,3
629,786	8767,1
629,925	8813,6
630,064	8776,6
630,202	8727,8
630,341	8695,7
630,480	8720,5
630,618	8782,8
630,757	8819
630,896	8802,8
631,035	8778,7
631,173	8770,8
631,312	8766,4
631,451	8817,1
631,589	8853,2
631,728	8848,7
631,867	8846,1
632,006	8820,4
632,144	8825,7
632,283	8805
632,422	8801
632,560	8769,6
632,699	8770,9
632,838	8737,6
632,977	8751,8
633,115	8722,2
633,254	8740,2
633,393	8717
633,531	8807,3
633,670	8795,6
633,809	8793
633,948	8803,7
634,086	8769,9
634,225	8816
634,364	8773
634,502	8749
634,641	8759,6
634,780	8738,1
634,919	8688,8
635,057	8754,4
635,196	8806,2
635,335	8758,7
635,473	8749,1
635,612	8737,7
635,751	8754,8
635,890	8744,8
636,028	8704,6
636,167	8721,8
636,306	8668,3
636,444	8655,8
636,583	8716,5
636,722	8749,9
636,861	8668,5
636,999	8704,7
637,138	8683,9
637,277	8625,2
637,415	8645,2
637,554	8649,8
637,693	8681,9
637,832	8703,8
637,970	8705
638,109	8644,1
638,248	8609,9
638,386	8589,9
638,525	8589,4
638,664	8607,4
638,803	8610,4
638,941	8611,1
639,080	8508
639,219	8571,6
639,357	8630,1
639,496	8647,5
639,635	8581
639,774	8555,4
639,912	8630,5
640,051	8604,4
640,190	8616,7
640,328	8612,7
640,467	8568,9
640,606	8567
640,745	8560,4
640,883	8557,7
641,022	8614,7
641,161	8596,9
641,299	8596,3
641,438	8642,1
641,577	8577,4
641,716	8578,4
641,854	8595
641,993	8674,1
642,132	8601,4
642,270	8703,5
642,409	8672,6
642,548	8614,8
642,687	8640,3
642,825	8727,4
642,964	8677,3
643,103	8716,4
643,241	8672,9
643,380	8668,8
643,519	8713
643,658	8754,4
643,796	8746,7
643,935	8684,7
644,074	8718,1
644,212	8812,7
644,351	8723,2
644,490	8694,1
644,629	8766,9
644,767	8718,4
644,906	8794,6
645,045	8732
645,183	8684,7
645,322	8785,4
645,461	8746,9
645,600	8771,6
645,738	8750,2
645,877	8676,8
646,016	8698,2
646,154	8701,7
646,293	8752,6
646,432	8757,1
646,571	8722,3
646,709	8682,5
646,848	8696,8
646,987	8704,4
647,125	8687,6
647,264	8594,8
647,403	8604,8
647,542	8664,3
647,680	8668,7
647,819	8684,2
647,958	8753,6
648,096	8620,7
648,235	8732,3
648,374	8680,6
648,513	8679,7
648,651	8694
648,790	8722
648,929	8720,4
649,067	8696,1
649,206	8651,4
649,345	8598
649,484	8650,3
649,622	8688,3
649,761	8674,1
649,900	8720,7
650,038	8698,1
650,177	8635,6
650,316	8663,8
650,455	8739,1
650,593	8716,8
650,732	8708,3
650,871	8632,8
651,009	8570,8
651,148	8619,6
651,287	8569,3
651,426	8594,3
651,564	8627,1
651,703	8565,2
651,842	8593,4
651,980	8597,8
652,119	8577,1
652,258	8649,4
652,397	8615,2
652,535	8608,1
652,674	8603,7
652,813	8562
652,951	8588,6
653,090	8581,7
653,229	8601,3
653,368	8651
653,506	8588,2
653,645	8621,2
653,784	8635
653,922	8580,4
654,061	8670,7
654,200	8587,1
654,339	8603,5
654,477	8596,7
654,616	8633
654,755	8639,5
654,893	8607
655,032	8630,2
655,171	8669,5
655,310	8658,1
655,448	8675,7
655,587	8713,1
655,726	8707,4
655,864	8660,8
656,003	8656,8
656,142	8666,1
656,281	8699,9
656,419	8633,5
656,558	8605,6
656,697	8694,6
656,835	8627,3
656,974	8654,4
657,113	8546
657,252	8636,5
657,390	8454,8
657,529	8571,4
657,668	8604,7
657,806	8665,9
657,945	8651,8
658,084	8573,9
658,223	8612,8
658,361	8625,7
658,500	8568,2
658,639	8558,5
658,777	8587,2
658,916	8585,3
659,055	8599
659,194	8610,9
659,332	8566,8
659,471	8560,8
659,610	8538,4
659,748	8503,4
659,887	8574
660,026	8567,5
660,165	8538,4
660,303	8568,1
660,442	8496,9
660,581	8589
660,719	8565,4
660,858	8531,9
660,997	8495,5
661,136	8541
661,274	8497,1
661,413	8503,1
661,552	8530,6
661,690	8451,4
661,829	8461,7
661,968	8470,3
662,107	8476,8
662,245	8490,3
662,384	8438,2
662,523	8386,1
662,661	8373,7
662,800	8411,7
662,939	8500
663,077	8461,5
663,216	8419,4
663,355	8381,5
663,494	8343,5
663,632	8375,8
663,771	8328,9
663,910	8340,2
664,048	8285,8
664,187	8319,3
664,326	8387,3
664,465	8313,5
664,603	8399,8
664,742	8374,3
664,881	8393,7
665,019	8426,9
665,158	8373,9
665,297	8329
665,436	8348,6
665,574	8310
665,713	8306,3
665,852	8349,4
665,990	8320,3
666,129	8327,6
666,268	8420,6
666,407	8413,8
666,545	8342,7
666,684	8342,3
666,823	8317,2
666,961	8318,4
667,100	8325,4
667,239	8433,8
667,378	8357,9
667,516	8383,9
667,655	8359,7
667,794	8344,1
667,932	8521,2
668,071	8453
668,210	8419,4
668,349	8426
668,487	8490,9
668,626	8424,3
668,765	8452,6
668,903	8442,5
669,042	8405,3
669,181	8395,2
669,320	8435,5
669,458	8483,4
669,597	8415,1
669,736	8373,6
669,874	8458,5
670,013	8438,4
670,152	8460,9
670,291	8492
670,429	8405,5
670,568	8492
670,707	8508,9
670,845	8526,9
670,984	8446,2
671,123	8608,7
671,262	8624,6
671,400	8583
671,539	8552,6
671,678	8526,9
671,816	8616,7
671,955	8608,5
672,094	8538,1
672,233	8429,1
672,371	8479,5
672,510	8537,1
672,649	8454,3
672,787	8462,8
672,926	8520,8
673,065	8532,2
673,204	8489
673,342	8431,6
673,481	8463,3
673,620	8507,5
673,758	8462,7
673,897	8443,3
674,036	8417,2
674,175	8410,9
674,313	8441,2
674,452	8357,1
674,591	8455,1
674,729	8402,6
674,868	8277,5
675,007	8385,7
675,146	8353
675,284	8399,8
675,423	8340,5
675,562	8203,4
675,700	8312,9
675,839	8276,8
675,978	8285,8
676,117	8268,4
676,255	8345,6
676,394	8268,8
676,533	8195,3
676,671	8194,4
676,810	8159,6
676,949	8222,2
677,088	8267
677,226	8187,4
677,365	8168,7
677,504	8203,4
677,642	8172,4
677,781	8135,5
677,920	8106
678,059	8131,2
678,197	8232,5
678,336	8181,9
678,475	8130,2
678,613	8215,8
678,752	8080,7
678,891	8281,4
679,030	8222,1
679,168	8208,5
679,307	8148,3
679,446	8099,2
679,584	8024
679,723	8151,7
679,862	8061,2
680,001	8085
680,139	8155,4
680,278	8150,7
680,417	8081,8
680,555	8092,5
680,694	8105,3
680,833	8118,4
680,972	8144,2
681,110	8067,4
681,249	8080,2
681,388	8114,2
681,526	8077,2
681,665	8102,8
681,804	8127,6
681,943	8087,2
682,081	8064,6
682,220	8101,3
682,359	8103,6
682,497	8115,2
682,636	8072,1
682,775	8108,7
682,914	8044,8
683,052	8177,8
683,191	8243,8
683,330	8186,7
683,468	8174,8
683,607	8199,1
683,746	8269,5
683,885	8127,6
684,023	8099,8
684,162	8058
684,301	8113,6
684,439	8199,4
684,578	8237,3
684,717	8239,6
684,856	8112,9
684,994	8093,1
685,133	8084,7
685,272	8174,2
685,410	8140,1
685,549	8147,3
685,688	8185,8
685,827	8177,3
685,965	8159,9
686,104	8156,9
686,243	8177,3
686,381	8163,9
686,520	8132,3
686,659	8127,1
686,798	8126,4
686,936	8148,3
687,075	8170,9
687,214	8134,8
687,352	8106,6
687,491	8037,3
687,630	8093,3
687,769	8131,5
687,907	8077,7
688,046	8029,4
688,185	8031,4
688,323	8089,7
688,462	7991,2
688,601	8100,6
688,740	7987,8
688,878	8064
689,017	7997,7
689,156	8006,3
689,294	7952,2
689,433	7959,7
689,572	7903,8
689,711	7944,8
689,849	7995,5
689,988	7935,7
690,127	7930,2
690,265	7887,4
690,404	7927,6
690,543	7938,1
690,682	7888,5
690,820	7924,3
690,959	7935,5
691,098	7875,9
691,236	7852,3
691,375	7888,3
691,514	7926,9
691,653	7889,3
691,791	7903,6
691,930	7951,3
692,069	7904,6
692,207	7907,3
692,346	7808,2
692,485	7860,2
692,624	7867,6
692,762	7809
692,901	7873
693,040	7884
693,178	7895,8
693,317	7867,9
693,456	7859,7
693,595	7879,1
693,733	7785,4
693,872	7876,2
694,011	7883,5
694,149	7931
694,288	7851,4
694,427	7805,1
694,566	7833,9
694,704	7842,5
694,843	7828,3
694,982	7808,5
695,120	7823,3
695,259	7850,1
695,398	7785,6
695,537	7847,8
695,675	7867,3
695,814	7811,2
695,953	7783,9
696,091	7804,6
696,230	7832
696,369	7839,1
696,508	7813,3
696,646	7768,4
696,785	7790,6
696,924	7841,1
697,062	7886,2
697,201	7851,5
697,340	7843,5
697,479	7861,9
697,617	7828,8
697,756	7971,6
697,895	7917,6
698,033	7807,7
698,172	7871
698,311	7826
698,450	7798
698,588	8006,1
698,727	7901,3
698,866	7875,2
699,004	7967,4
699,143	7863,3
699,282	7867,1
699,421	7875,7
699,559	7906,2
699,698	7778,8
699,837	7911,2
699,975	7939
700,114	7875
700,253	7866,9
700,392	7904,8
700,530	7949,6
700,669	7918,5
700,808	7886,3
700,946	7857,3
701,085	7866,7
701,224	7953
701,363	7971,4
701,501	7924,2
701,640	7935,2
701,779	7921,4
701,917	7909,1
702,056	7906,1
702,195	7935,1
702,334	7977,2
702,472	7914,2
702,611	7897,1
702,750	7991,1
702,888	7944,3
703,027	7888,1
703,166	8039,7
703,305	8007,9
703,443	7971,6
703,582	7922,7
703,721	7894,4
703,859	7828,2
703,998	7908,3
704,137	7845,7
704,276	7861
704,414	7839,1
704,553	7735,1
704,692	7839,9
704,830	7814,1
704,969	7897,3
705,108	7800,8
705,247	7814,1
705,385	7797,2
705,524	7838,7
705,663	7892
705,801	7793,3
705,940	7831,3
706,079	7871,9
706,218	7841,5
706,356	7875,6
706,495	7817
706,634	7804,6
706,772	7800,4
706,911	7842,2
707,050	7808,2
707,189	7737,7
707,327	7693,4
707,466	7717,6
707,605	7731
707,743	7725,9
707,882	7701,3
708,021	7724,5
708,160	7787,6
708,298	7741,5
708,437	7744,8
708,576	7740,3
708,714	7713,1
708,853	7714,7
708,992	7729
709,131	7720,1
709,269	7733
709,408	7746,2
709,547	7706,2
709,685	7730,2
709,824	7727,5
709,963	7696,4
710,102	7705
710,240	7719,6
710,379	7688,3
710,518	7670
710,656	7780,3
710,795	7701,6
710,934	7668
711,073	7729,2
711,211	7727,3
711,350	7725,1
711,489	7749,1
711,627	7748,9
711,766	7791,4
711,905	7768
712,044	7715,9
712,182	7747,5
712,321	7722,7
712,460	7753,3
712,598	7729,9
712,737	7766
712,876	7771,7
713,015	7652,9
713,153	7746,4
713,292	7724,7
713,431	7736,3
713,569	7748,9
713,708	7746,1
713,847	7744,6
713,986	7743,1
714,124	7778,2
714,263	7749,8
714,402	7810,2
714,540	7802,1
714,679	7776
714,818	7779,7
714,957	7746,1
715,095	7803
715,234	7801,4
715,373	7808,8
715,511	7770,3
715,650	7820
715,789	7857,9
715,928	7819
716,066	7803
716,205	7791,7
716,344	7807,5
716,482	7821
716,621	7792,4
716,760	7759,9
716,899	7757
717,037	7834,5
717,176	7848,9
717,315	7843,1
717,453	7839,3
717,592	7792,5
717,731	7842
717,870	7860,8
718,008	7776,3
718,147	7758,9
718,286	7723,4
718,424	7713,2
718,563	7753,9
718,702	7768,8
718,841	7758
718,979	7777,1
719,118	7736
719,257	7749
719,395	7786
719,534	7722,5
719,673	7710,3
719,812	7702,9
719,950	7741
720,089	7723,4
720,228	7739,9
720,366	7728,2
720,505	7713,1
720,644	7727,6
720,783	7680,9
720,921	7675,2
721,060	7672,2
721,199	7699,8
721,337	7666,1
721,476	7688
721,615	7642,1
721,754	7655,1
721,892	7657,7
722,031	7635
722,170	7669,6
722,308	7691,4
722,447	7695,1
722,586	7553,5
722,725	7595
722,863	7617,8
723,002	7610,9
723,141	7653,8
723,279	7598
723,418	7604,2
723,557	7648,9
723,696	7586,7
723,834	7551,7
723,973	7609,8
724,112	7552,7
724,250	7583,3
724,389	7532,5
724,528	7569,5
724,667	7505,4
724,805	7529
724,944	7569
725,083	7548,9
725,221	7505,4
725,360	7489,3
725,499	7572,5
725,638	7506,8
725,776	7464,9
725,915	7515,2
726,054	7594
726,192	7569,7
726,331	7553,9
726,470	7500,1
726,609	7453,5
726,747	7493,5
726,886	7526,5
727,025	7477,9
727,163	7494,2
727,302	7514,8
727,441	7529,3
727,580	7524,4
727,718	7493,3
727,857	7475,7
727,996	7484,6
728,134	7484,7
728,273	7519,9
728,412	7550,8
728,551	7491,8
728,689	7524
728,828	7548,8
728,967	7513,8
729,105	7537,4
729,244	7499,3
729,383	7485,2
729,522	7542,3
729,660	7537,9
729,799	7570,8
729,938	7608,3
730,076	7580,9
730,215	7547,7
730,354	7543,7
730,493	7537,3
730,631	7566,8
730,770	7552,1
730,909	7567,8
731,047	7566,9
731,186	7551
731,325	7544,3
731,464	7610,1
731,602	7624,8
731,741	7550,2
731,880	7544,6
732,018	7559,9
732,157	7552,1
732,296	7557,7
732,434	7591,8
732,573	7605,2
732,712	7573,8
732,851	7579,3
732,989	7632,7
733,128	7643,2
733,267	7614,4
733,405	7575,2
733,544	7639,8
733,683	7605,5
733,822	7590,8
733,960	7631,6
734,099	7584
734,238	7599,6
734,376	7611,2
734,515	7637,3
734,654	7671,9
734,793	7584,4
734,931	7625,7
735,070	7628,5
735,209	7650,7
735,347	7631,9
735,486	7529,3
735,625	7557,1
735,764	7619,5
735,902	7632,1
736,041	7543,8
736,180	7594,3
736,318	7621,8
736,457	7589,3
736,596	7593,3
736,735	7541,9
736,873	7565,2
737,012	7559,6
737,151	7558,9
737,289	7601,1
737,428	7553
737,567	7554,7
737,706	7497,2
737,844	7548,6
737,983	7559,2
738,122	7525,6
738,260	7539,2
738,399	7504,3
738,538	7499,6
738,677	7515,9
738,815	7567,4
738,954	7489,6
739,093	7463,7
739,231	7487,3
739,370	7494,7
739,509	7484,3
739,648	7442,9
739,786	7473,6
739,925	7503,3
740,064	7474,6
740,202	7502,9
740,341	7460,1
740,480	7466,2
740,619	7462,7
740,757	7490,7
740,896	7462,1
741,035	7406
741,173	7438,5
741,312	7416,9
741,451	7406,6
741,590	7479,4
741,728	7439,4
741,867	7460,6
742,006	7425,9
742,144	7485
742,283	7423,3
742,422	7413,1
742,561	7377,4
742,699	7395,9
742,838	7456,5
742,977	7429,5
743,115	7417,7
743,254	7408,3
743,393	7435,1
743,532	7348,5
743,670	7377,7
743,809	7334,8
743,948	7308,4
744,086	7387,7
744,225	7394,8
744,364	7381,8
744,503	7340,4
744,641	7343,5
744,780	7424,7
744,919	7354,7
745,057	7355,5
745,196	7346,1
745,335	7329,3
745,474	7323,6
745,612	7320,4
745,751	7309,6
745,890	7381,8
746,028	7384,3
746,167	7365,2
746,306	7340,3
746,445	7306,2
746,583	7355,4
746,722	7409,3
746,861	7327,9
746,999	7370,8
747,138	7384,2
747,277	7342,7
747,416	7384,5
747,554	7358
747,693	7367,4
747,832	7372,5
747,970	7327,9
748,109	7315,6
748,248	7343,6
748,387	7373,1
748,525	7333,6
748,664	7374,2
748,803	7406,4
748,941	7405,8
749,080	7406,5
749,219	7410,9
749,358	7453
749,496	7333,7
749,635	7380,5
749,774	7423,4
749,912	7390,5
750,051	7417,3
750,190	7404,3
750,329	7438,1
750,467	7437,9
750,606	7441
750,745	7403,5
750,883	7399
751,022	7343,1
751,161	7370,3
751,300	7456,1
751,438	7363,9
751,577	7414,4
751,716	7410,4
751,854	7398,8
751,993	7346,5
752,132	7412,1
752,271	7417,9
752,409	7381,2
752,548	7443,7
752,687	7394,7
752,825	7398,9
752,964	7352,8
753,103	7399,1
753,242	7410
753,380	7377,2
753,519	7381,4
753,658	7391,4
753,796	7402,6
753,935	7384,9
754,074	7354,3
754,213	7359,6
754,351	7363,5
754,490	7322,3
754,629	7340,3
754,767	7386,9
754,906	7330,8
755,045	7274,8
755,184	7328,1
755,322	7327,6
755,461	7317,5
755,600	7293,5
755,738	7297,2
755,877	7308,8
756,016	7283,7
756,155	7348
756,293	7295,7
756,432	7344,4
756,571	7320,5
756,709	7312,5
756,848	7329,1
756,987	7267,4
757,126	7264,8
757,264	7259,5
757,403	7220,3
757,542	7242,8
757,680	7269
757,819	7284,4
757,958	7249,8
758,097	7234,9
758,235	7238,4
758,374	7181,9
758,513	7213,5
758,651	7241,6
758,790	7221
758,929	7222,1
759,068	7212
759,206	7207,5
759,345	7197,6
759,484	7170,7
759,622	7210,8
759,761	7201,6
759,900	7161,9
760,039	7160,3
760,177	7164,6
760,316	7155
760,455	7169,7
760,593	7199,9
760,732	7136,8
760,871	7120,1
761,010	7155,5
761,148	7073,1
761,287	7137,8
761,426	7130,2
761,564	7133,8
761,703	7128,1
761,842	7099
761,981	7061,8
762,119	7087,1
762,258	7131,3
762,397	7083,5
762,535	7067,7
762,674	7114,8
762,813	7093,8
762,952	7075,1
763,090	7097
763,229	7089,9
763,368	7105,6
763,506	7082,7
763,645	7093,1
763,784	7087,7
763,923	7083,6
764,061	7076,6
764,200	7076,1
764,339	7068,4
764,477	7089,4
764,616	7075,7
764,755	7081,6
764,894	7101,2
765,032	7023,4
765,171	7046,3
765,310	7026,4
765,448	7050,6
765,587	7027,1
765,726	7057,8
765,865	7112,1
766,003	7068,9
766,142	7032,4
766,281	7028,1
766,419	7017
766,558	7046,8
766,697	7022,6
766,836	7059,1
766,974	7013,2
767,113	7021,9
767,252	7085,1
767,390	7035,3
767,529	7127,1
767,668	7105,6
767,807	7095,3
767,945	7070,4
768,084	7045,7
768,223	7084
768,361	6993,9
768,500	7001,6
768,639	6996,2
768,778	7019,7
768,916	7033,5
769,055	7046
769,194	7055,5
769,332	7088,6
769,471	7024,8
769,610	7002,6
769,749	7000,3
769,887	7003,2
770,026	7025,3
770,165	7027,1
770,303	7035,9
770,442	7014,3
770,581	6986,8
770,720	6994,5
770,858	7006,1
770,997	7022,1
771,136	7004,2
771,274	7028,9
771,413	7001,9
771,552	6996,1
771,691	7010,1
771,829	7023,4
771,968	7027,8
772,107	6980,5
772,245	7005,3
772,384	7036,4
772,523	7037,7
772,662	7027,5
772,800	7021,3
772,939	7033,2
773,078	7022,1
773,216	6986,7
773,355	6992,3
773,494	6986
773,633	7012,1
773,771	7021
773,910	7035,4
774,049	6960,4
774,187	7038,5
774,326	6958,8
774,465	6989,9
774,604	6995,8
774,742	7013,7
774,881	7022,1
775,020	6956,4
775,158	6980,6
775,297	6978,9
775,436	6930
775,575	6974
775,713	6953,8
775,852	6992,8
775,991	6921,6
776,129	6931,7
776,268	6910,4
776,407	6932,3
776,546	6922,6
776,684	6899,8
776,823	6913
776,962	6915,6
777,100	6922,5
777,239	6962,5
777,378	6930,2
777,517	6894,2
777,655	6923,4
777,794	6964,7
777,933	6973,7
778,071	6931,2
778,210	6920,8
778,349	6930,2
778,488	6921,8
778,626	6905,5
778,765	6899,9
778,904	6914,2
779,042	6951,2
779,181	6942,5
779,320	6912
779,459	6896,6
779,597	6905,8
779,736	6893,2
779,875	6875,3
780,013	6894,1
780,152	6916,4
780,291	6890,5
780,430	6866,8
780,568	6845,8
780,707	6940,2
780,846	6922,5
780,984	6875
781,123	6871,8
781,262	6897,2
781,401	6872,9
781,539	6926,3
781,678	6871,4
781,817	6845,7
781,955	6830,7
782,094	6847,5
782,233	6863,4
782,372	6830,8
782,510	6845,1
782,649	6901,6
782,788	6906,6
782,926	6935,4
783,065	6826
783,204	6851,2
783,343	6902,1
783,481	6823,8
783,620	6852,5
783,759	6875,9
783,897	6820,3
784,036	6847,9
784,175	6872,3
784,314	6890
784,452	6849
784,591	6850,4
784,730	6881,4
784,868	6880,7
785,007	6837,6
785,146	6864,1
785,285	6866,2
785,423	6862,3
785,562	6890
785,701	6922,8
785,839	6885,4
785,978	6842
786,117	6867,4
786,256	6901,7
786,394	6861,5
786,533	6850,7
786,672	6863,9
786,810	6868,5
786,949	6871,6
787,088	6867,4
787,227	6853,2
787,365	6850
787,504	6855,5
787,643	6864,8
787,781	6881,2
787,920	6879,7
788,059	6896,8
788,198	6903,9
788,336	6870,6
788,475	6884,4
788,614	6895,2
788,752	6890,9
788,891	6886,6
789,030	6912,5
789,169	6871,4
789,307	6855,3
789,446	6908,4
789,585	6924
789,723	6915,2
789,862	6867
790,001	6843,9
790,140	6822,5
790,278	6852,1
790,417	6854,6
790,556	6885,3
790,694	6869,9
790,833	6889,7
790,972	6914,7
791,111	6916,6
791,249	6897
791,388	6890,3
791,527	6914,4
791,665	6886
791,804	6849,5
791,943	6842,5
792,082	6868,2
792,220	6835,7
792,359	6909,2
792,498	6868,3
792,636	6903,5
792,775	6858
792,914	6897,5
793,053	6888,3
793,191	6888,2
793,330	6884,6
793,469	6876,2
793,607	6824,8
793,746	6850,9
793,885	6874
794,024	6875,1
794,162	6897
794,301	6783,6
794,440	6856,1
794,578	6909,8
794,717	6858,2
794,856	6875,5
794,995	6929,7
795,133	6899,9
795,272	6914
795,411	6871,2
795,549	6855,7
795,688	6906,9
795,827	6859,4
795,966	6829,1
796,104	6851,8
796,243	6846,7
796,382	6867,9
796,520	6861,2
796,659	6892,1
796,798	6808,6
796,937	6816,5
797,075	6873,4
797,214	6847,4
797,353	6847,1
797,491	6809,1
797,630	6816,7
797,769	6810,5
797,908	6831
798,046	6801,5
798,185	6750
798,324	6800,7
798,462	6812,4
798,601	6778,4
798,740	6801
798,879	6777,4
799,017	6806,7
799,156	6779,3
799,295	6755,5
799,433	6829,7
799,572	6798,3
799,711	6830,4
799,850	6780,5
799,988	6780,8
800,127	6753,1
800,266	6791,4
800,404	6735,1
800,543	6777
800,682	6752,9
800,821	6751,2
800,959	6795,2
801,098	6787,7
801,237	6733,4
801,375	6740,5
801,514	6718,9
801,653	6726,5
801,791	6762,7
801,930	6787,1
802,069	6699,5
802,208	6706,7
802,346	6711,1
802,485	6717,5
802,624	6736,6
802,762	6723,7
802,901	6692
803,040	6691
803,179	6668,8
803,317	6677,8
803,456	6682,4
803,595	6700,3
803,733	6712,4
803,872	6708,2
804,011	6732,5
804,150	6713,5
804,288	6707,6
804,427	6708,3
804,566	6728,4
804,704	6687,4
804,843	6673,4
804,982	6713,2
805,121	6696,2
805,259	6638,5
805,398	6611,7
805,537	6647,7
805,675	6709,1
805,814	6681,1
805,953	6636,3
806,092	6649,4
806,230	6672
806,369	6672
806,508	6690,5
806,646	6680,2
806,785	6642,9
806,924	6633,1
807,063	6652,8
807,201	6691,2
807,340	6645,2
807,479	6623,9
807,617	6603,3
807,756	6629,7
807,895	6689,6
808,034	6701,9
808,172	6659,9
808,311	6611,2
808,450	6605,7
808,588	6615,6
808,727	6626,9
808,866	6678,3
809,005	6710,9
809,143	6663,8
809,282	6672,9
809,421	6669,4
809,559	6649,6
809,698	6670,2
809,837	6694,4
809,976	6678,7
810,114	6692,6
810,253	6723,4
810,392	6659,1
810,530	6677,7
810,669	6721,9
810,808	6744,5
810,947	6767,1
811,085	6764,5
811,224	6744,7
811,363	6680,7
811,501	6685,9
811,640	6748,2
811,779	6745,4
811,918	6758,4
812,056	6796,9
812,195	6737
812,334	6753
812,472	6759,1
812,611	6761,3
812,750	6763,4
812,889	6745,6
813,027	6727,7
813,166	6707
813,305	6711
813,443	6692,5
813,582	6649,5
813,721	6639,9
813,860	6642
813,998	6685,7
814,137	6672,1
814,276	6689,2
814,414	6669,5
814,553	6670,5
814,692	6671
814,831	6667,3
814,969	6639,5
815,108	6614,9
815,247	6629,5
815,385	6614,5
815,524	6565,6
815,663	6578,9
815,802	6580,8
815,940	6625,7
816,079	6643,9
816,218	6649,5
816,356	6598,7
816,495	6634,8
816,634	6662,4
816,773	6618,2
816,911	6623,5
817,050	6584,4
817,189	6594,7
817,327	6595,3
817,466	6663,6
817,605	6599,9
817,744	6581,7
817,882	6605,5
818,021	6610,7
818,160	6633,8
818,298	6643,1
818,437	6590
818,576	6604,3
818,715	6657,6
818,853	6612,5
818,992	6641,5
819,131	6640,5
819,269	6572,3
819,408	6637,2
819,547	6662,1
819,686	6595,7
819,824	6631,4
819,963	6603,3
820,102	6625
