350,000	5689,4
350,139	5691,88
350,279	5705,64
350,418	5695,8
350,558	5701,32
350,697	5707,78
350,837	5704,39
350,976	5694,1
351,115	5693,27
351,255	5695,37
351,394	5703,75
351,534	5710,71
351,673	5701,66
351,813	5696,41
351,952	5701,85
352,091	5706,91
352,231	5698,65
352,370	5688,02
352,510	5702,82
352,649	5708,55
352,789	5712,22
352,928	5705,31
353,068	5706,61
353,207	5706,87
353,346	5704,92
353,486	5705,23
353,625	5708,82
353,765	5703,42
353,904	5705,59
354,044	5707,87
354,183	5710,71
354,322	5699,16
354,462	5716,29
354,601	5707,31
354,741	5710,77
354,880	5701,28
355,020	5712,01
355,159	5716,56
355,298	5715,44
355,438	5715,37
355,577	5713,36
355,717	5710,71
355,856	5710,59
355,996	5700,8
356,135	5722,51
356,274	5722,41
356,414	5703,35
356,553	5710,51
356,693	5723,4
356,832	5711,13
356,972	5709,98
357,111	5710
357,251	5705,96
357,390	5717,79
357,529	5723,6
357,669	5724,58
357,808	5734,76
357,948	5724,18
358,087	5719,51
358,227	5724,76
358,366	5721,88
358,505	5728,52
358,645	5723,11
358,784	5720,51
358,924	5718,83
359,063	5723,08
359,203	5719,19
359,342	5725,79
359,481	5724,71
359,621	5724,38
359,760	5735,65
359,900	5740,94
360,039	5739,34
360,179	5740,9
360,318	5736,6
360,457	5744,66
360,597	5749,29
360,736	5747,28
360,876	5741,34
361,015	5751,04
361,155	5756,43
361,294	5767,71
361,434	5772,33
361,573	5766,52
361,712	5775,05
361,852	5783,34
361,991	5788,86
362,131	5772,86
362,270	5792,93
362,410	5801,37
362,549	5816,98
362,688	5821,64
362,828	5834,9
362,967	5841,55
363,107	5848,59
363,246	5870,39
363,386	5893,27
363,525	5904,78
363,664	5939,52
363,804	5960,39
363,943	5971,51
364,083	6003,28
364,222	6040,69
364,362	6084,77
364,501	6117,28
364,640	6128,38
364,780	6179,01
364,919	6212,23
365,059	6237,65
365,198	6280,5
365,338	6332,02
365,477	6379,26
365,616	6434,94
365,756	6475,92
365,895	6489,79
366,035	6527,93
366,174	6571,47
366,314	6606,67
366,453	6621,24
366,593	6608,99
366,732	6620,65
366,871	6610,98
367,011	6589,77
367,150	6594,79
367,290	6564,47
367,429	6516,5
367,569	6470,48
367,708	6437,67
367,847	6418,01
367,987	6380,07
368,126	6355,84
368,266	6317,56
368,405	6334,01
368,545	6315,24
368,684	6321,79
368,823	6327,48
368,963	6352,48
369,102	6390,24
369,242	6416,59
369,381	6436,79
369,521	6445,2
369,660	6440,72
369,799	6450,77
369,939	6441,9
370,078	6441,13
370,218	6442,99
370,357	6431,33
370,497	6419,85
370,636	6420,41
370,776	5696,09
370,915	5693,01
371,054	5697,79
371,194	5695,75
371,333	5696,93
371,473	5710,06
371,612	5717,29
371,752	5707,9
371,891	5716,19
372,030	5715,96
372,170	5716,19
372,309	5731,5
372,449	5739,63
372,588	5723,34
372,728	5743,76
372,867	5733,75
373,006	5728,81
373,146	5750,09
373,285	5745,39
373,425	5761,35
373,564	5749,44
373,704	5750,01
373,843	5778,13
373,982	5791,33
374,122	5782,56
374,261	5778,31
374,401	5786,12
374,540	5790,02
374,680	5793,6
374,819	5787,07
374,959	5805,11
375,098	5814,56
375,237	5826,65
375,377	5845,31
375,516	5841,29
375,656	5815,53
375,795	5842,04
375,935	5850,7
376,074	5867,13
376,213	5859,85
376,353	5878,33
376,492	5903,89
376,632	5906,88
376,771	5903,68
376,911	5903,14
377,050	5906,07
377,189	5919,37
377,329	5940,78
377,468	5941,29
377,608	5957,95
377,747	5950,37
377,887	5932,19
378,026	5956,33
378,165	5969,55
378,305	5998,61
378,444	6006,71
378,584	5993,67
378,723	6002,4
378,863	6028,35
379,002	6032,59
379,141	6029,08
379,281	6080,25
379,420	6065,58
379,560	6073,35
379,699	6094,1
379,839	6112,4
379,978	6123,08
380,118	6134,77
380,257	6137,61
380,396	6141,95
380,536	6201,5
380,675	6204,24
380,815	6180,43
380,954	6187,78
381,094	6231,96
381,233	6226,93
381,372	6233,01
381,512	6237,19
381,651	6246,08
381,791	6268,37
381,930	6284,15
382,070	6281,03
382,209	6302,04
382,348	6301,36
382,488	6374,3
382,627	6370,4
382,767	6382,54
382,906	6403,53
383,046	6418,57
383,185	6419,92
383,324	6434,91
383,464	6458,08
383,603	6474,48
383,743	6507,57
383,882	6501,34
384,022	6495,8
384,161	6539,6
384,301	6560,06
384,440	6552,38
384,579	6604,09
384,719	6609,51
384,858	6615,62
384,998	6631,16
385,137	6631,08
385,277	6639,02
385,416	6670,17
385,555	6681,9
385,695	6702,9
385,834	6720,07
385,974	6710,58
386,113	6703,69
386,253	6749,76
386,392	6774,16
386,531	6796,2
386,671	6814,16
386,810	6814,15
386,950	6831,16
387,089	6873,2
387,229	6887,8
387,368	6905,68
387,507	6878,15
387,647	6905,42
387,786	6921,65
387,926	6958,21
388,065	6965,72
388,205	6974,42
388,344	6987,07
388,484	6995,48
388,623	7030,39
388,762	7063,69
388,902	7094,78
389,041	7126,11
389,181	7168,85
389,320	7187,36
389,460	7207,87
389,599	7226,6
389,738	7237,55
389,878	7276,33
390,017	7309,05
390,157	7303,63
390,296	7298,5
390,436	7278,15
390,575	7356,02
390,714	7368,81
390,854	7395,13
390,993	7408,8
391,133	7450,32
391,272	7420,45
391,412	7401,62
391,551	7416,19
391,690	7455,07
391,830	7506,5
391,969	7535,45
392,109	7534,97
392,248	7574,11
392,388	7604,47
392,527	7617,07
392,666	7633,08
392,806	7660,63
392,945	7701,47
393,085	7717,98
393,224	7716,9
393,364	7747,49
393,503	7797,98
393,643	7798,17
393,782	7775,45
393,921	7817,49
394,061	7858,78
394,200	7874,23
394,340	7892,85
394,479	7891,47
394,619	7920,69
394,758	7963,19
394,897	7991,41
395,037	8000,23
395,176	8017,78
395,316	8054,31
395,455	8069,95
395,595	8108,49
395,734	8133,6
395,873	8250,67
396,013	8222,51
396,152	8252,74
396,292	8238,69
396,431	8251,73
396,571	8282,64
396,710	8283,22
396,849	8291,72
396,989	8318,06
397,128	8274,07
397,268	8310,5
397,407	8372,13
397,547	8310,87
397,686	8397,99
397,826	8430,09
397,965	8500,72
398,104	8513,35
398,244	8550,97
398,383	8621,63
398,523	8653,32
398,662	8641,67
398,802	8650,91
398,941	8657,92
399,080	8650,79
399,220	8752,78
399,359	8700,22
399,499	8732,25
399,638	8697,78
399,778	8751,11
399,917	8811,6
400,056	8831,77
400,196	8868,44
400,335	8878,6
400,475	8838,2
400,614	8933,57
400,754	9003,62
400,893	9034,15
401,032	9025,48
401,172	9134,91
401,311	9116,82
401,451	9143,76
401,590	9126,77
401,730	9143,53
401,869	9166,78
402,009	9193,63
402,148	9236,47
402,287	9256,01
402,427	9302,12
402,566	9279,73
402,706	9321,97
402,845	9439,41
402,985	9407,79
403,124	9437,34
403,263	9513,93
403,403	9541,16
403,542	9531,34
403,682	9533,84
403,821	9592,83
403,961	9647,13
404,100	9605,39
404,239	9685,3
404,379	9683,7
404,518	9696,76
404,658	9672,07
404,797	9697,12
404,937	9763,18
405,076	9798,17
405,215	9813,37
405,355	9857,29
405,494	9903,77
405,634	9948,79
405,773	10003,6
405,913	9989,37
406,052	9983,2
406,191	10000,7
406,331	10112,6
406,470	10094,4
406,610	10136,8
406,749	10135,1
406,889	10141,5
407,028	10176,4
407,168	10154,6
407,307	10142,7
407,446	10199,5
407,586	10239,8
407,725	10284,6
407,865	10346,5
408,004	10371,6
408,144	10429,4
408,283	10457
408,422	10525,2
408,562	10551,4
408,701	10584,3
408,841	10603,9
408,980	10605,6
409,120	10597,3
409,259	10608,3
409,398	10648,1
409,538	10641,7
409,677	10615,4
409,817	10670,3
409,956	10706,8
410,096	10718,4
410,235	10775,3
410,374	10817,4
410,514	10855,3
410,653	10909,8
410,793	11043,8
410,932	11142,3
411,072	11150,1
411,211	11205,3
411,351	11270,5
411,490	11251,3
411,629	11269,8
411,769	11305,3
411,908	11221,4
412,048	11290,4
412,187	11319,9
412,327	11327,9
412,466	11343,7
412,605	11439,1
412,745	11483,9
412,884	11453,8
413,024	11501,3
413,163	11564,1
413,303	11649,5
413,442	11654
413,581	11728,1
413,721	11695,2
413,860	11704,2
414,000	11798,8
414,139	11840,7
414,279	11804,3
414,418	11778
414,557	11832,4
414,697	11866,8
414,836	11831,3
414,976	11890,4
415,115	11997,3
415,255	11980,7
415,394	12121,2
415,534	12171,2
415,673	12233,7
415,812	12282,1
415,952	12381,4
416,091	12398,1
416,231	12418,7
416,370	12455
416,510	12514,1
416,649	12558,7
416,788	12556,1
416,928	12611,5
417,067	12601,8
417,207	12585,8
417,346	12597,3
417,486	12580,1
417,625	12672,8
417,764	12785,8
417,904	12859,4
418,043	12917,6
418,183	12952,1
418,322	13024,1
418,462	13121,5
418,601	13188,7
418,740	13292,2
418,880	13249,3
419,019	13280,1
419,159	13317
419,298	13329,2
419,438	13337,5
419,577	13345,9
419,717	13372,3
419,856	13394,4
419,995	13417
420,135	13422,5
420,274	13481,4
420,414	13573,7
420,553	13607,1
420,693	13728,1
420,832	13739,5
420,971	13778,5
421,111	13830,3
421,250	13877,8
421,390	13977,2
421,529	13969,5
421,669	14014,1
421,808	13999,8
421,947	14070,1
422,087	14124,5
422,226	14055,4
422,366	14014,8
422,505	14101,9
422,645	14180,1
422,784	14163,2
422,923	14311
423,063	14443,9
423,202	14478,9
423,342	14543,7
423,481	14584,1
423,621	14692,3
423,760	14798
423,899	14875,9
424,039	14932,7
424,178	14935,8
424,318	14855,7
424,457	14840,4
424,597	14854,8
424,736	14912,2
424,876	14892
425,015	14849,5
425,154	14886
425,294	15003,5
425,433	15098,8
425,573	15177,4
425,712	15260,6
425,852	15343,1
425,991	15452,9
426,130	15586,4
426,270	15672,2
426,409	15677,5
426,549	15709,2
426,688	15805
426,828	15729,6
426,967	15675,9
427,106	15713,7
427,246	15686,1
427,385	15744,5
427,525	15778,1
427,664	15847,8
427,804	15910
427,943	15974,4
428,082	16028,9
428,222	16131,2
428,361	16226,8
428,501	16343,4
428,640	16400,7
428,780	16571,9
428,919	16630,6
429,059	16648,8
429,198	16776,8
429,337	16698,8
429,477	16681,6
429,616	16752,9
429,756	16755,8
429,895	16739,9
430,035	16765,3
430,174	16765,8
430,313	16770,8
430,453	16797
430,592	16876,4
430,732	16931,7
430,871	17019,5
431,011	17168,3
431,150	17214
431,289	17392,4
431,429	17551,1
431,568	17594,2
431,708	17682,9
431,847	17736,9
431,987	17715,3
432,126	17728,8
432,265	17756,2
432,405	17685,3
432,544	17671,4
432,684	17656,5
432,823	17720,7
432,963	17772,1
433,102	17703,3
433,242	17764,2
433,381	17895,2
433,520	18023
433,660	18124,9
433,799	18215,4
433,939	18364,3
434,078	18513,9
434,218	18649,8
434,357	18699
434,496	18667,2
434,636	18772,2
434,775	18742,6
434,915	18719,1
435,054	18687,4
435,194	18756,2
435,333	18749,2
435,472	18732,3
435,612	18793,1
435,751	18880
435,891	18894,7
436,030	18997,1
436,170	19110,9
436,309	19159,2
436,448	19262,5
436,588	19351,5
436,727	19363,5
436,867	19521,3
437,006	19540,8
437,146	19635,7
437,285	19666,4
437,424	19663,7
437,564	19668,6
437,703	19631,3
437,843	19644,3
437,982	19687,8
438,122	19735,6
438,261	19777
438,401	19795,5
438,540	19877,9
438,679	19901,9
438,819	20007,7
438,958	20057,3
439,098	20166,4
439,237	20292,5
439,377	20464,7
439,516	20614,1
439,655	20707,7
439,795	20762,2
439,934	20853,3
440,074	20902,1
440,213	20958,3
440,353	20973,1
440,492	21036,9
440,631	21120,1
440,771	21199,3
440,910	21160,5
441,050	21138,8
441,189	21198
441,329	21177,9
441,468	21190,4
441,607	21249,4
441,747	21368,8
441,886	21472,6
442,026	21581,3
442,165	21685,5
442,305	21787,5
442,444	21912,1
442,584	22037,6
442,723	22115
442,862	22157,8
443,002	22236,3
443,141	22267,6
443,281	22255,8
443,420	22335,4
443,560	22379,2
443,699	22376,4
443,838	22346,3
443,978	22377,9
444,117	22405,6
444,257	22470,9
444,396	22541,1
444,536	22625,4
444,675	22786,3
444,814	22938,7
444,954	23095
445,093	23207,8
445,233	23355,1
445,372	23564,5
445,512	23702,3
445,651	23804,7
445,790	23944,8
445,930	24043,8
446,069	24109,3
446,209	24107,2
446,348	24067,1
446,488	24099,2
446,627	24115,6
446,767	24129,3
446,906	24118,2
447,045	24179,1
447,185	24205,2
447,324	24325,9
447,464	24466,4
447,603	24541,1
447,743	24601,9
447,882	24661,1
448,021	24758,1
448,161	24986,9
448,300	25111,5
448,440	25179,6
448,579	25253,6
448,719	25291,1
448,858	25322,4
448,997	25396,4
449,137	25486,7
449,276	25561,3
449,416	25498,8
449,555	25432,6
449,695	25546,4
449,834	25513,2
449,973	25594,5
450,113	25760,6
450,252	25912,4
450,392	26057
450,531	26262,3
450,671	26438,5
450,810	26653,3
450,949	26799,5
451,089	27037,9
451,228	27177,4
451,368	27339,7
451,507	27498,4
451,647	27603,2
451,786	27639
451,926	27700,2
452,065	27744,3
452,204	27713,7
452,344	27757,6
452,483	27703,9
452,623	27676,6
452,762	27718,6
452,902	27722,2
453,041	27669,9
453,180	27702,4
453,320	27763,9
453,459	27821,5
453,599	27913,9
453,738	28024,6
453,878	28106,5
454,017	28315,4
454,156	28462
454,296	28655,8
454,435	28872,2
454,575	28960,8
454,714	29144,3
454,854	29290,6
454,993	29442
455,132	29516,9
455,272	29593,9
455,411	29635,1
455,551	29745
455,690	29855,4
455,830	29947,8
455,969	30045,7
456,109	30113,3
456,248	30132,1
456,387	30285,8
456,527	30388,1
456,666	30553
456,806	30692,8
456,945	30746,7
457,085	30956,3
457,224	31081,4
457,363	31261,5
457,503	31379,4
457,642	31447,1
457,782	31587,4
457,921	31595,3
458,061	31618
458,200	31647,9
458,339	31681
458,479	31665,1
458,618	31693,7
458,758	31723,2
458,897	31748,4
459,037	31771,7
459,176	31773
459,315	31742,8
459,455	31874,1
459,594	31884,1
459,734	31979,3
459,873	32163,9
460,013	32341,6
460,152	32422,3
460,292	32543,9
460,431	32835,4
460,570	33108,5
460,710	33211,9
460,849	33354
460,989	33517,3
461,128	33715,6
461,268	34030,8
461,407	34142,5
461,546	34407,9
461,686	34606,8
461,825	34667,9
461,965	34766
462,104	34849,1
462,244	34924,9
462,383	34942
462,522	35067,5
462,662	35021,1
462,801	35021,8
462,941	34998,1
463,080	34962
463,220	34981,4
463,359	35085,5
463,498	35057,1
463,638	35087,9
463,777	35083,7
463,917	35166,4
464,056	35177,9
464,196	35416,1
464,335	35599
464,474	35579,9
464,614	35650
464,753	35894,4
464,893	36007,7
465,032	36163,3
465,172	36316,4
465,311	36505,1
465,451	36723,4
465,590	36888,9
465,729	37196,4
465,869	37344,3
466,008	37522,7
466,148	37771,4
466,287	38012
466,427	38101,3
466,566	38231,9
466,705	38309,9
466,845	38429,8
466,984	38578,1
467,124	38618,2
467,263	38656,6
467,403	38671
467,542	38631,2
467,681	38657,1
467,821	38670,1
467,960	38691,1
468,100	38616,8
468,239	38664,9
468,379	38787,3
468,518	38790,8
468,657	38880,6
468,797	38990,5
468,936	39092,8
469,076	39258,2
469,215	39386,9
469,355	39454,2
469,494	39644,5
469,634	39844,3
469,773	39969,4
469,912	40104,2
470,052	40324,8
470,191	40576,5
470,331	40798,9
470,470	41007,2
470,610	41340
470,749	41481,4
470,888	41639,6
471,028	41878,8
471,167	41996,1
471,307	42111,4
471,446	42251,2
471,586	42492,2
471,725	42451,3
471,864	42474,2
472,004	42507,2
472,143	42472
472,283	42490
472,422	42594,4
472,562	42557,4
472,701	42497,6
472,840	42582,9
472,980	42521,3
473,119	42681,9
473,259	42697,7
473,398	42762,1
473,538	42940,8
473,677	42990,2
473,817	43206,7
473,956	43182,8
474,095	43303,4
474,235	43492,2
474,374	43515,3
474,514	43799,7
474,653	43893,3
474,793	43963,9
474,932	44256,2
475,071	44487,1
475,211	44689,5
475,350	44845,8
475,490	45051,1
475,629	45324,3
475,769	45594,8
475,908	45777,5
476,047	45994,3
476,187	46202
476,326	46373,5
476,466	46592,5
476,605	46663,1
476,745	46658,8
476,884	46711
477,023	46859,7
477,163	46848,2
477,302	46857,2
477,442	46917,7
477,581	46936,6
477,721	46890,9
477,860	46828,8
477,999	46913,5
478,139	46896
478,278	47051,1
478,418	47088,4
478,557	47086,1
478,697	47152,8
478,836	47269,3
478,976	47202,1
479,115	47255,9
479,254	47408,5
479,394	47494,5
479,533	47573,5
479,673	47693,1
479,812	47795,6
479,952	47926,6
480,091	47989,4
480,230	48255
480,370	48475,2
480,509	48503,7
480,649	48644,7
480,788	48772,8
480,928	48932,2
481,067	49273,4
481,206	49605,3
481,346	49812,2
481,485	49989
481,625	50078,9
481,764	50361,2
481,904	50483,2
482,043	50552,4
482,182	50875,1
482,322	50972
482,461	51034,3
482,601	51036,7
482,740	51086,2
482,880	51167,9
483,019	51230,5
483,159	51217,2
483,298	51155,4
483,437	51344,3
483,577	51043
483,716	51118,3
483,856	50964,9
483,995	51110,1
484,135	51155,8
484,274	51120,6
484,413	51098,7
484,553	51079,6
484,692	51222,7
484,832	51257,5
484,971	51431
485,111	51445,5
485,250	51448,3
485,389	51652,3
485,529	51613,7
485,668	51813,9
485,808	51790,1
485,947	51971,9
486,087	52116,9
486,226	52185,4
486,365	52230,1
486,505	52300,1
486,644	52394,5
486,784	52461,5
486,923	52359,8
487,063	52574,4
487,202	52521,3
487,342	52488,7
487,481	52484,8
487,620	52724,5
487,760	52713,4
487,899	52534,6
488,039	52598,8
488,178	52648,3
488,318	52563,5
488,457	52545,6
488,596	52511,9
488,736	52367
488,875	52343,8
489,015	52260,6
489,154	52143,7
489,294	52075,4
489,433	52008,5
489,572	52011,6
489,712	51796,4
489,851	51509
489,991	51463,2
490,130	51350,8
490,270	51266,6
490,409	51211,6
490,548	51083
490,688	50945,3
490,827	50977,1
490,967	50750,6
491,106	50687,3
491,246	50501,3
491,385	50528,3
491,524	50393,9
491,664	50336,5
491,803	50431,6
491,943	50312,4
492,082	50335,4
492,222	50326,9
492,361	50300,6
492,501	50386,2
492,640	50340,3
492,779	50248,9
492,919	50440,5
493,058	50387,6
493,198	50470,6
493,337	50327,3
493,477	50210,6
493,616	50142,2
493,755	50113,9
493,895	50054,3
494,034	49901,1
494,174	49670,4
494,313	49457,6
494,453	49330,5
494,592	49176,7
494,731	48915,5
494,871	48653,9
495,010	48497,1
495,150	48116,3
495,289	47971,7
495,429	47900
495,568	47778
495,707	47560,9
495,847	47281,1
495,986	47155,1
496,126	47076,4
496,265	46987,5
496,405	46919,1
496,544	46867,6
496,684	46839,7
496,823	46753,4
496,962	46714,1
497,102	46607,7
497,241	46856,6
497,381	46742,3
497,520	46917,3
497,660	46977,3
497,799	47031,1
497,938	47058,4
498,078	47078,4
498,217	47145,9
498,357	47222
498,496	47239,5
498,636	47227,1
498,775	47360,2
498,914	47123,2
499,054	47441,3
499,193	47532,1
499,333	47384,1
499,472	47238,9
499,612	47256,1
499,751	47141,4
499,890	47143
500,030	47047,6
500,169	46890,8
500,309	46764,5
500,448	46658,2
500,588	46593,9
500,727	46616,2
500,867	46587,2
501,006	46352,9
501,145	46340,4
501,285	46339,8
501,424	46194,2
501,564	46156,6
501,703	46002,2
501,843	45978,3
501,982	46102,3
502,121	46006,1
502,261	45881,7
502,400	45853,3
502,540	45706,5
502,679	45789,6
502,819	45956,1
502,958	45968,3
503,097	46003,1
503,237	45924,1
503,376	46073,9
503,516	45881,6
503,655	45887,6
503,795	46076,4
503,934	45992,4
504,073	46012,6
504,213	46049,3
504,352	46021
504,492	46104,2
504,631	46166,8
504,771	46097,8
504,910	46055,4
505,049	46258,3
505,189	46074,8
505,328	46024,3
505,468	46299,2
505,607	46374,4
505,747	46173,4
505,886	46064,8
506,026	45983
506,165	45997
506,304	46012,6
506,444	45978,6
506,583	45920,9
506,723	45865,3
506,862	45997,7
507,002	45985,6
507,141	45974,1
507,280	45931,2
507,420	45786,7
507,559	45784,7
507,699	45857
507,838	45782,9
507,978	45757,8
508,117	45736,8
508,256	45787
508,396	45869,1
508,535	45858,9
508,675	45814,5
508,814	45811,6
508,954	45711,4
509,093	45815,1
509,232	45873,1
509,372	45817,5
509,511	45896,1
509,651	45856,5
509,790	45933,6
509,930	45900,8
510,069	46051
510,209	46017,1
510,348	45963,8
510,487	45980,1
510,627	45984,2
510,766	46005,8
510,906	46117,6
511,045	46205,7
511,185	46057,2
511,324	46166,3
511,463	46274,2
511,603	46195,5
511,742	46202,2
511,882	46389,2
512,021	46173,4
512,161	46418,3
512,300	46412,8
512,439	46159,9
512,579	46217
512,718	46456,8
512,858	46430,1
512,997	46202,2
513,137	46100,9
513,276	46157,5
513,415	46240,5
513,555	46352,1
513,694	46331,5
513,834	46317,9
513,973	46332,8
514,113	46271,8
514,252	46354,5
514,392	46422,5
514,531	46284,4
514,670	46337,1
514,810	46337,9
514,949	46224,4
515,089	46314,9
515,228	46551,7
515,368	46706
515,507	46628,7
515,646	46576,3
515,786	46463,8
515,925	46627,1
516,065	46342,9
516,204	46637,4
516,344	46692,2
516,483	46425,1
516,622	46486,6
516,762	46407,9
516,901	46370,4
517,041	46469
517,180	46525,2
517,320	46575,9
517,459	46635,6
517,598	46562,7
517,738	46645,5
517,877	46538,8
518,017	46530,8
518,156	46507,7
518,296	46549,6
518,435	46569,3
518,574	46577,7
518,714	46743,9
518,853	46701,1
518,993	46602,8
519,132	46664,2
519,272	46743,9
519,411	46813,9
519,551	46817,5
519,690	46653,7
519,829	46635,1
519,969	46605,4
520,108	46682,7
520,248	46823,3
520,387	46881,8
520,527	46698,9
520,666	46716,6
520,805	46871,5
520,945	46951,5
521,084	46913,5
521,224	46815,7
521,363	46883,4
521,503	46989
521,642	47019,1
521,781	47032,2
521,921	47036,1
522,060	47046,3
522,200	47093,6
522,339	47201
522,479	47118,5
522,618	47208,8
522,757	47178,3
522,897	47063,7
523,036	47074,1
523,176	47291,9
523,315	47331,8
523,455	47290,8
523,594	47274,9
523,734	47082,8
523,873	47056,2
524,012	47150,2
524,152	47137,8
524,291	47199,3
524,431	46998,3
524,570	47128,3
524,710	47149,7
524,849	47349,8
524,988	47267,4
525,128	47248,5
525,267	47345
525,407	47277,5
525,546	47135,8
525,686	47291,2
525,825	47289,7
525,964	47198,8
526,104	47206,1
526,243	47147,9
526,383	47047,3
526,522	47058,3
526,662	47044,4
526,801	47051,7
526,940	47005,1
527,080	46919,7
527,219	47035,6
527,359	46735,1
527,498	46945,6
527,638	46838,7
527,777	46920,9
527,917	46855,9
528,056	46883
528,195	46861,9
528,335	46714,3
528,474	46671,4
528,614	46703,1
528,753	46703,5
528,893	46743,3
529,032	46762,5
529,171	46687,2
529,311	46629,1
529,450	46744,2
529,590	46677
529,729	46797,2
529,869	46825,5
530,008	46809,5
530,147	46760,9
530,287	46706,6
530,426	46894,1
530,566	46834,6
530,705	46817,8
530,845	46884,6
530,984	46940,5
531,123	46953,1
531,263	46856,8
531,402	46852,4
531,542	47083,1
531,681	46902,6
531,821	46927,8
531,960	46981,6
532,099	46923,6
532,239	47105,1
532,378	46930,1
532,518	47082,4
532,657	46940,8
532,797	47154,4
532,936	47127,9
533,076	47137,1
533,215	47277,5
533,354	47309,9
533,494	47195,4
533,633	47195,4
533,773	47345,8
533,912	47358,2
534,052	47303,8
534,191	47407,8
534,330	47633,2
534,470	47613,7
534,609	47897,1
534,749	47773,7
534,888	47697,2
535,028	47761,9
535,167	47844
535,306	47976,4
535,446	48071,4
535,585	48100,1
535,725	48106,8
535,864	48158,8
536,004	48261,8
536,143	48346,4
536,282	48403,2
536,422	48483,6
536,561	48542,6
536,701	48628,7
536,840	48692,6
536,980	48731,7
537,119	48611,8
537,259	48900,7
537,398	49091,6
537,537	48991,8
537,677	49020,7
537,816	49149,6
537,956	49191,4
538,095	49239,1
538,235	49308,8
538,374	49559,7
538,513	49704,4
538,653	49703,3
538,792	49813,4
538,932	49802,7
539,071	49755,5
539,211	49838,2
539,350	50155
539,489	50111,8
539,629	50153,2
539,768	50340,6
539,908	50284,6
540,047	50472,1
540,187	50404,6
540,326	50629,2
540,465	50566,2
540,605	50630,4
540,744	50698,7
540,884	50830,2
541,023	50946,2
541,163	50896,4
541,302	50940,2
541,442	51142
541,581	51157,4
541,720	51282,4
541,860	51538,8
541,999	51582,1
542,139	51785,1
542,278	51927
542,418	51928,3
542,557	52129,6
542,696	51971
542,836	51975,9
542,975	52282,3
543,115	52304,3
543,254	52426,2
543,394	52647,8
543,533	52786,4
543,672	52934,9
543,812	53027,3
543,951	53100,8
544,091	53300,8
544,230	53401,2
544,370	53603,2
544,509	53809,5
544,648	53830,1
544,788	54064,1
544,927	54069,1
545,067	54156,2
545,206	54118,2
545,346	54414,3
545,485	54682,9
545,624	54843,1
545,764	54837,4
545,903	54998,4
546,043	55128,8
546,182	55150,1
546,322	55257,8
546,461	55399,3
546,601	55541,4
546,740	55695,3
546,879	55676,3
547,019	55644,3
547,158	55655,2
547,298	55835,5
547,437	55739,4
547,577	56129
547,716	56056,1
547,855	56358,6
547,995	56459,9
548,134	56376,8
548,274	56439,8
548,413	56633,8
548,553	56552,1
548,692	56571,8
548,831	56532,3
548,971	56601,7
549,110	56714,1
549,250	56688,6
549,389	56700,8
549,529	56850,4
549,668	56944,5
549,807	56922,7
549,947	57100,7
550,086	56878
550,226	56994,4
550,365	57121,7
550,505	57227,1
550,644	57157,3
550,784	57182,6
550,923	57344,2
551,062	57229,3
551,202	57334,2
551,341	57477,2
551,481	57423,2
551,620	57426,6
551,760	57428,1
551,899	57484,1
552,038	57583
552,178	57647,9
552,317	57743,6
552,457	57837,5
552,596	58020,1
552,736	58215,8
552,875	58329,5
553,014	58163,7
553,154	58371,7
553,293	58692
553,433	58537,8
553,572	58791,6
553,712	58953,9
553,851	58990,5
553,990	58971
554,130	59171,4
554,269	59357,2
554,409	59436,5
554,548	59477,8
554,688	59639,9
554,827	59866
554,967	59974,3
555,106	60100,2
555,245	60483
555,385	60582,5
555,524	60479,8
555,664	60671,8
555,803	60937,4
555,943	61031,2
556,082	61226,8
556,221	61445,2
556,361	61797,8
556,500	61679,5
556,640	61918,3
556,779	62037,9
556,919	62344,5
557,058	62337,8
557,197	62421,2
557,337	62664,5
557,476	62786,1
557,616	62962,2
557,755	63299
557,895	63578,7
558,034	63581,8
558,173	63524,4
558,313	63826,1
558,452	64175,1
558,592	64203,1
558,731	64400,7
558,871	64634,6
559,010	64547,8
559,149	65077,4
559,289	64817,9
559,428	65242
559,568	65481,5
559,707	65531,2
559,847	65806,4
559,986	66062,2
560,126	66190,7
560,265	66232
560,404	66434,3
560,544	66650,5
560,683	67004,7
560,823	67238,6
560,962	67275,9
561,102	67481,6
561,241	67775
561,380	67838,3
561,520	68007,9
561,659	68237,7
561,799	68500,2
561,938	68838,8
562,078	68915,7
562,217	69150,6
562,356	69069,2
562,496	69415
562,635	69235,9
562,775	69401,9
562,914	69450,4
563,054	69763
563,193	69958,5
563,332	69905,3
563,472	70085,6
563,611	70153,7
563,751	70204,1
563,890	70410,6
564,030	70570,5
564,169	70602,2
564,309	70661,8
564,448	70865,1
564,587	70863,4
564,727	70953,1
564,866	71093,6
565,006	71033,9
565,145	71181,7
565,285	71278,9
565,424	71307,2
565,563	71494,1
565,703	71407
565,842	71508,3
565,982	71500,1
566,121	71504,5
566,261	71762,4
566,400	71769,7
566,539	71775
566,679	71884,5
566,818	72004,2
566,958	72077,5
567,097	72190,6
567,237	72332,7
567,376	72434,1
567,515	72407,9
567,655	72363,3
567,794	72559,6
567,934	72772,3
568,073	72665,6
568,213	72955
568,352	72934,1
568,492	73012,4
568,631	73127,1
568,770	73327,8
568,910	73582,8
569,049	73797,6
569,189	73887,9
569,328	73915,3
569,468	74049,8
569,607	74273,5
569,746	74504,7
569,886	74763,5
570,025	74813,9
570,165	75028
570,304	75018,5
570,444	75362,2
570,583	75786,4
570,722	75879,4
570,862	76213,6
571,001	76462,6
571,141	76677
571,280	76921,1
571,420	77188,5
571,559	77479,5
571,698	77628,6
571,838	77960,8
571,977	78233,6
572,117	78668,4
572,256	78725
572,396	78919,4
572,535	79241
572,675	79603,9
572,814	79853,5
572,953	80151,8
573,093	80489,2
573,232	80676,2
573,372	80910,6
573,511	81225,9
573,651	81654,5
573,790	82007,2
573,929	82124,7
574,069	82523,8
574,208	82882,5
574,348	83063
574,487	83523,1
574,627	83658,4
574,766	83885,5
574,905	84295,1
575,045	84336,6
575,184	84785,6
575,324	85295,8
575,463	85453,4
575,603	85874,3
575,742	85858,7
575,881	85995
576,021	86449,5
576,160	86664,5
576,300	86811,7
576,439	86908,2
576,579	87211,1
576,718	87449,2
576,857	87697
576,997	87953,3
577,136	88129,4
577,276	88336
577,415	88579,6
577,555	88799,6
577,694	89010,1
577,834	89250,6
577,973	89292,8
578,112	89365,8
578,252	89730,2
578,391	90035,5
578,531	89884,4
578,670	90299
578,810	90425,4
578,949	90699,7
579,088	90836,4
579,228	91127,6
579,367	91282,2
579,507	91482,8
579,646	91599,2
579,786	91852
579,925	92020,9
580,064	92303,4
580,204	92488,8
580,343	92628
580,483	92867
580,622	92988,4
580,762	93255
580,901	93511,2
581,040	93616,3
581,180	93747
581,319	93977,2
581,459	94190,1
581,598	94424,7
581,738	94672,6
581,877	94698,1
582,017	94893,1
582,156	95192,1
582,295	95484,4
582,435	95545,8
582,574	95781,4
582,714	95925,1
582,853	95950,8
582,993	96366,1
583,132	96481,5
583,271	96784,7
583,411	97111,3
583,550	97447,4
583,690	97604,6
583,829	97937,6
583,969	98092,3
584,108	98225,3
584,247	98448,1
584,387	98661,1
584,526	99057,1
584,666	99250,3
584,805	99547,5
584,945	99923
585,084	100146
585,223	100345
585,363	100526
585,502	100654
585,642	100947
585,781	101243
585,921	101506
586,060	101412
586,200	102109
586,339	102121
586,478	102328
586,618	102625
586,757	102674
586,897	102762
587,036	103011
587,176	103146
587,315	103326
587,454	103683
587,594	103920
587,733	104152
587,873	104346
588,012	104631
588,152	105027
588,291	105181
588,430	105366
588,570	105760
588,709	105965
588,849	106266
588,988	106507
589,128	106622
589,267	106912
589,406	107282
589,546	107668
589,685	107956
589,825	108307
589,964	108508
590,104	108743
590,243	109106
590,382	109542
590,522	109936
590,661	110229
590,801	110597
590,940	110576
591,080	111165
591,219	111268
591,359	111657
591,498	112128
591,637	112327
591,777	112699
591,916	112930
592,056	113147
592,195	113482
592,335	113775
592,474	114101
592,613	114516
592,753	114716
592,892	114970
593,032	115343
593,171	115777
593,311	116027
593,450	116273
593,589	116342
593,729	116652
593,868	116963
594,008	117212
594,147	117461
594,287	117613
594,426	117897
594,565	118219
594,705	118366
594,844	118602
594,984	118920
595,123	119076
595,263	119184
595,402	119537
595,542	119498
595,681	119800
595,820	120021
595,960	120183
596,099	120413
596,239	120716
596,378	120775
596,518	121104
596,657	121362
596,796	121407
596,936	121593
597,075	121705
597,215	121739
597,354	121834
597,494	122075
597,633	122302
597,772	122582
597,912	122590
598,051	122748
598,191	123076
598,330	123371
598,470	123474
598,609	123454
598,748	123699
598,888	123921
599,027	123981
599,167	124181
599,306	124092
599,446	124373
599,585	124698
599,725	124657
599,864	124875
600,003	125217
600,143	125526
600,282	125617
600,422	125796
600,561	126061
600,701	126207
600,840	126412
600,979	126591
601,119	126804
601,258	126999
601,398	127380
601,537	127552
601,677	127783
601,816	128137
601,955	128320
602,095	128449
602,234	128655
602,374	128940
602,513	129254
602,653	129499
602,792	129711
602,931	130148
603,071	130434
603,210	130599
603,350	130988
603,489	131268
603,629	131493
603,768	131879
603,907	132300
604,047	132624
604,186	132919
604,326	133210
604,465	133401
604,605	133841
604,744	134390
604,884	134308
605,023	134779
605,162	135102
605,302	135356
605,441	135572
605,581	135725
605,720	136451
605,860	136645
605,999	136825
606,138	137104
606,278	137498
606,417	137751
606,557	137949
606,696	138382
606,836	138646
606,975	138710
607,114	138768
607,254	138882
607,393	139502
607,533	139777
607,672	139809
607,812	140165
607,951	140172
608,090	140321
608,230	140571
608,369	140574
608,509	140846
608,648	141027
608,788	141296
608,927	141493
609,067	141361
609,206	141522
609,345	141711
609,485	141678
609,624	141971
609,764	142194
609,903	142059
610,043	142384
610,182	142444
610,321	142488
610,461	142803
610,600	142802
610,740	142929
610,879	143123
611,019	143335
611,158	143254
611,297	143383
611,437	143526
611,576	143986
611,716	144246
611,855	144239
611,995	144328
612,134	144612
612,273	144877
612,413	144986
612,552	145276
612,692	145445
612,831	145769
612,971	145926
613,110	146164
613,250	146262
613,389	146444
613,528	147017
613,668	147098
613,807	147187
613,947	147573
614,086	148066
614,226	148270
614,365	148438
614,504	148610
614,644	148742
614,783	148932
614,923	149199
615,062	149708
615,202	150008
615,341	150223
615,480	150478
615,620	150946
615,759	150920
615,899	151396
616,038	151589
616,178	151626
616,317	152167
616,456	152375
616,596	152625
616,735	152883
616,875	153277
617,014	153712
617,154	154117
617,293	154331
617,432	154785
617,572	155067
617,711	155493
617,851	155762
617,990	156051
618,130	156433
618,269	156572
618,409	156689
618,548	157016
618,687	157587
618,827	157982
618,966	157915
619,106	158309
619,245	158595
619,385	158855
619,524	159124
619,663	159169
619,803	159446
619,942	159747
620,082	159926
620,221	160276
620,361	160556
620,500	160619
620,639	160833
620,779	161121
620,918	161097
621,058	161679
621,197	162070
621,337	161802
621,476	162223
621,615	162044
621,755	162499
621,894	163066
622,034	162763
622,173	162939
622,313	163079
622,452	163007
622,592	163335
622,731	163492
622,870	163514
623,010	163389
623,149	163753
623,289	164024
623,428	164386
623,568	164394
623,707	164327
623,846	164396
623,986	165001
624,125	164822
624,265	165104
624,404	164983
624,544	165016
624,683	165451
624,822	165706
624,962	165682
625,101	165749
625,241	166053
625,380	166356
625,520	166354
625,659	166552
625,798	166782
625,938	166843
626,077	166980
626,217	167238
626,356	167596
626,496	167960
626,635	167923
626,775	167922
626,914	168680
627,053	168777
627,193	169020
627,332	169052
627,472	169499
627,611	169596
627,751	169869
627,890	170052
628,029	170347
628,169	170741
628,308	170793
628,448	171093
628,587	171434
628,727	171602
628,866	171848
629,005	172232
629,145	172783
629,284	173178
629,424	173332
629,563	173515
629,703	173856
629,842	174466
629,981	174711
630,121	174670
630,260	175000
630,400	175239
630,539	175682
630,679	175780
630,818	175863
630,957	176227
631,097	176166
631,236	176451
631,376	176972
631,515	177352
631,655	177398
631,794	177608
631,934	178097
632,073	178027
632,212	178236
632,352	178612
632,491	178837
632,631	179194
632,770	179328
632,910	179614
633,049	179929
633,188	180468
633,328	180513
633,467	180784
633,607	181176
633,746	180943
633,886	181331
634,025	181993
634,164	182200
634,304	182251
634,443	182531
634,583	183367
634,722	183465
634,862	183667
635,001	184050
635,140	184134
635,280	184185
635,419	184406
635,559	184697
635,698	185018
635,838	185277
635,977	185484
636,117	185768
636,256	185976
636,395	186079
636,535	186512
636,674	186707
636,814	186919
636,953	187419
637,093	187679
637,232	188104
637,371	188302
637,511	188289
637,650	188114
637,790	188496
637,929	188739
638,069	189006
638,208	189101
638,347	189260
638,487	189516
638,626	189717
638,766	189796
638,905	190023
639,045	190303
639,184	190393
639,323	190347
639,463	190482
639,602	191063
639,742	190894
639,881	191289
640,021	191217
640,160	191789
640,300	191689
640,439	191861
640,578	192332
640,718	192381
640,857	192279
640,997	191759
641,136	192095
641,276	192484
641,415	192605
641,554	192924
641,694	192718
641,833	192769
641,973	193276
642,112	193643
642,252	193630
642,391	193672
642,530	194032
642,670	194558
642,809	194744
642,949	194791
643,088	195392
643,228	196097
643,367	196254
643,506	196377
643,646	196566
643,785	196953
643,925	197162
644,064	197748
644,204	197733
644,343	198054
644,482	198493
644,622	198859
644,761	199203
644,901	199526
645,040	199770
645,180	199720
645,319	199871
645,459	200096
645,598	200309
645,737	200702
645,877	201040
646,016	201183
646,156	201504
646,295	202016
646,435	202286
646,574	202509
646,713	202733
646,853	202851
646,992	203069
647,132	202876
647,271	203105
647,411	203182
647,550	203595
647,689	203372
647,829	203426
647,968	203676
648,108	203908
648,247	203859
648,387	204119
648,526	204716
648,665	204792
648,805	205134
648,944	205449
649,084	205239
649,223	205496
649,363	206066
649,502	206056
649,642	206108
649,781	206480
649,920	206490
650,060	206820
650,199	207385
650,339	207290
650,478	207927
650,618	208111
650,757	208335
650,896	208540
651,036	208339
651,175	208962
651,315	209303
651,454	209786
651,594	209654
651,733	209234
651,872	209943
652,012	209996
652,151	210504
652,291	210586
652,430	210847
652,570	211294
652,709	211324
652,848	211094
652,988	211516
653,127	211998
653,267	212070
653,406	212359
653,546	213026
653,685	213844
653,825	214159
653,964	214109
654,103	214439
654,243	214849
654,382	215271
654,522	215314
654,661	215195
654,801	215565
654,940	216181
655,079	216262
655,219	216461
655,358	216255
655,498	216554
655,637	217028
655,777	217023
655,916	217379
656,055	217874
656,195	218267
656,334	218394
656,474	219148
656,613	219472
656,753	219665
656,892	220136
657,031	220497
657,171	220689
657,310	220857
657,450	220948
657,589	221369
657,729	221620
657,868	222154
658,007	222721
658,147	222819
658,286	223131
658,426	223254
658,565	223333
658,705	223537
658,844	223835
658,984	223944
659,123	223724
659,262	224257
659,402	224491
659,541	224718
659,681	224591
659,820	225429
659,960	225861
660,099	226064
660,238	226138
660,378	226644
660,517	227138
660,657	226910
660,796	227153
660,936	227936
661,075	227911
661,214	227590
661,354	227722
661,493	228363
661,633	228282
661,772	228558
661,912	228761
662,051	228805
662,190	229104
662,330	229380
662,469	229756
662,609	229871
662,748	229858
662,888	230623
663,027	231236
663,167	231197
663,306	231050
663,445	231944
663,585	231931
663,724	232303
663,864	232619
664,003	232578
664,143	232694
664,282	233236
664,421	233483
664,561	233033
664,700	233523
664,840	233336
664,979	234190
665,119	233737
665,258	233940
665,397	234355
665,537	234083
665,676	234123
665,816	234508
665,955	234299
666,095	234267
666,234	234342
666,373	234722
666,513	235251
666,652	235448
666,792	235476
666,931	235897
667,071	236275
667,210	236301
667,350	236481
667,489	236714
667,628	237130
667,768	237733
667,907	237380
668,047	237166
668,186	237666
668,326	237236
668,465	237931
668,604	238120
668,744	238113
668,883	237999
669,023	237920
669,162	237991
669,302	238805
669,441	239008
669,580	239720
669,720	239595
669,859	240386
669,999	240651
670,138	240763
670,278	240896
670,417	241212
670,556	241496
670,696	241986
670,835	242379
670,975	242916
671,114	243519
671,254	244079
671,393	244244
671,532	244683
671,672	244604
671,811	244189
671,951	244436
672,090	244632
672,230	244707
672,369	244844
672,509	245126
672,648	245486
672,787	245491
672,927	245920
673,066	246391
673,206	246425
673,345	246871
673,485	247378
673,624	247631
673,763	247700
673,903	247539
674,042	248164
674,182	248574
674,321	248891
674,461	248897
674,600	248435
674,739	249178
674,879	248951
675,018	249332
675,158	249512
675,297	249010
675,437	249300
675,576	249595
675,715	249773
675,855	249684
675,994	249766
676,134	249627
676,273	250161
676,413	250082
676,552	250244
676,692	250742
676,831	251049
676,970	251553
677,110	251487
677,249	251778
677,389	252133
677,528	251994
677,668	252048
677,807	252556
677,946	252903
678,086	253267
678,225	253617
678,365	253809
678,504	253981
678,644	253845
678,783	253981
678,922	254082
679,062	253503
679,201	253003
679,341	253411
679,480	253519
679,620	253664
679,759	253592
679,898	253359
680,038	254006
680,177	254458
680,317	254264
680,456	254415
680,596	254794
680,735	255680
680,875	255370
681,014	255610
681,153	255232
681,293	255757
681,432	255875
681,572	255613
681,711	256028
681,851	255633
681,990	256136
682,129	256464
682,269	256061
682,408	255673
682,548	255660
682,687	255571
682,827	255838
682,966	255377
683,105	255473
683,245	255152
683,384	255713
683,524	255833
683,663	255876
683,803	256216
683,942	256377
684,081	256285
684,221	256195
684,360	256300
684,500	256442
684,639	256697
684,779	257085
684,918	257177
685,057	257309
685,197	257726
685,336	257832
685,476	257824
685,615	257684
685,755	258165
685,894	258253
686,034	257881
686,173	257355
686,312	257549
686,452	257657
686,591	258078
686,731	258168
686,870	258021
687,010	258318
687,149	258469
687,288	259049
687,428	258840
687,567	259417
687,707	259060
687,846	259931
687,986	259640
688,125	260455
688,264	260852
688,404	261893
688,543	261789
688,683	262162
688,822	262572
688,962	262529
689,101	262709
689,240	262848
689,380	263064
689,519	263616
689,659	263899
689,798	263955
689,938	264552
690,077	264282
690,217	264282
690,356	264357
690,495	264956
690,635	265128
690,774	264760
690,914	264642
691,053	264820
691,193	264434
691,332	264599
691,471	265053
691,611	264914
691,750	264688
691,890	264768
692,029	264675
692,169	264831
692,308	265541
692,447	265700
692,587	265738
692,726	266115
692,866	266312
693,005	266240
693,145	266207
693,284	266714
693,423	266938
693,563	266621
693,702	267063
693,842	266970
693,981	266919
694,121	266486
694,260	266608
694,400	266817
694,539	266108
694,678	265919
694,818	266474
694,957	266662
695,097	266482
695,236	266937
695,376	268452
695,515	268067
695,654	267896
695,794	268212
695,933	268082
696,073	267910
696,212	268305
696,352	268054
696,491	268904
696,630	269057
696,770	269902
696,909	269496
697,049	270064
697,188	270673
697,328	270684
697,467	270768
697,606	271560
697,746	271484
697,885	271967
698,025	271332
698,164	271033
698,304	271121
698,443	271629
698,582	272645
698,722	272752
698,861	273263
699,001	273774
699,140	273990
699,280	273662
699,419	273055
699,559	273014
699,698	273251
699,837	273284
699,977	273283
700,116	273640
700,256	273686
700,395	274154
700,535	275161
700,674	275306
700,813	275886
700,953	276274
701,092	276476
701,232	276665
701,371	276631
701,511	276828
701,650	277437
701,789	277759
701,929	277794
702,068	278471
702,208	278739
702,347	278615
702,487	279142
702,626	279674
702,765	279698
702,905	279762
703,044	280100
703,184	280537
703,323	280717
703,463	280506
703,602	280832
703,742	281429
703,881	281487
704,020	281310
704,160	281108
704,299	281177
704,439	281023
704,578	280718
704,718	280624
704,857	280583
704,996	280797
705,136	281012
705,275	281124
705,415	281297
705,554	281863
705,694	281747
705,833	282095
705,972	282275
706,112	282582
706,251	282914
706,391	283333
706,530	283957
706,670	284634
706,809	284606
706,948	284576
707,088	285237
707,227	285694
707,367	285385
707,506	286295
707,646	286292
707,785	286853
707,925	286849
708,064	287410
708,203	287542
708,343	287909
708,482	288093
708,622	288032
708,761	288755
708,901	289020
709,040	288825
709,179	288717
709,319	289109
709,458	289394
709,598	289487
709,737	290404
709,877	289854
710,016	290702
710,155	291361
710,295	291243
710,434	291299
710,574	291388
710,713	291431
710,853	292380
710,992	292553
711,131	292906
711,271	293158
711,410	293620
711,550	293279
711,689	293342
711,829	293187
711,968	293470
712,108	293212
712,247	293040
712,386	292827
712,526	293685
712,665	293648
712,805	293499
712,944	294097
713,084	294552
713,223	294342
713,362	294204
713,502	294874
713,641	295545
713,781	295624
713,920	295915
714,060	296151
714,199	296601
714,338	296599
714,478	297120
714,617	297259
714,757	297946
714,896	298073
715,036	298311
715,175	298356
715,314	298185
715,454	298189
715,593	297719
715,733	297626
715,872	298073
716,012	297879
716,151	298145
716,290	298717
716,430	299134
716,569	299561
716,709	299378
716,848	299650
716,988	300270
717,127	300206
717,267	300566
717,406	300254
717,545	300381
717,685	300461
717,824	301071
717,964	301236
718,103	301360
718,243	301585
718,382	301199
718,521	301028
718,661	301409
718,800	301304
718,940	301384
719,079	301042
719,219	301341
719,358	301596
719,497	301735
719,637	302359
719,776	302859
719,916	303262
720,055	303490
720,195	303818
720,334	304233
720,473	304138
720,613	304480
720,752	304829
720,892	305065
721,031	305237
721,171	305692
721,310	305814
721,450	305695
721,589	306089
721,728	306100
721,868	306592
722,007	306690
722,147	306708
722,286	307206
722,426	307410
722,565	307777
722,704	307838
722,844	307980
722,983	308265
723,123	308963
723,262	309438
723,402	309725
723,541	310126
723,680	310553
723,820	310671
723,959	310830
724,099	311178
724,238	311324
724,378	311274
724,517	311377
724,656	311566
724,796	311833
724,935	312035
725,075	311583
725,214	311309
725,354	311265
725,493	311475
725,633	312064
725,772	311929
725,911	312124
726,051	312498
726,190	312370
726,330	312617
726,469	312675
726,609	312806
726,748	313023
726,887	312976
727,027	312967
727,166	313107
727,306	313209
727,445	313161
727,585	313399
727,724	313409
727,863	313659
728,003	314000
728,142	314155
728,282	314440
728,421	314669
728,561	314857
728,700	315432
728,839	315717
728,979	315766
729,118	316046
729,258	316534
729,397	316884
729,537	317061
729,676	316915
729,815	316917
729,955	317280
730,094	317451
730,234	317387
730,373	317097
730,513	317451
730,652	317657
730,792	317729
730,931	317776
731,070	317728
731,210	317904
731,349	318284
731,489	318249
731,628	319014
731,768	319495
731,907	319387
732,046	319304
732,186	319691
732,325	319772
732,465	320104
732,604	320641
732,744	320717
732,883	320997
733,022	321257
733,162	321557
733,301	321710
733,441	321521
733,580	321313
733,720	321329
733,859	321438
733,998	321060
734,138	320945
734,277	320577
734,417	320625
734,556	320439
734,696	320783
734,835	320771
734,975	320819
735,114	321673
735,253	321604
735,393	322145
735,532	323335
735,672	323504
735,811	323986
735,951	324534
736,090	324376
736,229	324491
736,369	324761
736,508	324807
736,648	324707
736,787	324490
736,927	324762
737,066	324313
737,205	323932
737,345	323699
737,484	323506
737,624	323655
737,763	323084
737,903	322546
738,042	322633
738,181	322696
738,321	322605
738,460	322485
738,600	322531
738,739	322353
738,879	322452
739,018	322556
739,158	322453
739,297	322706
739,436	322883
739,576	323278
739,715	322523
739,855	323208
739,994	323529
740,134	323980
740,273	324152
740,412	324015
740,552	324937
740,691	324981
740,831	325313
740,970	326119
741,110	326479
741,249	326678
741,388	327378
741,528	327926
741,667	327777
741,807	327797
741,946	327735
742,086	328243
742,225	328877
742,364	328918
742,504	328507
742,643	328340
742,783	328391
742,922	327988
743,062	327323
743,201	327101
743,340	327282
743,480	327088
743,619	326712
743,759	326783
743,898	326744
744,038	327058
744,177	327224
744,317	327446
744,456	327011
744,595	326753
744,735	326972
744,874	326962
745,014	327374
745,153	327892
745,293	327898
745,432	328331
745,571	328330
745,711	328180
745,850	328512
745,990	329360
746,129	329298
746,269	329960
746,408	330571
746,547	330435
746,687	330837
746,826	331250
746,966	331012
747,105	331527
747,245	331388
747,384	331595
747,523	331973
747,663	332201
747,802	332148
747,942	332333
748,081	332339
748,221	332227
748,360	332228
748,500	331960
748,639	331832
748,778	332095
748,918	331968
749,057	331500
749,197	331259
749,336	331271
749,476	331432
749,615	331604
749,754	331707
749,894	331521
750,033	331498
750,173	331572
750,312	332060
750,452	332435
750,591	332468
750,730	333157
750,870	333126
751,009	333962
751,149	333862
751,288	334208
751,428	333755
751,567	333931
751,706	333537
751,846	334449
751,985	334515
752,125	334894
752,264	335567
752,404	335856
752,543	335684
752,683	336111
752,822	336002
752,961	336148
753,101	336485
753,240	336854
753,380	337131
753,519	336921
753,659	337041
753,798	336797
753,937	336689
754,077	337216
754,216	337088
754,356	336863
754,495	336532
754,635	336066
754,774	335713
754,913	335166
755,053	334928
755,192	334801
755,332	334800
755,471	334943
755,611	334715
755,750	335101
755,889	335276
756,029	335436
756,168	335713
756,308	335873
756,447	336225
756,587	336687
756,726	337272
756,865	338122
757,005	338597
757,144	338750
757,284	339077
757,423	338926
757,563	338786
757,702	338965
757,842	338886
757,981	338933
758,120	339702
758,260	339904
758,399	338950
758,539	338692
758,678	339446
758,818	339559
758,957	338926
759,096	338195
759,236	338093
759,375	337612
759,515	336769
759,654	336890
759,794	337400
759,933	337640
760,072	337416
760,212	337876
760,351	338153
760,491	338698
760,630	339362
760,770	339348
760,909	339983
761,048	339898
761,188	340494
761,327	340388
761,467	339981
761,606	340530
761,746	340298
761,885	339170
762,025	338527
762,164	338628
762,303	338489
762,443	337648
762,582	337190
762,722	336638
762,861	336622
763,001	336963
763,140	336847
763,279	336746
763,419	336823
763,558	337268
763,698	337425
763,837	337746
763,977	338415
764,116	338824
764,255	339194
764,395	339541
764,534	340196
764,674	340141
764,813	340640
764,953	341066
765,092	341626
765,231	341790
765,371	341589
765,510	340988
765,650	340541
765,789	340805
765,929	340686
766,068	340442
766,208	339980
766,347	339516
766,486	339786
766,626	339757
766,765	339406
766,905	339149
767,044	339157
767,184	338942
767,323	338472
767,462	338727
767,602	338960
767,741	338720
767,881	338492
768,020	338407
768,160	338741
768,299	339018
768,438	339076
768,578	339416
768,717	339370
768,857	340067
768,996	340445
769,136	340761
769,275	341272
769,414	341977
769,554	341793
769,693	342285
769,833	342233
769,972	342686
770,112	343102
770,251	343201
770,390	343318
770,530	343580
770,669	343211
770,809	343790
770,948	343837
771,088	343977
771,227	344048
771,367	344200
771,506	343717
771,645	343938
771,785	342958
771,924	342551
772,064	341807
772,203	341412
772,343	340923
772,482	341004
772,621	340215
772,761	340517
772,900	340051
773,040	340127
773,179	339155
773,319	339275
773,458	339832
773,597	339482
773,737	339468
773,876	339375
774,016	339848
774,155	340672
774,295	340526
774,434	341003
774,573	340672
774,713	340678
774,852	340012
774,992	340854
775,131	340421
775,271	340715
775,410	340962
775,550	341193
775,689	341549
775,828	341812
775,968	342059
776,107	342700
776,247	342531
776,386	342871
776,526	342505
776,665	342418
776,804	342327
776,944	342383
777,083	341900
777,223	342220
777,362	341785
777,502	341589
777,641	341943
777,780	341387
777,920	340929
778,059	340485
778,199	340304
778,338	339545
778,478	339110
778,617	339048
778,756	338697
778,896	338267
779,035	338238
779,175	337688
779,314	337406
779,454	337286
779,593	337681
779,733	337374
779,872	337007
780,011	337302
780,151	337412
780,290	336912
780,430	337379
780,569	338035
780,709	338555
780,848	338734
780,987	338355
781,127	338475
781,266	338829
781,406	338784
781,545	339238
781,685	339832
781,824	339372
781,963	339463
782,103	339702
782,242	339794
782,382	339544
782,521	339419
782,661	339170
782,800	338664
782,939	337962
783,079	337339
783,218	337315
783,358	336888
783,497	336380
783,637	336026
783,776	335484
783,915	335438
784,055	335405
784,194	335201
784,334	335079
784,473	335061
784,613	335191
784,752	335048
784,892	335146
785,031	334723
785,170	334704
785,310	334939
785,449	334623
785,589	334603
785,728	334737
785,868	335216
786,007	335692
786,146	335926
786,286	336148
786,425	336148
786,565	335588
786,704	335752
786,844	336565
786,983	336705
787,122	336826
787,262	337001
787,401	336625
787,541	336213
787,680	335939
787,820	335318
787,959	334758
788,098	334484
788,238	334206
788,377	333599
788,517	333546
788,656	333285
788,796	332514
788,935	332586
789,075	332782
789,214	332735
789,353	332421
789,493	332836
789,632	332949
789,772	332655
789,911	332902
790,051	332550
790,190	332055
790,329	332640
790,469	333015
790,608	332212
790,748	331948
790,887	332377
791,027	332531
791,166	332489
791,305	332959
791,445	333361
791,584	333435
791,724	333339
791,863	333560
792,003	333388
792,142	332733
792,281	332991
792,421	332840
792,560	332601
792,700	332574
792,839	332664
792,979	332862
793,118	332169
793,258	331901
793,397	331719
793,536	331272
793,676	330775
793,815	330584
793,955	330592
794,094	330067
794,234	329898
794,373	329947
794,512	329313
794,652	329195
794,791	328924
794,931	328281
795,070	328205
795,210	328325
795,349	328737
795,488	328783
795,628	328868
795,767	329233
795,907	329047
796,046	328884
796,186	329389
796,325	329017
796,464	328936
796,604	328951
796,743	329025
796,883	328733
797,022	328855
797,162	328751
797,301	329141
797,440	329707
797,580	329099
797,719	328292
797,859	328265
797,998	328210
798,138	328010
798,277	327782
798,417	327214
798,556	327263
798,695	327020
798,835	327273
798,974	327181
799,114	326201
799,253	326098
799,393	325637
799,532	325333
799,671	325108
799,811	324722
799,950	323932
800,090	323976
