350,000	5334,17
350,128	5339,83
350,256	5335,66
350,384	5328,79
350,511	5324,82
350,639	5329,28
350,767	5350,61
350,895	5324,51
351,023	5335,55
351,151	5339,6
351,278	5338,49
351,406	5339,08
351,534	5348,7
351,662	5334,9
351,790	5344,04
351,918	5342,35
352,045	5335,97
352,173	5334,28
352,301	5345,96
352,429	5332,02
352,557	5344,54
352,685	5343,22
352,812	5345,91
352,940	5356,07
353,068	5336,53
353,196	5324,03
353,324	5323,04
353,452	5337,58
353,579	5346,15
353,707	5342,58
353,835	5350,48
353,963	5323,27
354,091	5323,88
354,219	5345,57
354,346	5352,67
354,474	5338,02
354,602	5336,88
354,730	5335,52
354,858	5344,24
354,986	5338,95
355,113	5331,71
355,241	5330,5
355,369	5337,47
355,497	5344,42
355,625	5356,71
355,753	5344,3
355,880	5342,43
356,008	5350,15
356,136	5333,98
356,264	5340,85
356,392	5342,45
356,520	5335,72
356,647	5334,36
356,775	5339,01
356,903	5341,2
357,031	5342,28
357,159	5332,73
357,287	5337,47
357,414	5334,62
357,542	5331,26
357,670	5346,48
357,798	5356,26
357,926	5351,49
358,054	5343,14
358,182	5348,74
358,309	5355,87
358,437	5345,53
358,565	5343,47
358,693	5351,07
358,821	5336,88
358,949	5337,31
359,076	5345
359,204	5344,89
359,332	5347,41
359,460	5358,99
359,588	5339,15
359,716	5336,98
359,843	5338,03
359,971	5331,33
360,099	5363,91
360,227	5357,19
360,355	5345,22
360,483	5346,15
360,610	5346,33
360,738	5334,33
360,866	5311,77
360,994	5341,59
361,122	5346,42
361,250	5336,77
361,377	5344,17
361,505	5367,33
361,633	5351,71
361,761	5348,7
361,889	5345,57
362,017	5331,97
362,144	5337,79
362,272	5359,61
362,400	5359,64
362,528	5343,38
362,656	5359,39
362,784	5340,07
362,911	5338,76
363,039	5352,61
363,167	5344,39
363,295	5341,46
363,423	5347,4
363,551	5354,14
363,678	5360,36
363,806	5363,5
363,934	5361,9
364,062	5362,17
364,190	5371,31
364,318	5369,24
364,445	5367,5
364,573	5369,86
364,701	5372,92
364,829	5349,35
364,957	5355,01
365,085	5359,37
365,212	5362,32
365,340	5361,44
365,468	5360,74
365,596	5380,98
365,724	5358,01
365,852	5380,21
365,979	5382,8
366,107	5374,04
366,235	5365,72
366,363	5367,32
366,491	5366,77
366,619	5348,17
366,747	5354,49
366,874	5362,3
367,002	5361,04
367,130	5353,55
367,258	5374,09
367,386	5373,62
367,514	5369,36
367,641	5366,47
367,769	5367,14
367,897	5372,33
368,025	5388,12
368,153	5367,6
368,281	5389,52
368,408	5403,96
368,536	5400,52
368,664	5387,9
368,792	5408,87
368,920	5387,34
369,048	5372,27
369,175	5388,23
369,303	5402,68
369,431	5398,86
369,559	5406,13
369,687	5410,49
369,815	5395,09
369,942	5405,31
370,070	5410,14
370,198	5409,53
370,326	5436,59
370,454	5416,27
370,582	5420,69
370,709	5433,05
370,837	5441,17
370,965	5445,86
371,093	5452,91
371,221	5443,77
371,349	5463,19
371,476	5449,95
371,604	5449,92
371,732	5467,67
371,860	5491,79
371,988	5496,51
372,116	5479,64
372,243	5477,91
372,371	5491,28
372,499	5505,25
372,627	5513,75
372,755	5530,77
372,883	5536
373,010	5534,36
373,138	5533,56
373,266	5534,5
373,394	5542,38
373,522	5564,44
373,650	5571,24
373,777	5582,13
373,905	5579,95
374,033	5598,98
374,161	5623,3
374,289	5622,64
374,417	5619,84
374,545	5678,3
374,672	5670,21
374,800	5679,69
374,928	5690,41
375,056	5683,84
375,184	5686,99
375,312	5716,21
375,439	5727,5
375,567	5745,78
375,695	5760,31
375,823	5770,96
375,951	5791,42
376,079	5765,04
376,206	5783,89
376,334	5824,2
376,462	5842,46
376,590	5845,91
376,718	5865,62
376,846	5881,24
376,973	5894,86
377,101	5901,78
377,229	5921,76
377,357	5949,31
377,485	5973,72
377,613	5992,29
377,740	6043,39
377,868	6025,78
377,996	6035,61
378,124	6071,41
378,252	6109,36
378,380	6107,03
378,507	6101,32
378,635	6159,8
378,763	6212,06
378,891	6232,95
379,019	6222,52
379,147	6205,81
379,274	6277,14
379,402	6282,65
379,530	6310,56
379,658	6338,55
379,786	6371,41
379,914	6414,11
380,041	6448,63
380,169	6433,36
380,297	6469,83
380,425	6500,43
380,553	6529,56
380,681	6556,06
380,808	6579,77
380,936	6586,31
381,064	6611,54
381,192	6630,68
381,320	6658,01
381,448	6692,38
381,575	6716,45
381,703	6713,3
381,831	6791,05
381,959	6817,81
382,087	6852,61
382,215	6908,84
382,343	6971,14
382,470	6997,06
382,598	7004,07
382,726	7041,79
382,854	7115,49
382,982	7172,64
383,110	7201,73
383,237	7214,62
383,365	7260
383,493	7267,64
383,621	7353,02
383,749	7392,78
383,877	7399,61
384,004	7412,08
384,132	7454,64
384,260	7489,01
384,388	7506,35
384,516	7524,08
384,644	7548,07
384,771	7572,64
384,899	7595,47
385,027	7552,99
385,155	7576,52
385,283	7638,7
385,411	7665,16
385,538	7680,86
385,666	7739,08
385,794	7786,07
385,922	7806,55
386,050	7848,98
386,178	7862,51
386,305	7878,04
386,433	7933,58
386,561	7993,49
386,689	8081,41
386,817	8095,55
386,945	8099,35
387,072	8136,99
387,200	8177,48
387,328	8170,26
387,456	8297,55
387,584	8271,15
387,712	8303,41
387,839	8336,52
387,967	8370,7
388,095	8406,46
388,223	8451,25
388,351	8499,35
388,479	8556,59
388,606	8569,4
388,734	8582,32
388,862	8641,17
388,990	8751,74
389,118	8740,76
389,246	8765,75
389,373	8777,07
389,501	8850,79
389,629	8916,74
389,757	8923,36
389,885	8996,32
390,013	9024,28
390,141	9078,17
390,268	9112,04
390,396	9163,66
390,524	9214,2
390,652	9214,47
390,780	9290,52
390,908	9333,09
391,035	9383,66
391,163	9384,93
391,291	9384,13
391,419	9422,94
391,547	9459,68
391,675	9483,05
391,802	9499,08
391,930	9571,52
392,058	9630,74
392,186	9675,05
392,314	9722,99
392,442	9737,89
392,569	9759,08
392,697	9847,25
392,825	9874,89
392,953	9890,04
393,081	9946,21
393,209	9950,63
393,336	9988,27
393,464	10003,4
393,592	10074,8
393,720	10127,5
393,848	10158,1
393,976	10176,4
394,103	10265,1
394,231	10249,6
394,359	10295,3
394,487	10378,8
394,615	10440,5
394,743	10495,4
394,870	10496,8
394,998	10583,6
395,126	10680,2
395,254	10685,4
395,382	10680,5
395,510	10719
395,637	10809,3
395,765	10854,8
395,893	10868,2
396,021	10916
396,149	10943,2
396,277	10994,7
396,404	11068,6
396,532	11117
396,660	11114,7
396,788	11203,4
396,916	11251,8
397,044	11255,2
397,171	11267,2
397,299	11324,9
397,427	11350,4
397,555	11359,4
397,683	11409,1
397,811	11480,9
397,938	11569,4
398,066	11612,5
398,194	11570,6
398,322	11673,6
398,450	11684,6
398,578	11725
398,706	11772,7
398,833	11822,7
398,961	11881,9
399,089	11923,5
399,217	11981,1
399,345	11994,3
399,473	12024,9
399,600	12082,6
399,728	12148,4
399,856	12187,8
399,984	12217,9
400,112	12309,9
400,240	12360,4
400,367	12364,3
400,495	12415,7
400,623	12476,6
400,751	12472,6
400,879	12550,1
401,007	12654,9
401,134	12668,4
401,262	12733,6
401,390	12805,5
401,518	12820,6
401,646	12892,3
401,774	12892,9
401,901	12997,7
402,029	12990,7
402,157	13021,5
402,285	13117,2
402,413	13165,6
402,541	13213,9
402,668	13261,5
402,796	13282,3
402,924	13388,1
403,052	13484,3
403,180	13500,5
403,308	13535,4
403,435	13598,2
403,563	13624,9
403,691	13624,1
403,819	13711,7
403,947	13799,8
404,075	13841,9
404,202	13872,3
404,330	13878,8
404,458	13937,3
404,586	13987,4
404,714	14033,5
404,842	14107,9
404,969	14166,7
405,097	14233
405,225	14329,8
405,353	14365,6
405,481	14461,2
405,609	14564,8
405,736	14595,3
405,864	14543,7
405,992	14736,3
406,120	14739,5
406,248	14791,8
406,376	14856
406,504	14876,7
406,631	14891,1
406,759	14910,8
406,887	14980,5
407,015	15061
407,143	15091,1
407,271	15128,2
407,398	15183,1
407,526	15264,1
407,654	15288,4
407,782	15460,6
407,910	15488,2
408,038	15496,8
408,165	15528,4
408,293	15599,8
408,421	15706,2
408,549	15725,3
408,677	15796,6
408,805	15860,5
408,932	15910,5
409,060	15958,3
409,188	15997,8
409,316	16067,7
409,444	16183,7
409,572	16195,4
409,699	16249,6
409,827	16315,1
409,955	16353,3
410,083	16428
410,211	16427,9
410,339	16567,7
410,466	16636,5
410,594	16708,5
410,722	16746,4
410,850	16796,2
410,978	16844,1
411,106	16964,6
411,233	16969,7
411,361	17010,4
411,489	17073,4
411,617	17103,8
411,745	17148,3
411,873	17198,8
412,000	17282,7
412,128	17360,2
412,256	17371
412,384	17455,4
412,512	17508,2
412,640	17536,3
412,767	17627,3
412,895	17739,5
413,023	17745,6
413,151	17817,5
413,279	17936,9
413,407	18010,5
413,534	18051,1
413,662	18079,2
413,790	18096,5
413,918	18178
414,046	18300,1
414,174	18368,7
414,302	18384,4
414,429	18418,1
414,557	18536,6
414,685	18616,1
414,813	18738,3
414,941	18789,8
415,069	18854,9
415,196	18938,3
415,324	18999,3
415,452	19123,4
415,580	19200,3
415,708	19261,9
415,836	19341,2
415,963	19384,5
416,091	19543,7
416,219	19538,8
416,347	19553
416,475	19643,5
416,603	19708,5
416,730	19830,3
416,858	19870,9
416,986	19948,2
417,114	20072,6
417,242	20116,3
417,370	20130,6
417,497	20190,4
417,625	20300,1
417,753	20397,8
417,881	20479,3
418,009	20499
418,137	20554,6
418,264	20690,3
418,392	20754,9
418,520	20798,5
418,648	20869,4
418,776	20935,6
418,904	20947,4
419,031	21108
419,159	21208,6
419,287	21268,2
419,415	21295,8
419,543	21369,9
419,671	21503,9
419,798	21591,1
419,926	21588,1
420,054	21768,4
420,182	21805,9
420,310	21858,2
420,438	21966,4
420,565	22049,5
420,693	22145,5
420,821	22208,8
420,949	22228,3
421,077	22313,5
421,205	22434,4
421,332	22529,8
421,460	22598,2
421,588	22695,5
421,716	22727,3
421,844	22848,7
421,972	22971,2
422,100	22986,7
422,227	23051,7
422,355	23136,9
422,483	23168
422,611	23323,2
422,739	23366,5
422,867	23436,7
422,994	23578,2
423,122	23613,4
423,250	23727,5
423,378	23858
423,506	23913,9
423,634	23834,6
423,761	23994,7
423,889	24147,1
424,017	24247,2
424,145	24291,8
424,273	24363,8
424,401	24479
424,528	24531,7
424,656	24567,7
424,784	24654,5
424,912	24705
425,040	24757,5
425,168	24923,3
425,295	25068,5
425,423	25065,1
425,551	25174,5
425,679	25253,8
425,807	25294,8
425,935	25415,3
426,062	25480,6
426,190	25596,6
426,318	25708,8
426,446	25796
426,574	25846,8
426,702	25941,5
426,829	26107
426,957	26154,8
427,085	26218,9
427,213	26298,4
427,341	26348,7
427,469	26411,5
427,596	26527,6
427,724	26609,3
427,852	26636,5
427,980	26783,9
428,108	26830,9
428,236	26898,5
428,363	27029,3
428,491	27156,2
428,619	27186,2
428,747	27198,8
428,875	27331,1
429,003	27435,5
429,130	27496,2
429,258	27616,6
429,386	27661,1
429,514	27719,2
429,642	27803,5
429,770	27948,1
429,898	28065
430,025	28120
430,153	28237,6
430,281	28404,7
430,409	28491,2
430,537	28555,5
430,665	28597,8
430,792	28846,2
430,920	28891,2
431,048	28992,5
431,176	29147,5
431,304	29228,5
431,432	29191,6
431,559	29395,6
431,687	29518,7
431,815	29577,6
431,943	29612,1
432,071	29710
432,199	29877
432,326	29906
432,454	30008,6
432,582	30033,2
432,710	30188,7
432,838	30330,6
432,966	30247,1
433,093	30391,7
433,221	30403,7
433,349	30534,5
433,477	30677,7
433,605	30801,1
433,733	30949,3
433,860	30894,5
433,988	31124,2
434,116	31164,9
434,244	31291,8
434,372	31360,8
434,500	31463,5
434,627	31575,3
434,755	31711,6
434,883	31835,4
435,011	31938,2
435,139	32132,5
435,267	32262,8
435,394	32388,9
435,522	32497,5
435,650	32615,2
435,778	32709,5
435,906	32879,8
436,034	32983,5
436,161	33147,8
436,289	33173,1
436,417	33272,3
436,545	33344,2
436,673	33411,5
436,801	33568
436,928	33617
437,056	33862,9
437,184	33834,3
437,312	33857
437,440	33885,8
437,568	33977,8
437,695	34276,8
437,823	34323,9
437,951	34354,4
438,079	34455,1
438,207	34550,8
438,335	34602,7
438,463	34731,8
438,590	34824,9
438,718	34998,4
438,846	35126,7
438,974	35226
439,102	35314,6
439,230	35466,8
439,357	35691,1
439,485	35793,3
439,613	35883,8
439,741	36094,1
439,869	36224
439,997	36388,8
440,124	36466,2
440,252	36617,2
440,380	36733,6
440,508	36875,1
440,636	37000,9
440,764	37140,9
440,891	37268,1
441,019	37359,2
441,147	37489,2
441,275	37563,1
441,403	37643
441,531	37752,5
441,658	37956,1
441,786	38027,6
441,914	38129,4
442,042	38127,7
442,170	38210
442,298	38402,1
442,425	38509,9
442,553	38579,3
442,681	38725,6
442,809	38878,4
442,937	38927,6
443,065	39003,5
443,192	39202,4
443,320	39341,3
443,448	39251,8
443,576	39509,7
443,704	39660,7
443,832	39862,9
443,959	40085,9
444,087	40210,1
444,215	40395,7
444,343	40411
444,471	40689,6
444,599	40970,5
444,726	41143,8
444,854	41203,3
444,982	41407,1
445,110	41492,5
445,238	41649,7
445,366	41734
445,493	41844,8
445,621	41887,2
445,749	41865,7
445,877	42044
446,005	42063,5
446,133	42154,4
446,261	42220,5
446,388	42373,3
446,516	42433,8
446,644	42433,9
446,772	42618,7
446,900	42822,4
447,028	42953,4
447,155	42983,8
447,283	43221
447,411	43619,1
447,539	43712,8
447,667	43886
447,795	44003,7
447,922	44108,9
448,050	44302,8
448,178	44577,9
448,306	44473,4
448,434	44652,3
448,562	44892,6
448,689	45003
448,817	45006
448,945	45351,9
449,073	45500,1
449,201	45582,3
449,329	45673,9
449,456	45833,3
449,584	45990,1
449,712	46084
449,840	46435,4
449,968	46690,4
450,096	46790,9
450,223	46827,6
450,351	46908,6
450,479	47035,1
450,607	47253,7
450,735	47293,6
450,863	47408,8
450,990	47588,8
451,118	47739,3
451,246	47863,1
451,374	48021,2
451,502	48188,4
451,630	48274,1
451,757	48537,5
451,885	48778,9
452,013	48852,2
452,141	48939,8
452,269	49058,5
452,397	49241,8
452,524	49449,1
452,652	49593,8
452,780	49755,3
452,908	50045,8
453,036	50053,6
453,164	50146,1
453,291	50398,1
453,419	50530,7
453,547	50609,7
453,675	50761,9
453,803	51044,6
453,931	51062,5
454,059	51205,2
454,186	51429,5
454,314	51574,4
454,442	51729,5
454,570	52048,5
454,698	52253,6
454,826	52373,9
454,953	52614
455,081	52735,1
455,209	52893,1
455,337	53129,2
455,465	53232
455,593	53621,6
455,720	53662
455,848	53828,6
455,976	54098
456,104	54314,9
456,232	54403,7
456,360	54555,6
456,487	54553,4
456,615	54768,8
456,743	54998,2
456,871	55112,8
456,999	55182,8
457,127	55373,1
457,254	55453,1
457,382	55724,8
457,510	55970,4
457,638	56130
457,766	56254,9
457,894	56393,1
458,021	56560,5
458,149	56777,2
458,277	56886,5
458,405	57013,8
458,533	57138,1
458,661	57324,4
458,788	57524,5
458,916	57602,4
459,044	57956
459,172	58062,5
459,300	58260
459,428	58573,2
459,555	58733,2
459,683	58826,1
459,811	59207,3
459,939	59262,5
460,067	59485,5
460,195	59807,1
460,322	60030,5
460,450	60320,4
460,578	60556,2
460,706	60650,4
460,834	60795
460,962	60972
461,089	61186,2
461,217	61438,1
461,345	61604,7
461,473	61644,9
461,601	61739,7
461,729	61797,6
461,856	61846,5
461,984	62014,6
462,112	62484,3
462,240	62391,5
462,368	62627,7
462,496	62764,2
462,624	62926,3
462,751	63141,5
462,879	63446,9
463,007	63491,9
463,135	63661,2
463,263	63962,6
463,391	64117,6
463,518	64329,1
463,646	64759,1
463,774	64881,4
463,902	64961,2
464,030	65115
464,158	65413,2
464,285	65580,6
464,413	65688,8
464,541	66158
464,669	66083,9
464,797	66358,4
464,925	66386,9
465,052	66623,6
465,180	66926,3
465,308	67117,7
465,436	67366,8
465,564	67514,5
465,692	67846,1
465,819	67956,9
465,947	68022,4
466,075	68211,5
466,203	68539
466,331	68436,9
466,459	68780,3
466,586	69048,4
466,714	69285,5
466,842	69487,3
466,970	69688,1
467,098	69985,8
467,226	70429,3
467,353	70321,9
467,481	70776,5
467,609	71043,7
467,737	71202,6
467,865	71407,4
467,993	71529,4
468,120	71920,3
468,248	72112,1
468,376	72365,5
468,504	72521,6
468,632	72554,2
468,760	72629,3
468,887	72938,8
469,015	73046,3
469,143	73282,1
469,271	73407,4
469,399	73578,5
469,527	73876,6
469,654	73993,4
469,782	74386,9
469,910	74564,1
470,038	74614,7
470,166	74860,5
470,294	75131,2
470,422	75165,5
470,549	75204,2
470,677	75652,7
470,805	76009,8
470,933	76318,4
471,061	76540,4
471,189	76766,9
471,316	77246,6
471,444	77406,3
471,572	77647,7
471,700	78054,4
471,828	78246,9
471,956	78434,5
472,083	78783
472,211	79042,2
472,339	79627
472,467	79748,4
472,595	79782,8
472,723	79938,8
472,850	80167,1
472,978	80326,6
473,106	80547,8
473,234	80431,1
473,362	80597,9
473,490	80758,9
473,617	80965,7
473,745	81187,7
473,873	81257,9
474,001	81401,9
474,129	81667,5
474,257	81727,8
474,384	81927,8
474,512	82254,9
474,640	82581,1
474,768	82697,9
474,896	82859,2
475,024	83208,6
475,151	83583,2
475,279	83823,1
475,407	84156,1
475,535	84739,7
475,663	84966,6
475,791	85610,7
475,918	86076
476,046	86535,1
476,174	86829,6
476,302	87070
476,430	87505,8
476,558	87826,6
476,685	88099,3
476,813	88206,7
476,941	88368,9
477,069	88501,2
477,197	88540,6
477,325	88552,7
477,452	89253,3
477,580	89020
477,708	88822,1
477,836	88973,5
477,964	89088,6
478,092	88950,1
478,220	89188,7
478,347	89551,3
478,475	89595,1
478,603	89895,3
478,731	89956,1
478,859	90078,7
478,987	90608,3
479,114	90528,2
479,242	91142,3
479,370	91573
479,498	92005
479,626	92425,2
479,754	92816,8
479,881	93164,4
480,009	93452,1
480,137	93851,1
480,265	94151,1
480,393	94248,5
480,521	94571,6
480,648	95112,4
480,776	95331,9
480,904	95529,4
481,032	95787,9
481,160	96313,8
481,288	96585,5
481,415	96748
481,543	96987,1
481,671	97257,5
481,799	97765,2
481,927	97712,9
482,055	97960,2
482,182	98062
482,310	98098,8
482,438	98279,6
482,566	98629,1
482,694	98623,1
482,822	98832,8
482,949	99121,3
483,077	99297,3
483,205	99469,5
483,333	99825,8
483,461	100311
483,589	100294
483,716	100774
483,844	100872
483,972	101204
484,100	101695
484,228	101919
484,356	102335
484,483	102650
484,611	102700
484,739	103161
484,867	103436
484,995	103477
485,123	103733
485,250	103935
485,378	104332
485,506	104534
485,634	104510
485,762	104706
485,890	105093
486,018	105149
486,145	105421
486,273	105499
486,401	105711
486,529	105968
486,657	106205
486,785	106376
486,912	106475
487,040	106891
487,168	107330
487,296	107846
487,424	108048
487,552	108274
487,679	108756
487,807	109227
487,935	109488
488,063	110217
488,191	110390
488,319	110698
488,446	111037
488,574	111214
488,702	111335
488,830	111454
488,958	112090
489,086	112391
489,213	112682
489,341	112857
489,469	112859
489,597	113016
489,725	113399
489,853	113167
489,980	113597
490,108	113832
490,236	113841
490,364	113870
490,492	113952
490,620	113973
490,747	114164
490,875	114425
491,003	114777
491,131	115215
491,259	115636
491,387	115754
491,514	116365
491,642	116636
491,770	116853
491,898	117085
492,026	117412
492,154	117862
492,281	118347
492,409	119079
492,537	118872
492,665	119280
492,793	119707
492,921	119967
493,048	120204
493,176	120779
493,304	121034
493,432	121321
493,560	121374
493,688	121411
493,816	121639
493,943	122007
494,071	121930
494,199	122001
494,327	122060
494,455	122355
494,583	122509
494,710	122556
494,838	122694
494,966	123009
495,094	122859
495,222	123068
495,350	123432
495,477	123723
495,605	124002
495,733	124256
495,861	124040
495,989	124520
496,117	124631
496,244	124913
496,372	125158
496,500	125547
496,628	126169
496,756	126614
496,884	126599
497,011	126776
497,139	127005
497,267	127187
497,395	127371
497,523	127590
497,651	127750
497,778	127689
497,906	128045
498,034	127942
498,162	128124
498,290	128272
498,418	128165
498,545	128246
498,673	128692
498,801	128429
498,929	128364
499,057	128495
499,185	128459
499,312	128266
499,440	128430
499,568	128140
499,696	127825
499,824	127820
499,952	127843
500,079	127903
500,207	127970
500,335	127959
500,463	128207
500,591	127828
500,719	127672
500,846	127653
500,974	127832
501,102	128063
501,230	128112
501,358	128298
501,486	128181
501,613	128001
501,741	128190
501,869	128203
501,997	128001
502,125	127887
502,253	127643
502,381	127845
502,508	127597
502,636	127550
502,764	127354
502,892	127176
503,020	127283
503,148	127292
503,275	127173
503,403	126757
503,531	126250
503,659	125769
503,787	125571
503,915	125569
504,042	124976
504,170	124900
504,298	124564
504,426	124344
504,554	123853
504,682	123408
504,809	123119
504,937	122521
505,065	121985
505,193	121413
505,321	121176
505,449	120628
505,576	119789
505,704	119015
505,832	118687
505,960	118279
506,088	117567
506,216	117103
506,343	116280
506,471	115667
506,599	115103
506,727	114058
506,855	113154
506,983	111864
507,110	110741
507,238	109956
507,366	109224
507,494	108482
507,622	107765
507,750	106984
507,877	106360
508,005	105154
508,133	104120
508,261	103140
508,389	102241
508,517	101380
508,644	100365
508,772	99308,7
508,900	98457,4
509,028	97765,6
509,156	97033,1
509,284	96293,1
509,411	95604,6
509,539	94966,5
509,667	94101,3
509,795	93558,3
509,923	92736
510,051	92016,3
510,179	91268,4
510,306	90571,2
510,434	90077,2
510,562	89576,5
510,690	88454
510,818	87908,6
510,946	87245,2
511,073	86454,3
511,201	85835,7
511,329	85458,3
511,457	84800,2
511,585	84157,1
511,713	83803,8
511,840	83321,1
511,968	83055,1
512,096	82806,8
512,224	82471
512,352	82175,5
512,480	81696,8
512,607	81264,3
512,735	80999,6
512,863	80716,6
512,991	80592,9
513,119	80405,9
513,247	79899,4
513,374	79612,4
513,502	79313,7
513,630	78912,2
513,758	78766,9
513,886	78665,8
514,014	78484,9
514,141	78302,8
514,269	78381,8
514,397	78262,1
514,525	78399
514,653	78026,7
514,781	78226,9
514,908	78353,7
515,036	78226,9
515,164	78301,6
515,292	78068,9
515,420	78196,3
515,548	78123,3
515,675	78314,3
515,803	78294,4
515,931	78137,1
516,059	78162,3
516,187	78369,1
516,315	78446,3
516,442	78700,3
516,570	78561,6
516,698	78625,5
516,826	78728,7
516,954	78781,6
517,082	79008,5
517,209	79083,4
517,337	78972,3
517,465	79104,3
517,593	79263,9
517,721	79514,5
517,849	79771,7
517,977	79900,2
518,104	80035,8
518,232	80170,3
518,360	80311,1
518,488	80318,7
518,616	80413,5
518,744	80695,3
518,871	80991,6
518,999	80932,4
519,127	81189,2
519,255	81403,9
519,383	81491,4
519,511	81604,3
519,638	81832,8
519,766	82014,7
519,894	82016,7
520,022	82366,4
520,150	81948,7
520,278	82469,5
520,405	82627,2
520,533	82872,3
520,661	83023,7
520,789	83013,5
520,917	83270,4
521,045	83713,6
521,172	83607
521,300	83770,8
521,428	83747,9
521,556	83888,3
521,684	84193,7
521,812	84430,2
521,939	84776,2
522,067	84658,5
522,195	84849
522,323	84757,9
522,451	84867,6
522,579	85183,6
522,706	85476,4
522,834	85623
522,962	85718,7
523,090	85954
523,218	85949,8
523,346	86178
523,473	86369,2
523,601	86582,8
523,729	86892,3
523,857	86780,7
523,985	87027,7
524,113	87081,6
524,240	87304,4
524,368	87323,4
524,496	87483,9
524,624	87807,3
524,752	87853,5
524,880	88085,9
525,007	88430,1
525,135	88404,1
525,263	88583,8
525,391	88828,8
525,519	89019,4
525,647	89133,1
525,774	89229,5
525,902	89580,4
526,030	89732,4
526,158	89833,7
526,286	89749,7
526,414	89952,5
526,542	90373,4
526,669	90486,4
526,797	90499
526,925	90707
527,053	90812,8
527,181	90971,3
527,309	91053,2
527,436	91281,8
527,564	91657,3
527,692	91633
527,820	91817,5
527,948	91939,1
528,076	92267,9
528,203	92401,5
528,331	92392,3
528,459	92553,6
528,587	92959,5
528,715	93072,1
528,843	93247,8
528,970	93554,5
529,098	93632,3
529,226	93701,4
529,354	93749,7
529,482	93890,8
529,610	94064,6
529,737	94316,2
529,865	94608,3
529,993	94584,3
530,121	94935,3
530,249	95128,9
530,377	95239,7
530,504	95391,8
530,632	95611,4
530,760	95746,9
530,888	95797,7
531,016	96041,2
531,144	96337,8
531,271	96395,5
531,399	96411,5
531,527	96593,9
531,655	96694,4
531,783	96913,4
531,911	97006,6
532,038	97105,1
532,166	97252,9
532,294	97612,3
532,422	97943,3
532,550	98034,4
532,678	98146,9
532,805	98240,9
532,933	98317,7
533,061	98456,1
533,189	98657,2
533,317	98728,8
533,445	98829,3
533,572	99244
533,700	99516,9
533,828	99589,4
533,956	99957
534,084	99854,4
534,212	99934,4
534,340	100258
534,467	100513
534,595	100597
534,723	100843
534,851	101091
534,979	101205
535,107	101516
535,234	101661
535,362	101804
535,490	102065
535,618	102266
535,746	102442
535,874	102547
536,001	102775
536,129	102908
536,257	103238
536,385	103592
536,513	103633
536,641	103608
536,768	103941
536,896	104311
537,024	104344
537,152	104581
537,280	104725
537,408	104802
537,535	105022
537,663	105461
537,791	105333
537,919	105579
538,047	105924
538,175	106045
538,302	106132
538,430	106375
538,558	106546
538,686	106897
538,814	106881
538,942	107212
539,069	107483
539,197	107579
539,325	107553
539,453	107808
539,581	108207
539,709	108319
539,836	108685
539,964	108660
540,092	108805
540,220	109031
540,348	109205
540,476	109346
540,603	109403
540,731	109416
540,859	109999
540,987	110216
541,115	110183
541,243	110196
541,370	110567
541,498	110991
541,626	110965
541,754	111022
541,882	111315
542,010	111373
542,138	111586
542,265	111898
542,393	112148
542,521	112250
542,649	112526
542,777	112549
542,905	112684
543,032	113203
543,160	113243
543,288	113579
543,416	114035
543,544	114042
543,672	113931
543,799	114208
543,927	114460
544,055	114586
544,183	114800
544,311	114973
544,439	115340
544,566	115574
544,694	115810
544,822	116163
544,950	116136
545,078	116442
545,206	116690
545,333	116971
545,461	117177
545,589	117336
545,717	117495
545,845	117909
545,973	118033
546,100	118117
546,228	118315
546,356	118545
546,484	118799
546,612	119054
546,740	119164
546,867	119472
546,995	119700
547,123	119716
547,251	120026
547,379	120255
547,507	120447
547,634	120734
547,762	120806
547,890	121041
548,018	121232
548,146	121320
548,274	121809
548,401	122085
548,529	122216
548,657	122381
548,785	122722
548,913	123056
549,041	123455
549,168	123547
549,296	123445
549,424	124015
549,552	124190
549,680	124211
549,808	124459
549,936	124792
550,063	125127
550,191	125386
550,319	125503
550,447	125497
550,575	125740
550,703	126056
550,830	126228
550,958	126479
551,086	126456
551,214	126788
551,342	127036
551,470	127213
551,597	127356
551,725	127583
551,853	127794
551,981	128014
552,109	128048
552,237	128412
552,364	128719
552,492	128650
552,620	128897
552,748	129045
552,876	129227
553,004	129532
553,131	129624
553,259	129991
553,387	130014
553,515	130559
553,643	130767
553,771	130831
553,898	131056
554,026	131069
554,154	131300
554,282	131632
554,410	131847
554,538	132379
554,665	132361
554,793	132637
554,921	132877
555,049	132948
555,177	133267
555,305	133554
555,432	133921
555,560	134137
555,688	134414
555,816	134654
555,944	134869
556,072	135090
556,199	135343
556,327	135559
556,455	135919
556,583	135842
556,711	136224
556,839	136373
556,966	136594
557,094	137050
557,222	137310
557,350	137568
557,478	137488
557,606	137980
557,734	138092
557,861	138145
557,989	138490
558,117	138794
558,245	138966
558,373	139058
558,501	139383
558,628	139931
558,756	139856
558,884	140060
559,012	140348
559,140	140451
559,268	140844
559,395	141281
559,523	141464
559,651	141571
559,779	141656
559,907	141916
560,035	142201
560,162	142256
560,290	142612
560,418	142860
560,546	142715
560,674	143276
560,802	143637
560,929	143855
561,057	144040
561,185	144256
561,313	144488
561,441	144679
561,569	144942
561,696	145146
561,824	145600
561,952	145940
562,080	146080
562,208	146258
562,336	146506
562,463	146901
562,591	147133
562,719	147396
562,847	147680
562,975	147903
563,103	148111
563,230	148187
563,358	148485
563,486	148567
563,614	149040
563,742	149159
563,870	149343
563,997	149672
564,125	149564
564,253	150096
564,381	150363
564,509	150466
564,637	150746
564,764	150924
564,892	151170
565,020	151467
565,148	151854
565,276	152062
565,404	152363
565,531	152633
565,659	152696
565,787	152803
565,915	153197
566,043	153123
566,171	153560
566,299	153706
566,426	153981
566,554	154182
566,682	154492
566,810	154741
566,938	154772
567,066	155155
567,193	155522
567,321	155738
567,449	155644
567,577	155963
567,705	156455
567,833	156630
567,960	156647
568,088	157063
568,216	157435
568,344	157367
568,472	157757
568,600	157976
568,727	158278
568,855	158448
568,983	158926
569,111	159000
569,239	159182
569,367	159346
569,494	159718
569,622	160019
569,750	160352
569,878	160447
570,006	160714
570,134	161097
570,261	161194
570,389	161098
570,517	161697
570,645	162048
570,773	162104
570,901	162319
571,028	162754
571,156	163030
571,284	163186
571,412	163596
571,540	163649
571,668	164071
571,795	164179
571,923	164602
572,051	164877
572,179	164941
572,307	165008
572,435	165465
572,562	165832
572,690	166018
572,818	166208
572,946	166766
573,074	167049
573,202	167080
573,329	167323
573,457	167363
573,585	167748
573,713	167979
573,841	168323
573,969	168608
574,097	168913
574,224	169134
574,352	169366
574,480	169665
574,608	169801
574,736	169923
574,864	170177
574,991	170663
575,119	170943
575,247	171119
575,375	171668
575,503	171741
575,631	171823
575,758	171908
575,886	172151
576,014	172539
576,142	172712
576,270	173218
576,398	173476
576,525	173623
576,653	173924
576,781	174351
576,909	174725
577,037	175026
577,165	175079
577,292	175439
577,420	175615
577,548	175938
577,676	176151
577,804	176295
577,932	176906
578,059	177031
578,187	177259
578,315	177415
578,443	177968
578,571	178247
578,699	178415
578,826	178762
578,954	178959
579,082	179203
579,210	179622
579,338	180038
579,466	180240
579,593	180442
579,721	180922
579,849	180855
579,977	181006
580,105	181384
580,233	181851
580,360	181991
580,488	182035
580,616	182261
580,744	182852
580,872	183230
581,000	183234
581,127	183263
581,255	183579
581,383	183802
581,511	183881
581,639	184434
581,767	184378
581,895	184861
582,022	185113
582,150	185359
582,278	185656
582,406	185877
582,534	185961
582,662	186696
582,789	186717
582,917	186889
583,045	187368
583,173	187494
583,301	187858
583,429	188157
583,556	188193
583,684	188303
583,812	188726
583,940	189169
584,068	189313
584,196	189506
584,323	189720
584,451	189983
584,579	190511
584,707	191010
584,835	191385
584,963	191549
585,090	191723
585,218	191859
585,346	192161
585,474	192699
585,602	192757
585,730	193282
585,857	193603
585,985	193780
586,113	194011
586,241	194301
586,369	194444
586,497	194805
586,624	194752
586,752	195272
586,880	195769
587,008	196081
587,136	196273
587,264	196594
587,391	196752
587,519	197250
587,647	197343
587,775	197765
587,903	198122
588,031	198125
588,158	198353
588,286	198926
588,414	198904
588,542	199280
588,670	199432
588,798	199745
588,925	199836
589,053	200003
589,181	200691
589,309	200556
589,437	201060
589,565	201116
589,693	201375
589,820	201648
589,948	201901
590,076	202392
590,204	202564
590,332	203383
590,460	203091
590,587	203277
590,715	203482
590,843	203695
590,971	204002
591,099	204359
591,227	204776
591,354	205200
591,482	205400
591,610	205537
591,738	205801
591,866	206231
591,994	206718
592,121	206723
592,249	207754
592,377	207448
592,505	207562
592,633	207552
592,761	207958
592,888	208394
593,016	208544
593,144	209084
593,272	209479
593,400	209733
593,528	209770
593,655	210087
593,783	210354
593,911	210892
594,039	211092
594,167	211654
594,295	211632
594,422	211879
594,550	212103
594,678	212454
594,806	212720
594,934	212854
595,062	213654
595,189	213958
595,317	213766
595,445	213816
595,573	214406
595,701	214934
595,829	215112
595,956	215428
596,084	216016
596,212	215888
596,340	216361
596,468	216442
596,596	216701
596,723	217275
596,851	217846
596,979	217837
597,107	218370
597,235	218334
597,363	218820
597,490	218987
597,618	219256
597,746	219630
597,874	219753
598,002	220077
598,130	220217
598,258	220638
598,385	220758
598,513	221163
598,641	221476
598,769	221708
598,897	221787
599,025	222270
599,152	222753
599,280	223004
599,408	223211
599,536	223587
599,664	223855
599,792	223963
599,919	224183
600,047	224898
600,175	225027
600,303	225331
600,431	225230
600,559	225466
600,686	225987
600,814	226449
600,942	226728
601,070	226741
601,198	227096
601,326	227511
601,453	227756
601,581	227824
601,709	227997
601,837	228471
601,965	228680
602,093	228948
602,220	229613
602,348	229724
602,476	229701
602,604	229963
602,732	230536
602,860	231044
602,987	231738
603,115	231402
603,243	231669
603,371	232157
603,499	232508
603,627	232803
603,754	233067
603,882	233045
604,010	233431
604,138	234070
604,266	234330
604,394	234697
604,521	234783
604,649	234986
604,777	235337
604,905	235677
605,033	236171
605,161	236443
605,288	236639
605,416	237092
605,544	237307
605,672	237427
605,800	237783
605,928	238238
606,056	238535
606,183	238945
606,311	239464
606,439	239897
606,567	239838
606,695	239697
606,823	240003
606,950	240526
607,078	240817
607,206	241204
607,334	241126
607,462	241631
607,590	242116
607,717	242361
607,845	242587
607,973	242860
608,101	242864
608,229	243547
608,357	243912
608,484	243943
608,612	244123
608,740	244517
608,868	244960
608,996	245288
609,124	245983
609,251	246087
609,379	246708
609,507	246861
609,635	247179
609,763	247520
609,891	247575
610,018	248173
610,146	248020
610,274	248506
610,402	249207
610,530	249441
610,658	249664
610,785	249991
610,913	250327
611,041	251015
611,169	250598
611,297	251310
611,425	251756
611,552	251841
611,680	252255
611,808	252644
611,936	252594
612,064	253255
612,192	253227
612,319	253818
612,447	254377
612,575	254325
612,703	254419
612,831	254923
612,959	255370
613,086	255112
613,214	255821
613,342	256399
613,470	256555
613,598	256241
613,726	256522
613,854	257109
613,981	257268
614,109	257349
614,237	257948
614,365	258571
614,493	258954
614,621	258949
614,748	259103
614,876	259411
615,004	259656
615,132	259893
615,260	260056
615,388	260254
615,515	260858
615,643	261240
615,771	261561
615,899	261444
616,027	261313
616,155	262446
616,282	262420
616,410	262469
616,538	262970
616,666	263562
616,794	263759
616,922	263662
617,049	263738
617,177	264312
617,305	264750
617,433	264615
617,561	265053
617,689	265219
617,816	265981
617,944	266505
618,072	266488
618,200	266614
618,328	267039
618,456	267671
618,583	267810
618,711	267783
618,839	268104
618,967	268405
619,095	268572
619,223	268746
619,350	268753
619,478	268955
619,606	269331
619,734	269733
619,862	270402
619,990	270797
620,117	271011
620,245	271266
620,373	271243
620,501	271546
620,629	271654
620,757	272052
620,884	272347
621,012	272309
621,140	272696
621,268	273482
621,396	273522
621,524	274016
621,651	274392
621,779	274491
621,907	274628
622,035	274882
622,163	275223
622,291	275450
622,419	275490
622,546	275968
622,674	276172
622,802	276784
622,930	276989
623,058	277101
623,186	277256
623,313	277407
623,441	277497
623,569	277678
623,697	278208
623,825	278356
623,953	278916
624,080	279424
624,208	279728
624,336	279866
624,464	279968
624,592	280255
624,720	281293
624,847	281314
624,975	280857
625,103	281145
625,231	281382
625,359	281775
625,487	282321
625,614	282557
625,742	282294
625,870	283150
625,998	283099
626,126	283613
626,254	283756
626,381	283510
626,509	283662
626,637	284358
626,765	284405
626,893	284477
627,021	285560
627,148	285642
627,276	285832
627,404	286081
627,532	286434
627,660	286772
627,788	286881
627,915	286964
628,043	287782
628,171	287796
628,299	287828
628,427	288262
628,555	288611
628,682	288682
628,810	288768
628,938	289247
629,066	289500
629,194	289914
629,322	289935
629,449	290576
629,577	291156
629,705	291572
629,833	291778
629,961	291746
630,089	292176
630,217	292581
630,344	292908
630,472	293254
630,600	293384
630,728	293369
630,856	293665
630,984	294241
631,111	294295
631,239	294891
631,367	294893
631,495	295117
631,623	295295
631,751	295677
631,878	296034
632,006	296194
632,134	296097
632,262	295530
632,390	296886
632,518	297193
632,645	297247
632,773	297045
632,901	297086
633,029	297592
633,157	298023
633,285	297771
633,412	298836
633,540	299243
633,668	298659
633,796	299103
633,924	299513
634,052	299276
634,179	299165
634,307	299683
634,435	299422
634,563	299713
634,691	300209
634,819	300535
634,946	300419
635,074	300390
635,202	300642
635,330	301065
635,458	301542
635,586	302231
635,713	302367
635,841	302733
635,969	302550
636,097	302707
636,225	302910
636,353	303259
636,480	303781
636,608	304129
636,736	304431
636,864	304829
636,992	304763
637,120	305057
637,247	305584
637,375	306010
637,503	306172
637,631	306253
637,759	306549
637,887	306341
638,015	306273
638,142	307018
638,270	307262
638,398	307132
638,526	307573
638,654	308099
638,782	307907
638,909	308157
639,037	308484
639,165	309167
639,293	309515
639,421	309668
639,549	309932
639,676	310238
639,804	310413
639,932	310481
640,060	310763
640,188	310976
640,316	311189
640,443	311502
640,571	312123
640,699	312203
640,827	312200
640,955	312621
641,083	313092
641,210	312863
641,338	313646
641,466	313916
641,594	314605
641,722	315138
641,850	315160
641,977	315057
642,105	315309
642,233	315830
642,361	315932
642,489	317085
642,617	316745
642,744	317401
642,872	317920
643,000	318283
643,128	318458
643,256	318544
643,384	318746
643,511	318635
643,639	319304
643,767	319010
643,895	319422
644,023	319808
644,151	320022
644,278	320281
644,406	320781
644,534	321325
644,662	321306
644,790	322322
644,918	322456
645,045	322497
645,173	322842
645,301	323186
645,429	323607
645,557	324109
645,685	324395
645,813	324485
645,940	324438
646,068	325067
646,196	325201
646,324	325077
646,452	325362
646,580	325704
646,707	325751
646,835	325848
646,963	326210
647,091	326728
647,219	327333
647,347	327334
647,474	327768
647,602	328026
647,730	328074
647,858	328186
647,986	328418
648,114	328762
648,241	329089
648,369	329972
648,497	330099
648,625	330009
648,753	330562
648,881	330966
649,008	330998
649,136	331453
649,264	331932
649,392	332369
649,520	332240
649,648	332625
649,775	332245
649,903	332654
650,031	333474
650,159	333968
650,287	333921
650,415	333607
650,542	334250
650,670	334828
650,798	334651
650,926	334401
651,054	335061
651,182	335734
651,309	336158
651,437	336550
651,565	336470
651,693	337728
651,821	337277
651,949	338335
652,076	338866
652,204	338882
652,332	338755
652,460	338944
652,588	339292
652,716	339314
652,843	340137
652,971	340267
653,099	340177
653,227	340599
653,355	340683
653,483	341242
653,611	341705
653,738	341824
653,866	342179
653,994	342057
654,122	342909
654,250	342564
654,378	343734
654,505	343964
654,633	344291
654,761	344720
654,889	345060
655,017	345367
655,145	345882
655,272	346331
655,400	346572
655,528	346199
655,656	346693
655,784	347251
655,912	347345
656,039	347463
656,167	348081
656,295	348612
656,423	347879
656,551	348680
656,679	349098
656,806	349342
656,934	349642
657,062	349828
657,190	349681
657,318	349626
657,446	350065
657,573	349918
657,701	350680
657,829	350578
657,957	350987
658,085	351106
658,213	351453
658,340	351701
658,468	351982
658,596	352429
658,724	353038
658,852	353153
658,980	353545
659,107	353797
659,235	353796
659,363	353971
659,491	354848
659,619	355664
659,747	355742
659,874	355214
660,002	356080
660,130	356053
660,258	356296
660,386	356054
660,514	356332
660,641	356884
660,769	356944
660,897	356677
661,025	356888
661,153	357665
661,281	358103
661,408	357763
661,536	357925
661,664	358346
661,792	358798
661,920	359210
662,048	359609
662,176	360029
662,303	360382
662,431	360551
662,559	361020
662,687	361233
662,815	361882
662,943	362576
663,070	362655
663,198	362528
663,326	362733
663,454	363235
663,582	363451
663,710	364157
663,837	363295
663,965	364583
664,093	364073
664,221	363868
664,349	364140
664,477	364635
664,604	365204
664,732	365074
664,860	364934
664,988	364953
665,116	364668
665,244	365333
665,371	365513
665,499	365830
665,627	366262
665,755	366696
665,883	367027
666,011	367478
666,138	368274
666,266	368377
666,394	368605
666,522	369585
666,650	369135
666,778	369408
666,905	369810
667,033	369923
667,161	369927
667,289	370101
667,417	370495
667,545	370324
667,672	370734
667,800	371013
667,928	371455
668,056	371526
668,184	371680
668,312	371854
668,439	372157
668,567	372378
668,695	372047
668,823	372610
668,951	373193
669,079	373673
669,206	373405
669,334	374058
669,462	374190
669,590	374505
669,718	374937
669,846	374773
669,974	375320
670,101	374827
670,229	376290
670,357	375695
670,485	376400
670,613	376874
670,741	377290
670,868	377785
670,996	378428
671,124	379477
671,252	379455
671,380	379442
671,508	380530
671,635	380550
671,763	380289
671,891	380803
672,019	381223
672,147	381782
672,275	381951
672,402	381494
672,530	381499
672,658	381766
672,786	381504
672,914	381245
673,042	381709
673,169	382166
673,297	381940
673,425	382419
673,553	382980
673,681	383122
673,809	383267
673,936	384124
674,064	384582
674,192	384845
674,320	384904
674,448	385127
674,576	385888
674,703	386406
674,831	386544
674,959	386766
675,087	386713
675,215	387036
675,343	387373
675,470	387402
675,598	387274
675,726	387784
675,854	388540
675,982	389496
676,110	390190
676,237	390743
676,365	390035
676,493	390147
676,621	389836
676,749	389656
676,877	390296
677,004	390950
677,132	391135
677,260	391684
677,388	391968
677,516	391974
677,644	392492
677,772	392735
677,899	394123
678,027	393358
678,155	393923
678,283	394339
678,411	394966
678,539	394965
678,666	395026
678,794	395300
678,922	395346
679,050	395576
679,178	395764
679,306	396399
679,433	396578
679,561	396907
679,689	396833
679,817	397062
679,945	397318
680,073	397235
680,200	397381
680,328	397867
680,456	398279
680,584	398853
680,712	399475
680,840	399792
680,967	400235
681,095	400348
681,223	400821
681,351	401162
681,479	401179
681,607	401741
681,734	401654
681,862	402085
681,990	402844
682,118	402258
682,246	402280
682,374	402698
682,501	402635
682,629	402904
682,757	403367
682,885	403653
683,013	403953
683,141	404553
683,268	404653
683,396	404678
683,524	405361
683,652	405114
683,780	405278
683,908	405224
684,035	405332
684,163	406037
684,291	406319
684,419	406141
684,547	405928
684,675	406623
684,802	406460
684,930	406380
685,058	406628
685,186	406923
685,314	406781
685,442	406368
685,570	406931
685,697	406678
685,825	407580
685,953	406947
686,081	407924
686,209	408278
686,337	408789
686,464	408667
686,592	408953
686,720	409849
686,848	410279
686,976	410247
687,104	410083
687,231	410745
687,359	410862
687,487	410721
687,615	411015
687,743	411220
687,871	411265
687,998	411540
688,126	411714
688,254	411588
688,382	411771
688,510	412045
688,638	412434
688,765	412653
688,893	412869
689,021	413389
689,149	413368
689,277	413575
689,405	413949
689,532	414172
689,660	414036
689,788	414874
689,916	415433
690,044	415967
690,172	416195
690,299	416101
690,427	416124
690,555	416198
690,683	416249
690,811	416437
690,939	416199
691,066	416302
691,194	416748
691,322	416807
691,450	416551
691,578	416950
691,706	416804
691,833	417197
691,961	417487
692,089	417695
692,217	418013
692,345	418486
692,473	418756
692,600	418558
692,728	418664
692,856	418498
692,984	418800
693,112	418627
693,240	419018
693,367	419399
693,495	419617
693,623	419906
693,751	420185
693,879	420634
694,007	421080
694,135	421249
694,262	421930
694,390	422376
694,518	422125
694,646	422486
694,774	422909
694,902	422766
695,029	423707
695,157	424170
695,285	424087
695,413	424219
695,541	424275
695,669	424641
695,796	424714
695,924	424731
696,052	424906
696,180	424936
696,308	425588
696,436	425744
696,563	425667
696,691	425939
696,819	426485
696,947	426598
697,075	427289
697,203	427449
697,330	428236
697,458	428004
697,586	428238
697,714	428593
697,842	428871
697,970	429349
698,097	429606
698,225	429832
698,353	430230
698,481	430543
698,609	430603
698,737	431125
698,864	431551
698,992	431523
699,120	431823
699,248	432030
699,376	432042
699,504	432030
699,631	432405
699,759	432444
699,887	432563
700,015	433234
700,143	433639
700,271	433957
700,398	434209
700,526	434921
700,654	435541
700,782	436284
700,910	436826
701,038	437356
701,165	437962
701,293	437942
701,421	438848
701,549	438716
701,677	438830
701,805	438875
701,933	438760
702,060	438912
702,188	438484
702,316	438144
702,444	438609
702,572	439041
702,700	438549
702,827	438903
702,955	439225
703,083	439797
703,211	439955
703,339	439864
703,467	440390
703,594	440852
703,722	441581
703,850	442438
703,978	442780
704,106	443304
704,234	444160
704,361	444710
704,489	445178
704,617	445498
704,745	445838
704,873	446244
705,001	446113
705,128	446000
705,256	446302
705,384	446582
705,512	446596
705,640	446397
705,768	446202
705,895	445630
706,023	446204
706,151	446265
706,279	446817
706,407	446904
706,535	447215
706,662	447635
706,790	447593
706,918	447808
707,046	447506
707,174	448318
707,302	448091
707,429	448286
707,557	448458
707,685	448739
707,813	448815
707,941	449212
708,069	449656
708,196	450234
708,324	450357
708,452	450869
708,580	451359
708,708	452109
708,836	452820
708,963	453584
709,091	454249
709,219	455038
709,347	455507
709,475	455614
709,603	455962
709,731	456591
709,858	457045
709,986	457342
710,114	457442
710,242	457383
710,370	457129
710,498	457315
710,625	457220
710,753	457571
710,881	457504
711,009	457520
711,137	457562
711,265	457724
711,392	457944
711,520	457903
711,648	458159
711,776	457804
711,904	457945
712,032	457894
712,159	457870
712,287	458177
712,415	458463
712,543	458793
712,671	459184
712,799	459075
712,926	459704
713,054	460046
713,182	460133
713,310	460328
713,438	460923
713,566	461586
713,693	462027
713,821	463016
713,949	462870
714,077	463515
714,205	463614
714,333	464089
714,460	464606
714,588	465304
714,716	465875
714,844	465914
714,972	465859
715,100	465397
715,227	466269
715,355	465885
715,483	466105
715,611	465888
715,739	465962
715,867	466156
715,994	465942
716,122	465586
716,250	465880
716,378	465786
716,506	466113
716,634	465833
716,761	465739
716,889	465910
717,017	465950
717,145	466170
717,273	466839
717,401	467797
717,529	467483
717,656	467445
717,784	467872
717,912	468767
718,040	469208
718,168	469385
718,296	469878
718,423	470132
718,551	470769
718,679	470754
718,807	471751
718,935	471801
719,063	472096
719,190	472605
719,318	473017
719,446	473334
719,574	474075
719,702	474156
719,830	474257
719,957	474523
720,085	474515
720,213	474824
720,341	474972
720,469	475135
720,597	475149
720,724	475140
720,852	475385
720,980	474871
721,108	475516
721,236	475925
721,364	474767
721,491	474770
721,619	474734
721,747	474589
721,875	475041
722,003	474810
722,131	475171
722,258	474558
722,386	474970
722,514	475285
722,642	476167
722,770	476392
722,898	476791
723,025	477677
723,153	478039
723,281	478450
723,409	478545
723,537	479586
723,665	479762
723,792	480709
723,920	480842
724,048	481103
724,176	481472
724,304	481388
724,432	481507
724,559	482030
724,687	481969
724,815	481337
724,943	481818
725,071	480868
725,199	480658
725,326	480769
725,454	481034
725,582	481906
725,710	482381
725,838	481763
725,966	482351
726,094	482350
726,221	481704
726,349	481305
726,477	481235
726,605	481458
726,733	481669
726,861	482191
726,988	483164
727,116	483890
727,244	484479
727,372	485824
727,500	485850
727,628	485709
727,755	486050
727,883	486393
728,011	486266
728,139	485913
728,267	486031
728,395	485872
728,522	485556
728,650	484741
728,778	484314
728,906	484078
729,034	483875
729,162	484016
729,289	484739
729,417	485088
729,545	486274
729,673	486232
729,801	486573
729,929	487167
730,056	488022
730,184	488600
730,312	489182
730,440	490325
730,568	490863
730,696	491478
730,823	491665
730,951	492282
731,079	492232
731,207	492077
731,335	491959
731,463	492334
731,590	492243
731,718	490673
731,846	490473
731,974	490775
732,102	491637
732,230	490406
732,357	489865
732,485	489461
732,613	489468
732,741	489626
732,869	489922
732,997	490322
733,124	490696
733,252	492784
733,380	493212
733,508	493931
733,636	493621
733,764	493397
733,892	493633
734,019	494587
734,147	495546
734,275	495941
734,403	496399
734,531	496575
734,659	496834
734,786	497113
734,914	497715
735,042	498025
735,170	497939
735,298	497671
735,426	497423
735,553	497407
735,681	497979
735,809	497794
735,937	497437
736,065	496845
736,193	496747
736,320	496681
736,448	495929
736,576	495252
736,704	495196
736,832	494680
736,960	494655
737,087	493675
737,215	495086
737,343	495087
737,471	495022
737,599	494911
737,727	494910
737,854	494681
737,982	494414
738,110	494827
738,238	494579
738,366	495545
738,494	494914
738,621	495624
738,749	496260
738,877	496821
739,005	497435
739,133	498085
739,261	498563
739,388	498617
739,516	499803
739,644	500554
739,772	500939
739,900	501271
740,028	501290
740,155	501542
740,283	501421
740,411	501189
740,539	501232
740,667	501088
740,795	500733
740,922	500470
741,050	500377
741,178	499710
741,306	499366
741,434	499081
741,562	499158
741,690	499295
741,817	499099
741,945	498875
742,073	499263
742,201	498913
742,329	499598
742,457	498082
742,584	498363
742,712	498166
742,840	498466
742,968	498874
743,096	499014
743,224	499017
743,351	498532
743,479	498262
743,607	498682
743,735	499746
743,863	500373
743,991	500813
744,118	501268
744,246	502169
744,374	503234
744,502	503922
744,630	504108
744,758	503651
744,885	506009
745,013	506181
745,141	505976
745,269	506422
745,397	507070
745,525	507360
745,652	507087
745,780	506941
745,908	507298
746,036	506652
746,164	506057
746,292	506162
746,419	506203
746,547	505467
746,675	505281
746,803	504983
746,931	504481
747,059	503908
747,186	503277
747,314	502593
747,442	501758
747,570	502026
747,698	501408
747,826	501581
747,953	500475
748,081	500483
748,209	500930
748,337	501504
748,465	501854
748,593	501430
748,720	501366
748,848	502472
748,976	503354
749,104	504137
749,232	504540
749,360	504936
749,487	505713
749,615	506329
749,743	506739
749,871	507218
749,999	507576
750,127	507883
750,255	508441
750,382	508048
750,510	508480
750,638	507608
750,766	506740
750,894	506023
751,022	505648
751,149	505902
751,277	506128
751,405	505037
751,533	504510
751,661	504954
751,789	504166
751,916	504187
752,044	504030
752,172	503497
752,300	503449
752,428	503115
752,556	502261
752,683	502100
752,811	502490
752,939	501663
753,067	501861
753,195	501551
753,323	502331
753,450	502598
753,578	502946
753,706	504137
753,834	504837
753,962	504503
754,090	504739
754,217	505597
754,345	506242
754,473	507670
754,601	508384
754,729	508326
754,857	508567
754,984	509108
755,112	509112
755,240	508633
755,368	508083
755,496	507264
755,624	506195
755,751	505716
755,879	504564
756,007	504420
756,135	504413
756,263	504104
756,391	503688
756,518	503007
756,646	503132
756,774	503877
756,902	503459
757,030	503350
757,158	503104
757,285	505284
757,413	504664
757,541	505317
757,669	505166
757,797	505434
757,925	505697
758,053	505816
758,180	506234
758,308	506580
758,436	505902
758,564	506538
758,692	507110
758,820	508756
758,947	508919
759,075	508948
759,203	508884
759,331	509393
759,459	510044
759,587	510367
759,714	510687
759,842	510612
759,970	508955
760,098	509453
760,226	509875
760,354	509199
760,481	509021
760,609	508594
760,737	508327
760,865	507896
760,993	507393
761,121	507134
761,248	506174
761,376	505087
761,504	505581
761,632	506280
761,760	504824
761,888	504585
762,015	504632
762,143	504774
762,271	504639
762,399	504463
762,527	504437
762,655	504216
762,782	504910
762,910	506164
763,038	507070
763,166	508016
763,294	508705
763,422	509437
763,549	509642
763,677	509688
763,805	509768
763,933	509656
764,061	509284
764,189	509046
764,316	509627
764,444	509121
764,572	510102
764,700	511232
764,828	511848
764,956	512390
765,083	512906
765,211	512687
765,339	511901
765,467	510810
765,595	509166
765,723	509157
765,851	507363
765,978	505831
766,106	505871
766,234	505402
766,362	504950
766,490	504870
766,618	504718
766,745	505021
766,873	505601
767,001	505554
767,129	505825
767,257	506476
767,385	506707
767,512	506525
767,640	506987
767,768	507555
767,896	507808
768,024	508606
768,152	509034
768,279	508981
768,407	509315
768,535	510022
768,663	510340
768,791	509379
768,919	510443
769,046	510049
769,174	510072
769,302	509334
769,430	509911
769,558	510000
769,686	509261
769,813	508723
769,941	508424
770,069	507730
770,197	507597
770,325	507062
770,453	505974
770,580	505629
770,708	504727
770,836	503783
770,964	503322
771,092	502865
771,220	502166
771,347	502193
771,475	502764
771,603	502137
771,731	502593
771,859	502205
771,987	500681
772,114	501070
772,242	501200
772,370	501269
772,498	501576
772,626	502481
772,754	502949
772,881	503172
773,009	503939
773,137	504352
773,265	504340
773,393	504986
773,521	505091
773,649	505988
773,776	504982
773,904	504749
774,032	505190
774,160	504889
774,288	504556
774,416	504351
774,543	504048
774,671	504242
774,799	504273
774,927	502984
775,055	502432
775,183	502509
775,310	501864
775,438	501994
775,566	501332
775,694	499975
775,822	499332
775,950	499086
776,077	498357
776,205	497689
776,333	497329
776,461	497310
776,589	497213
776,717	495942
776,844	497103
776,972	496931
777,100	497328
777,228	497363
777,356	497348
777,484	497176
777,611	496517
777,739	496090
777,867	496019
777,995	496143
778,123	495328
778,251	498103
778,378	497945
778,506	498951
778,634	498723
778,762	499299
778,890	499067
779,018	498657
779,145	498882
779,273	498883
779,401	497980
779,529	496814
779,657	496582
779,785	497109
779,912	495696
780,040	496249
780,168	496178
780,296	497278
780,424	496972
780,552	496446
780,679	496290
780,807	495920
780,935	495620
781,063	494650
781,191	493973
781,319	493368
781,447	493713
781,574	493424
781,702	493068
781,830	492244
781,958	491706
782,086	491787
782,214	491791
782,341	491494
782,469	491121
782,597	490131
782,725	489972
782,853	490952
782,981	491173
783,108	490051
783,236	490289
783,364	490353
783,492	490511
783,620	491306
783,748	491499
783,875	491333
784,003	491864
784,131	492875
784,259	493366
784,387	493357
784,515	494264
784,642	494093
784,770	493833
784,898	494432
785,026	494771
785,154	494918
785,282	494369
785,409	494238
785,537	494560
785,665	494253
785,793	493312
785,921	492646
786,049	492396
786,176	492854
786,304	492941
786,432	493401
786,560	492541
786,688	491514
786,816	491032
786,943	490647
787,071	489560
787,199	488671
787,327	488010
787,455	487415
787,583	487617
787,710	486887
787,838	486562
787,966	486911
788,094	487393
788,222	486982
788,350	486095
788,477	486595
788,605	486526
788,733	486448
788,861	486979
788,989	487500
789,117	487444
789,244	486816
789,372	486570
789,500	487577
789,628	487536
789,756	488026
789,884	488997
790,012	488450
790,139	489485
790,267	489525
790,395	489344
790,523	489290
790,651	489559
790,779	490052
790,906	489610
791,034	488811
791,162	489039
791,290	488866
791,418	488245
791,546	489440
791,673	489567
791,801	489211
791,929	490003
792,057	490144
792,185	490446
792,313	489649
792,440	488553
792,568	487902
792,696	486676
792,824	485784
792,952	486306
793,080	486280
793,207	486112
793,335	485312
793,463	485849
793,591	485575
793,719	485367
793,847	484803
793,974	485279
794,102	485073
794,230	484591
794,358	484361
794,486	484407
794,614	485145
794,741	485169
794,869	484280
794,997	484085
795,125	485411
795,253	485075
795,381	486037
795,508	485840
795,636	485377
795,764	484118
795,892	484204
796,020	485474
796,148	485897
796,275	486418
796,403	485911
796,531	485904
796,659	485762
796,787	485550
796,915	485416
797,042	486047
797,170	486247
797,298	486189
797,426	486235
797,554	486659
797,682	486389
797,810	485791
797,937	485810
798,065	485726
798,193	486382
798,321	486365
798,449	487003
798,577	486712
798,704	486306
798,832	486088
798,960	485128
799,088	485368
799,216	485189
799,344	484481
799,471	484274
799,599	484535
799,727	484396
799,855	483614
799,983	482954
800,111	482717
800,238	482577
800,366	482609
800,494	482371
800,622	481695
800,750	481447
800,878	480497
801,005	480883
801,133	480911
801,261	479951
801,389	479808
801,517	480416
801,645	480476
801,772	480924
801,900	481859
802,028	480489
802,156	481484
802,284	481295
802,412	480400
802,539	480402
802,667	478713
802,795	479715
802,923	480488
803,051	480533
803,179	479789
803,306	479271
803,434	478894
803,562	478218
803,690	478690
803,818	479178
803,946	478109
804,073	477724
804,201	478366
804,329	476820
804,457	476539
804,585	476817
804,713	476935
804,840	477485
804,968	477859
805,096	477461
805,224	476772
805,352	476712
805,480	475754
805,608	476420
805,735	476564
805,863	475909
805,991	475520
806,119	474881
806,247	476190
806,375	475822
806,502	475327
806,630	474639
806,758	475374
806,886	475314
807,014	474867
807,142	474866
807,269	474872
807,397	474585
807,525	475008
807,653	473797
807,781	474172
807,909	474400
808,036	473495
808,164	473974
808,292	473220
808,420	473342
808,548	472922
808,676	472432
808,803	472365
808,931	472516
809,059	472312
809,187	471692
809,315	472048
809,443	471531
809,570	471316
809,698	471807
809,826	470987
809,954	471335
810,082	470994
810,210	471006
810,337	471355
810,465	471191
810,593	470642
810,721	471204
810,849	471184
810,977	470568
811,104	470234
811,232	470179
811,360	469826
811,488	469965
811,616	470120
811,744	469884
811,871	470108
811,999	469443
812,127	470105
812,255	470370
812,383	469544
812,511	469168
812,638	469309
812,766	469413
812,894	469287
813,022	469315
813,150	469190
813,278	469111
813,406	468786
813,533	468568
813,661	468981
813,789	468545
813,917	468650
814,045	468745
814,173	468402
814,300	468225
814,428	468835
814,556	468605
814,684	468466
814,812	468431
814,940	468557
815,067	468464
815,195	468205
815,323	468252
815,451	468293
815,579	468088
815,707	468077
815,834	468309
815,962	468688
816,090	468661
816,218	467743
816,346	468303
816,474	467772
816,601	467566
816,729	468364
816,857	468502
816,985	468026
817,113	468289
817,241	468530
817,368	468285
817,496	468199
817,624	467985
817,752	468198
817,880	468023
818,008	468101
818,135	467434
818,263	467085
818,391	466945
818,519	466669
818,647	466953
818,775	466898
818,902	466807
819,030	466844
819,158	466647
819,286	466391
819,414	466171
819,542	465792
819,669	465484
819,797	465829
819,925	465545
820,053	465345
820,181	465783
820,309	465012
820,436	465040
820,564	465278
820,692	464740
820,820	464870
820,948	464902
821,076	464670
821,203	465046
821,331	465060
821,459	465010
821,587	465020
821,715	465130
821,843	465456
821,971	465327
822,098	465110
822,226	465117
822,354	465138
822,482	465672
822,610	465412
822,738	465593
822,865	465612
822,993	465570
823,121	465348
823,249	465023
823,377	464751
823,505	464374
823,632	464406
823,760	464414
823,888	463590
824,016	463283
824,144	462689
824,272	462305
824,399	463047
824,527	462278
824,655	461867
824,783	461968
824,911	461560
825,039	461187
825,166	461439
825,294	461473
825,422	461575
825,550	461414
825,678	460793
825,806	461281
825,933	461361
826,061	461110
826,189	461568
826,317	462087
826,445	461932
826,573	461924
826,700	461874
826,828	462498
826,956	462737
827,084	462916
827,212	463166
827,340	462978
827,467	463481
827,595	463519
827,723	463164
827,851	463469
827,979	463341
828,107	462760
828,234	462337
828,362	462906
828,490	462463
828,618	462282
828,746	462316
828,874	462040
829,001	462662
829,129	462096
829,257	461556
829,385	460986
829,513	461049
829,641	461558
829,769	460853
829,896	460684
830,024	460222
830,152	459775
830,280	460107
830,408	459726
830,536	459518
830,663	459465
830,791	459305
830,919	459412
831,047	459053
831,175	458325
831,303	458329
831,430	458353
831,558	458182
831,686	458400
831,814	458279
831,942	457994
832,070	457706
832,197	457955
832,325	458142
832,453	458364
832,581	458184
832,709	458266
832,837	458377
832,964	458467
833,092	458907
833,220	459108
833,348	458772
833,476	458903
833,604	459019
833,731	459357
833,859	459648
833,987	459855
834,115	460047
834,243	460415
834,371	460776
834,498	461570
834,626	462070
834,754	462640
834,882	462838
835,010	462655
835,138	462915
835,265	463189
835,393	463230
835,521	463108
835,649	462623
835,777	462091
835,905	462301
836,032	462319
836,160	460919
836,288	461129
836,416	461115
836,544	460501
836,672	460257
836,799	460316
836,927	460455
837,055	460250
837,183	460244
837,311	459000
837,439	458561
837,567	458434
837,694	458663
837,822	458392
837,950	457718
838,078	457195
838,206	456742
838,334	456338
838,461	456128
838,589	455859
838,717	455782
838,845	455524
838,973	455453
839,101	455790
839,228	456171
839,356	456336
839,484	456157
839,612	456001
839,740	456635
839,868	456824
839,995	457229
840,123	457737
840,251	458363
840,379	458240
840,507	458689
840,635	459412
840,762	459321
840,890	459000
841,018	458746
841,146	458820
841,274	458932
841,402	458923
841,529	458979
841,657	459858
841,785	459674
841,913	459926
842,041	459482
842,169	459584
842,296	459628
842,424	459511
842,552	459851
842,680	459816
842,808	459859
842,936	459477
843,063	459155
843,191	459672
843,319	459620
843,447	459237
843,575	459920
843,703	459551
843,830	459300
843,958	458836
844,086	458360
844,214	457786
844,342	457263
844,470	456201
844,597	455488
844,725	455038
844,853	454550
844,981	454907
845,109	453819
845,237	453959
845,365	453190
845,492	452902
845,620	452596
845,748	452573
845,876	451833
846,004	451027
846,132	450775
846,259	450978
846,387	451207
846,515	450893
846,643	450577
846,771	451117
846,899	452029
847,026	453477
847,154	454219
847,282	454807
847,410	456185
847,538	456529
847,666	456195
847,793	455318
847,921	454246
848,049	454010
848,177	455004
848,305	456106
848,433	457279
848,560	458226
848,688	458463
848,816	458414
848,944	458090
849,072	457417
849,200	457368
849,327	456623
849,455	455192
849,583	454225
849,711	453638
849,839	453131
849,967	451834
850,094	450872
850,222	450625
850,350	449180
850,478	448909
850,606	447913
850,734	447636
850,861	447911
850,989	448316
851,117	448589
851,245	449376
851,373	450653
851,501	451103
851,628	451862
851,756	452500
851,884	454017
852,012	454239
852,140	455073
852,268	456061
852,395	457390
852,523	457806
852,651	458420
852,779	459190
852,907	459726
853,035	459879
853,162	460093
853,290	460741
853,418	460402
853,546	459980
853,674	459261
853,802	459231
853,930	458945
854,057	458846
854,185	457372
854,313	455684
854,441	454280
854,569	452968
854,697	451714
854,824	450157
854,952	449088
855,080	448071
855,208	447876
855,336	447507
855,464	446394
855,591	446749
855,719	446196
855,847	445357
855,975	445171
856,103	445146
856,231	445170
856,358	445267
856,486	445055
856,614	444873
856,742	444662
856,870	445199
856,998	445254
857,125	445497
857,253	446386
857,381	448015
857,509	448696
857,637	449150
857,765	450023
857,892	450964
858,020	451734
858,148	452387
858,276	453442
858,404	455242
858,532	455906
858,659	456621
858,787	457334
858,915	458442
859,043	458968
859,171	460380
859,299	461108
859,426	460664
859,554	460983
859,682	461170
859,810	461119
859,938	461369
860,066	461077
860,193	461383
860,321	462166
860,449	461243
860,577	461807
860,705	461813
860,833	460414
860,960	459493
861,088	457913
861,216	456430
861,344	454091
861,472	452163
861,600	450802
861,728	449576
861,855	448817
861,983	448170
862,111	448089
862,239	447248
862,367	446122
862,495	445981
862,622	445256
862,750	444057
862,878	443639
863,006	443296
863,134	443485
863,262	443757
863,389	443863
863,517	443703
863,645	443255
863,773	443276
863,901	443374
864,029	443069
864,156	443891
864,284	444318
864,412	444227
864,540	443702
864,668	443957
864,796	444287
864,923	445499
865,051	446458
865,179	447068
865,307	448666
865,435	450550
865,563	451410
865,690	452874
865,818	454002
865,946	455672
866,074	456078
866,202	456775
866,330	458532
866,457	459085
866,585	460086
866,713	460129
866,841	459704
866,969	460334
867,097	461193
867,224	462014
867,352	463311
867,480	464195
867,608	464456
867,736	464378
867,864	463775
867,991	464725
868,119	464852
868,247	464179
868,375	463504
868,503	462768
868,631	461362
868,758	460303
868,886	459709
869,014	459053
869,142	458135
869,270	456912
869,398	455209
869,526	453379
869,653	451800
869,781	449722
869,909	448338
870,037	446296
870,165	445875
870,293	444176
870,420	443417
870,548	442606
870,676	441414
870,804	440718
870,932	440685
871,060	440118
871,187	439568
871,315	440265
871,443	440002
871,571	439875
871,699	441952
871,827	445059
871,954	446029
872,082	447333
872,210	447041
872,338	447188
872,466	447976
872,594	448535
872,721	449545
872,849	450665
872,977	451499
873,105	452148
873,233	452341
873,361	452335
873,488	453400
873,616	454046
873,744	456076
873,872	456789
874,000	458336
874,128	459307
874,255	460334
874,383	461964
874,511	462074
874,639	462141
874,767	462007
874,895	461486
875,022	460780
875,150	459499
875,278	457748
875,406	456488
875,534	455216
875,662	454360
875,789	451747
875,917	448961
876,045	446662
876,173	444654
876,301	441482
876,429	438862
876,556	437168
876,684	435564
876,812	434425
876,940	433343
877,068	432474
877,196	432498
877,323	432522
877,451	431880
877,579	432325
877,707	433736
877,835	437142
877,963	436992
878,091	439020
878,218	440976
878,346	442015
878,474	442801
878,602	442520
878,730	442977
878,858	442538
878,985	442652
879,113	444107
879,241	444585
879,369	443710
879,497	443647
879,625	444460
879,752	445269
879,880	445756
880,008	445975
880,136	447320
880,264	449847
880,392	449791
880,519	451102
880,647	452583
880,775	452794
880,903	453886
881,031	455195
881,159	455306
881,286	454758
881,414	454679
881,542	454769
881,670	453646
881,798	451517
881,926	448981
882,053	446731
882,181	445465
882,309	446210
882,437	446764
882,565	446770
882,693	445872
882,820	443977
882,948	442342
883,076	441287
883,204	438464
883,332	435027
883,460	432025
883,587	428709
883,715	426275
883,843	424971
883,971	425240
884,099	426469
884,227	425705
884,354	426905
884,482	428076
884,610	430576
884,738	431732
884,866	433380
884,994	434956
885,121	434287
885,249	431776
885,377	428991
885,505	427092
885,633	425774
885,761	425599
885,889	426845
886,016	427287
886,144	429254
886,272	431806
886,400	436040
886,528	439721
886,656	443178
886,783	444623
886,911	446834
887,039	447174
887,167	447355
887,295	447589
887,423	448168
887,550	448302
887,678	447464
887,806	446799
887,934	445588
888,062	443659
888,190	443191
888,317	442478
888,445	442011
888,573	440180
888,701	439188
888,829	437457
888,957	435159
889,084	434107
889,212	432266
889,340	431421
889,468	429370
889,596	427707
889,724	425495
889,851	424468
889,979	424274
890,107	423043
890,235	421232
890,363	420032
890,491	418511
890,618	416439
890,746	415826
890,874	415623
891,002	415284
891,130	414207
891,258	413686
891,385	414353
891,513	415427
891,641	415027
891,769	415484
891,897	415378
892,025	416053
892,152	415547
892,280	415498
892,408	416678
892,536	418330
892,664	419948
892,792	421097
892,919	422584
893,047	425292
893,175	430508
893,303	432303
893,431	434132
893,559	437027
893,687	438783
893,814	440139
893,942	440102
894,070	440586
894,198	441113
894,326	440978
894,454	440206
894,581	439836
894,709	439595
894,837	440155
894,965	441081
895,093	441321
895,221	440916
895,348	439871
895,476	438932
895,604	436799
895,732	436054
895,860	435806
895,988	434026
896,115	429259
896,243	424737
896,371	418153
896,499	413196
896,627	410633
896,755	409333
896,882	408984
897,010	409092
897,138	408273
897,266	407218
897,394	406165
897,522	405287
897,649	405281
897,777	405072
897,905	404596
898,033	405464
898,161	405909
898,289	405080
898,416	404665
898,544	404629
898,672	405119
898,800	405920
898,928	408886
899,056	411761
899,183	413441
899,311	415776
899,439	419324
899,567	422016
899,695	424527
899,823	427046
899,950	429075
900,078	429863
900,206	429823
900,334	428842
900,462	426776
900,590	425886
900,717	425244
900,845	426434
900,973	427715
901,101	428371
901,229	428592
901,357	431998
901,485	433472
901,612	435075
901,740	435371
901,868	436224
901,996	437386
902,124	437436
902,252	437615
902,379	437516
902,507	437462
902,635	438191
902,763	439031
902,891	438730
903,019	437627
903,146	437213
903,274	436935
903,402	436281
903,530	434542
903,658	432720
903,786	430107
903,913	428722
904,041	428298
904,169	425741
904,297	418718
904,425	411106
904,553	402564
904,680	397896
904,808	395330
904,936	393979
905,064	394098
905,192	394822
905,320	395726
905,447	395922
905,575	394952
905,703	393089
905,831	390819
905,959	390413
906,087	389966
906,214	389331
906,342	389086
906,470	390424
906,598	390027
906,726	390752
906,854	392602
906,981	393677
907,109	395896
907,237	398086
907,365	403351
907,493	407808
907,621	411556
907,748	414720
907,876	417365
908,004	417752
908,132	415129
908,260	410927
908,388	405453
908,515	400615
908,643	399774
908,771	401149
908,899	405295
909,027	408546
909,155	412315
909,283	415449
909,410	415912
909,538	418893
909,666	421815
909,794	425480
909,922	425488
910,050	426872
910,177	426951
910,305	426251
910,433	426186
910,561	425388
910,689	422458
910,817	417446
910,944	411884
911,072	407547
911,200	404051
911,328	402647
911,456	406017
911,584	410639
911,711	413724
911,839	413823
911,967	413132
912,095	411579
912,223	405742
912,351	400673
912,478	395285
912,606	390198
912,734	388234
912,862	386793
912,990	384793
913,118	381416
913,245	379151
913,373	375787
913,501	373510
913,629	371207
913,757	370003
913,885	370426
914,012	370991
914,140	371563
914,268	371121
914,396	370776
914,524	371510
914,652	371376
914,779	370909
914,907	370950
915,035	370769
915,163	370663
915,291	372248
915,419	374883
915,546	373172
915,674	374536
915,802	373254
915,930	372750
916,058	372018
916,186	372514
916,313	372572
916,441	373086
916,569	373197
916,697	374931
916,825	375689
916,953	375650
917,080	376811
917,208	379125
917,336	381990
917,464	384548
917,592	386594
917,720	388772
917,848	388329
917,975	385937
918,103	382272
918,231	380248
918,359	379487
918,487	378500
918,615	378005
918,742	379196
918,870	380659
918,998	380802
919,126	383070
919,254	382524
919,382	382387
919,509	380868
919,637	379652
919,765	378606
919,893	377847
920,021	377409
920,149	378909
920,276	381606
920,404	383807
920,532	385902
920,660	386691
920,788	386230
920,916	385546
921,043	384036
921,171	380465
921,299	375355
921,427	371163
921,555	368358
921,683	371329
921,810	375658
921,938	379397
922,066	382671
922,194	382128
922,322	379795
922,450	374777
922,577	370663
922,705	371278
922,833	373039
922,961	374115
923,089	375413
923,217	375477
923,344	375816
923,472	375864
923,600	377192
923,728	378203
923,856	379457
923,984	380349
924,111	381989
924,239	382863
924,367	382954
924,495	381570
924,623	379752
924,751	379372
924,878	378986
925,006	379993
925,134	380008
925,262	379915
925,390	377986
925,518	377030
925,646	375994
925,773	372923
925,901	367898
926,029	362925
926,157	355698
926,285	349440
926,413	344877
926,540	341699
926,668	340012
926,796	340231
926,924	341232
927,052	342648
927,180	340379
927,307	336146
927,435	332728
927,563	329795
927,691	328590
927,819	328842
927,947	329362
928,074	330421
928,202	331597
928,330	333109
928,458	335077
928,586	336493
928,714	336398
928,841	336371
928,969	336669
929,097	335865
929,225	335566
929,353	334272
929,481	333905
929,608	336972
929,736	341095
929,864	343606
929,992	343632
930,120	342389
930,248	342041
930,375	344049
930,503	346456
930,631	348116
930,759	349642
930,887	350393
931,015	350266
931,142	350766
931,270	350989
931,398	351280
931,526	351030
931,654	350912
931,782	352237
931,909	352829
932,037	352505
932,165	352406
932,293	352261
932,421	351298
932,549	350996
932,676	350998
932,804	350970
932,932	350967
933,060	350558
933,188	349247
933,316	350227
933,444	351902
933,571	352518
933,699	353241
933,827	353971
933,955	353555
934,083	354314
934,211	353781
934,338	353214
934,466	351935
934,594	351676
934,722	349887
934,850	347943
934,978	345674
935,105	343656
935,233	341513
935,361	339396
935,489	337833
935,617	335782
935,745	333272
935,872	329892
936,000	326304
936,128	323484
936,256	320637
936,384	317427
936,512	314667
936,639	313058
936,767	312523
936,895	312627
937,023	314013
937,151	315796
937,279	318488
937,406	321212
937,534	324233
937,662	325676
937,790	327254
937,918	327751
938,046	329020
938,173	330576
938,301	333348
938,429	334972
938,557	336121
938,685	337032
938,813	339463
938,940	342279
939,068	345328
939,196	348404
939,324	350275
939,452	351544
939,580	352010
939,707	353161
939,835	354570
939,963	355799
940,091	356535
940,219	356082
940,347	355228
940,474	354428
940,602	352931
940,730	350985
940,858	349618
940,986	348037
941,114	345738
941,241	342726
941,369	340012
941,497	336244
941,625	332319
941,753	327742
941,881	323520
942,009	319466
942,136	315734
942,264	311817
942,392	308659
942,520	305550
942,648	302562
942,776	299405
942,903	297192
943,031	295833
943,159	294948
943,287	294761
943,415	294803
943,543	296027
943,670	297364
943,798	298316
943,926	299416
944,054	299606
944,182	299896
944,310	299886
944,437	300372
944,565	300440
944,693	301296
944,821	301846
944,949	301583
945,077	300836
945,204	300627
945,332	300784
945,460	301778
945,588	304089
945,716	305448
945,844	307654
945,971	310685
946,099	314265
946,227	318671
946,355	323380
946,483	326518
946,611	328862
946,738	330862
946,866	332277
946,994	333834
947,122	335713
947,250	337044
947,378	339033
947,505	341436
947,633	343078
947,761	344286
947,889	344812
948,017	345395
948,145	346719
948,272	346773
948,400	346833
948,528	347303
948,656	346798
948,784	346265
948,912	345513
949,039	344986
949,167	344760
949,295	344636
949,423	344241
949,551	344547
949,679	344809
949,807	345435
949,934	343558
950,062	342453
950,190	339938
950,318	337722
950,446	335978
950,574	336505
950,701	335040
950,829	333113
950,957	331263
951,085	328390
951,213	325374
951,341	322039
951,468	318978
951,596	316310
951,724	314116
951,852	312539
951,980	311462
952,108	309455
952,235	307870
952,363	305441
952,491	302329
952,619	299830
952,747	296668
952,875	294044
953,002	291632
953,130	288983
953,258	286142
953,386	283385
953,514	281070
953,642	279553
953,769	278654
953,897	277947
954,025	277787
954,153	278267
954,281	278802
954,409	279805
954,536	281710
954,664	283926
954,792	285781
954,920	287535
955,048	289103
955,176	291040
955,303	293545
955,431	296726
955,559	300257
955,687	302877
955,815	304143
955,943	304484
956,070	304161
956,198	303301
956,326	302091
956,454	301447
956,582	302226
956,710	303814
956,837	305621
956,965	307063
957,093	308051
957,221	308240
957,349	308566
957,477	309675
957,605	310535
957,732	311519
957,860	312577
957,988	313335
958,116	313698
958,244	314618
958,372	315128
958,499	315178
958,627	315798
958,755	316570
958,883	316822
959,011	317244
959,139	317627
959,266	316457
959,394	315616
959,522	315163
959,650	314431
959,778	313470
959,906	311812
960,033	309690
960,161	307474
960,289	304885
960,417	302583
960,545	300679
960,673	298528
960,800	296346
960,928	293359
961,056	289961
961,184	286990
961,312	283589
961,440	279591
961,567	274833
961,695	271059
961,823	268274
961,951	267815
962,079	266477
962,207	265719
962,334	266099
962,462	268598
962,590	270742
962,718	272386
962,846	274197
962,974	273396
963,101	268496
963,229	264037
963,357	262475
963,485	262397
963,613	262960
963,741	264605
963,868	267387
963,996	270407
964,124	273354
964,252	276765
964,380	280201
964,508	284000
964,635	286496
964,763	289091
964,891	291372
965,019	294198
965,147	296593
965,275	299185
965,403	301104
965,530	303099
965,658	304770
965,786	305182
965,914	304317
966,042	302555
966,170	300576
966,297	299113
966,425	296772
966,553	293373
966,681	289804
966,809	286625
966,937	283044
967,064	280279
967,192	276725
967,320	273677
967,448	270414
967,576	267684
967,704	264877
967,831	260060
967,959	256121
968,087	253270
968,215	250314
968,343	248010
968,471	246750
968,598	245948
968,726	245622
968,854	245360
968,982	244890
969,110	244787
969,238	245754
969,365	247187
969,493	248976
969,621	251582
969,749	255136
969,877	258370
970,005	259631
970,132	259338
970,260	259060
970,388	260693
970,516	262662
970,644	264467
970,772	265733
970,899	266907
971,027	267844
971,155	269116
971,283	270369
971,411	271649
971,539	272646
971,666	273916
971,794	275241
971,922	277047
972,050	279821
972,178	282233
972,306	283351
972,433	284262
972,561	284878
972,689	286266
972,817	287475
972,945	289090
973,073	290418
973,201	290546
973,328	289790
973,456	289413
973,584	287752
973,712	286379
973,840	284564
973,968	283878
974,095	282547
974,223	282549
974,351	282538
974,479	283461
974,607	283310
974,735	282346
974,862	281168
974,990	279315
975,118	277019
975,246	274297
975,374	271453
975,502	267947
975,629	262608
975,757	257013
975,885	250734
976,013	245631
976,141	240232
976,269	236530
976,396	233531
976,524	231977
976,652	229709
976,780	227869
976,908	225330
977,036	223199
977,163	221707
977,291	220576
977,419	218962
977,547	218086
977,675	217574
977,803	217661
977,930	217960
978,058	217780
978,186	217718
978,314	218201
978,442	218836
978,570	219022
978,697	218654
978,825	218469
978,953	217462
979,081	216242
979,209	215262
979,337	213810
979,464	214072
979,592	214737
979,720	215806
979,848	217284
979,976	219233
980,104	221140
980,231	222355
980,359	224937
980,487	225892
980,615	227211
980,743	228057
980,871	227994
980,998	228063
981,126	228058
981,254	228405
981,382	229263
981,510	230972
981,638	233837
981,766	237020
981,893	239832
982,021	241475
982,149	242413
982,277	244080
982,405	245190
982,533	245579
982,660	246702
982,788	248313
982,916	248815
983,044	249261
983,172	249169
983,300	250178
983,427	251531
983,555	252941
983,683	252853
983,811	253155
983,939	253158
984,067	252890
984,194	251550
984,322	250949
984,450	250354
984,578	249218
984,706	247411
984,834	245152
984,961	243211
985,089	241846
985,217	240132
985,345	237168
985,473	233573
985,601	230135
985,728	226586
985,856	222191
985,984	217370
986,112	211785
986,240	206769
986,368	203775
986,495	201662
986,623	200439
986,751	199328
986,879	196804
987,007	195465
987,135	193902
987,262	192080
987,390	191070
987,518	189924
987,646	189279
987,774	187752
987,902	186622
988,029	185930
988,157	184403
988,285	183204
988,413	182533
988,541	181473
988,669	180359
988,796	179927
988,924	180324
989,052	181122
989,180	181807
989,308	182345
989,436	183083
989,564	185039
989,691	186436
989,819	187759
989,947	190400
990,075	192866
990,203	195634
990,331	199024
990,458	203476
990,586	208134
990,714	210805
990,842	213792
990,970	216070
991,098	217299
991,225	218892
991,353	218421
991,481	218609
991,609	219021
991,737	218733
991,865	218293
991,992	217774
992,120	215708
992,248	214070
992,376	212863
992,504	211954
992,632	211742
992,759	211642
992,887	211439
993,015	210825
993,143	209773
993,271	209348
993,399	209365
993,526	208852
993,654	207903
993,782	207152
993,910	205614
994,038	202461
994,166	199500
994,293	195371
994,421	190372
994,549	186057
994,677	181230
994,805	177292
994,933	174247
995,060	171018
995,188	168224
995,316	165680
995,444	163765
995,572	161683
995,700	159217
995,827	156888
995,955	154791
996,083	153483
996,211	153571
996,339	153466
996,467	153039
996,594	152322
996,722	151789
996,850	151049
996,978	150547
997,106	149932
997,234	148971
997,362	148970
997,489	149684
997,617	150970
997,745	153636
997,873	156649
998,001	159252
998,129	161051
998,256	163700
998,384	167072
998,512	170624
998,640	173961
998,768	175671
998,896	175670
999,023	173419
999,151	170069
999,279	165642
999,407	161369
999,535	159802
999,663	159696
999,790	161050
999,918	162610
1000,046	164933
1000,174	168442
1000,302	171921
1000,430	175998
1000,557	178288
1000,685	179196
1000,813	179451
1000,941	179673
1001,069	178799
1001,197	177599
1001,324	176633
1001,452	175938
1001,580	173629
1001,708	171406
1001,836	169792
1001,964	168088
1002,091	166703
1002,219	165642
1002,347	163902
1002,475	161743
1002,603	160171
1002,731	158356
1002,858	156307
1002,986	154236
1003,114	152421
1003,242	150540
1003,370	148722
1003,498	147423
1003,625	145837
1003,753	144189
1003,881	142369
1004,009	140358
1004,137	137824
1004,265	135636
1004,392	134150
1004,520	132762
1004,648	130936
1004,776	129759
1004,904	128517
1005,032	126999
1005,160	126131
1005,287	125700
1005,415	124819
1005,543	124363
1005,671	124157
1005,799	123721
1005,927	123899
1006,054	123483
1006,182	123269
1006,310	123023
1006,438	123257
1006,566	123677
1006,694	124609
1006,821	125867
1006,949	127195
1007,077	128399
1007,205	129323
1007,333	130430
1007,461	131809
1007,588	133887
1007,716	135898
1007,844	138125
1007,972	140775
1008,100	142149
1008,228	142735
1008,355	142370
1008,483	140866
1008,611	139936
1008,739	139193
1008,867	139177
1008,995	139983
1009,122	140790
1009,250	140892
1009,378	140404
1009,506	141001
1009,634	142024
1009,762	143106
1009,889	142038
1010,017	140089
1010,145	139262
1010,273	139723
1010,401	140477
1010,529	139881
1010,656	137900
1010,784	135768
1010,912	133326
1011,040	131554
1011,168	131478
1011,296	131821
1011,423	132488
1011,551	133999
1011,679	133184
1011,807	130844
1011,935	128038
1012,063	124002
1012,190	119977
1012,318	115081
1012,446	110935
1012,574	108281
1012,702	105366
1012,830	103400
1012,957	101316
1013,085	99315,4
1013,213	98142,2
1013,341	97314,2
1013,469	96776,4
1013,597	96982,5
1013,725	97125,7
1013,852	97315,5
1013,980	97488,9
1014,108	97664,2
1014,236	97563,8
1014,364	97049,3
1014,492	96561,3
1014,619	96196,6
1014,747	95874,9
1014,875	95482,2
1015,003	95126,2
1015,131	94961,9
1015,259	94797,3
1015,386	94465,5
1015,514	93960,2
1015,642	93719,9
1015,770	93910,9
1015,898	93894,2
1016,026	93212,5
1016,153	92647,3
1016,281	92514,8
1016,409	92469
1016,537	92247
1016,665	91802
1016,793	92265,5
1016,920	92499,9
1017,048	92680,6
1017,176	92457,7
1017,304	92156,9
1017,432	92727,6
1017,560	94243,7
1017,687	97535,4
1017,815	102146
1017,943	105016
1018,071	105334
1018,199	103919
1018,327	102086
1018,454	100107
1018,582	99005,2
1018,710	99229,1
1018,838	100477
1018,966	101235
1019,094	102929
1019,221	102483
1019,349	101884
1019,477	100562
1019,605	99652,5
1019,733	99039
1019,861	98750,4
1019,988	99348,9
1020,116	99454
1020,244	99778,8
1020,372	99405,2
1020,500	99582
1020,628	98202,3
1020,755	96630,3
1020,883	95630,8
1021,011	93975,5
1021,139	93496,7
1021,267	93968,8
1021,395	95166,6
1021,523	95784,2
1021,650	94899,7
1021,778	94048,7
1021,906	93672,5
1022,034	93378,4
1022,162	92936,5
1022,290	92402,5
1022,417	90919
1022,545	89393,5
1022,673	87542,6
1022,801	85545,9
1022,929	83049,8
1023,057	81009,1
1023,184	80098,2
1023,312	80235,8
1023,440	80609,1
1023,568	80211,5
1023,696	78591,6
1023,824	76096,7
1023,951	73876,3
1024,079	72595,1
1024,207	71761,6
1024,335	71349,1
1024,463	71889
1024,591	72983,5
1024,718	74093,2
1024,846	74999,3
1024,974	75005,7
1025,102	73743,4
1025,230	71875,2
1025,358	70450,6
1025,485	69407,9
1025,613	68822,6
1025,741	68738,9
1025,869	68543,9
1025,997	68154,2
1026,125	68140
1026,252	68394,8
1026,380	68614,1
1026,508	68983,5
1026,636	69171,6
1026,764	69085,2
1026,892	68752
1027,019	68630,7
1027,147	68352,6
1027,275	68312
1027,403	68265,8
1027,531	68046,2
1027,659	68023,2
1027,786	68171,9
1027,914	68013
1028,042	67370,5
1028,170	66925,9
1028,298	66560
1028,426	66367,4
1028,553	66156,9
1028,681	66119
1028,809	66253,9
1028,937	66161,6
1029,065	65938,8
1029,193	65490,9
1029,321	64796,5
1029,448	64193,9
1029,576	63783,1
1029,704	63159,3
1029,832	63302,1
1029,960	63667,2
1030,088	64131,2
1030,215	64833,5
1030,343	64894,6
1030,471	64847,7
1030,599	64439,8
1030,727	63623,4
1030,855	62307,3
1030,982	61134,1
1031,110	60506,6
1031,238	59993,3
1031,366	59751,5
1031,494	60071,3
1031,622	60345,4
1031,749	60797
1031,877	61322,7
1032,005	61287,8
1032,133	60784,9
1032,261	60442
1032,389	59946,3
1032,516	59468,5
1032,644	58965,1
1032,772	59088,4
1032,900	59647,3
1033,028	60572,7
1033,156	61292,8
1033,283	62066,2
1033,411	62026,2
1033,539	61254,4
1033,667	60539,7
1033,795	59536
1033,923	57415,8
1034,050	55545
1034,178	55051,1
1034,306	54829,3
1034,434	55558,6
1034,562	56255,3
1034,690	56661,7
1034,817	56112,9
1034,945	55199,7
1035,073	54104,4
1035,201	53330
1035,329	53220,4
1035,457	53432,1
1035,584	53843,5
1035,712	53888,1
1035,840	53907,4
1035,968	53955,8
1036,096	54071,1
1036,224	54244,9
1036,351	54449,3
1036,479	54685
1036,607	55040,2
1036,735	56046,2
1036,863	57188,5
1036,991	57905,2
1037,119	58093,4
1037,246	58310,4
1037,374	58162,7
1037,502	57974,6
1037,630	57765,7
1037,758	57644
1037,886	57334,6
1038,013	57325,1
1038,141	57290,1
1038,269	57073,2
1038,397	56662,2
1038,525	55915,4
1038,653	54895,7
1038,780	53643,1
1038,908	52712,2
1039,036	52518,2
1039,164	52282,3
1039,292	52584,1
1039,420	52774,8
1039,547	52397,8
1039,675	51338,3
1039,803	50213,2
1039,931	48881
1040,059	47335,8
1040,187	46133,1
1040,314	45166,5
1040,442	44339,7
1040,570	43386
1040,698	42809,6
1040,826	42239,8
1040,954	41877,6
1041,081	41529,4
1041,209	41361,1
1041,337	41036,7
1041,465	40705,1
1041,593	40588,4
1041,721	40384,7
1041,848	40036,4
1041,976	39835,4
1042,104	39451,6
1042,232	39272,8
1042,360	38978,3
1042,488	38713,4
1042,615	38227,5
1042,743	38143
1042,871	37780,4
1042,999	37840,3
1043,127	37853,3
1043,255	37912,8
1043,382	37801,9
1043,510	37692,8
1043,638	37646,7
1043,766	37706,8
1043,894	37729,2
1044,022	37419,3
1044,149	37026
1044,277	36945,1
1044,405	36872,9
1044,533	36837,6
1044,661	36878,8
1044,789	36879
1044,916	36784,4
1045,044	36503,4
1045,172	36368,3
1045,300	36467
1045,428	36521,4
1045,556	36365
1045,684	36013
1045,811	35834,4
1045,939	35815,3
1046,067	35717,4
1046,195	35707,8
1046,323	35643,2
1046,451	35520,1
1046,578	35564,3
1046,706	35597,6
1046,834	35611,3
1046,962	35848
1047,090	36139,9
1047,218	36440,4
1047,345	36604,9
1047,473	36618,3
1047,601	36532,6
1047,729	36592,8
1047,857	36643
1047,985	36726,1
1048,112	36735,4
1048,240	36726,6
1048,368	36761,9
1048,496	36727,8
1048,624	36663,1
1048,752	36545,1
1048,879	36195,2
1049,007	35704,3
1049,135	34989,6
1049,263	34240,2
1049,391	33543,5
1049,519	32758,1
1049,646	32236,2
1049,774	31704,6
1049,902	31296,7
1050,030	30961,9
1050,158	30675
1050,286	30316
1050,413	29970,5
1050,541	29627,7
1050,669	29439,9
1050,797	29189,8
1050,925	28923,7
1051,053	28669,6
1051,180	28353,1
1051,308	28113,5
1051,436	27969,7
1051,564	27772,1
1051,692	27552,3
1051,820	27344,5
1051,947	27164,3
1052,075	26978,4
1052,203	26947,4
1052,331	27033,3
1052,459	27047,3
1052,587	27050,5
1052,714	26956,6
1052,842	26704
1052,970	26432,4
1053,098	26199,1
1053,226	25970,5
1053,354	25853
1053,482	25768,4
1053,609	25632,3
1053,737	25598,1
1053,865	25503,8
1053,993	25503,5
1054,121	25472,5
1054,249	25462
1054,376	25494,6
1054,504	25510,5
1054,632	25579,6
1054,760	25902,7
1054,888	26099,5
1055,016	26123,9
1055,143	26148,7
1055,271	26271,9
1055,399	26285,1
1055,527	26382,3
1055,655	26364,1
1055,783	26378,4
1055,910	26341,6
1056,038	26323,4
1056,166	26176,3
1056,294	25990,8
1056,422	25824,1
1056,550	25821,7
1056,677	25837,8
1056,805	25946,1
1056,933	26080,8
1057,061	26151,1
1057,189	26315,5
1057,317	26519,3
1057,444	26694,7
1057,572	26770,5
1057,700	26879,7
1057,828	26907,6
1057,956	26957,4
1058,084	26984,4
1058,211	26895,7
1058,339	27117,7
1058,467	27130,8
1058,595	27100,7
1058,723	27140,2
1058,851	27170,3
1058,978	27039,2
1059,106	26885,1
1059,234	26806,3
1059,362	26625,6
1059,490	26430,2
1059,618	26221,7
1059,745	26039
1059,873	25866,7
1060,001	25706,1
1060,129	25556,5
1060,257	25451,3
1060,385	25354,6
1060,512	25202,8
1060,640	25086,2
1060,768	25041,5
1060,896	24920,6
1061,024	24749,7
1061,152	24543,1
1061,280	24348,5
1061,407	24169,5
1061,535	24039,8
1061,663	23778,7
1061,791	23458
1061,919	23185,8
1062,047	23001,8
1062,174	22764,4
1062,302	22612,1
1062,430	22294
1062,558	22171,5
1062,686	21846
1062,814	21518,1
1062,941	21144,4
1063,069	20859,1
1063,197	20675,1
1063,325	20401,9
1063,453	20017,4
1063,581	19732,4
1063,708	19535,3
1063,836	19340,2
1063,964	19051,7
1064,092	18865,7
1064,220	18828,8
1064,348	18680,3
1064,475	18532,3
1064,603	18468,1
1064,731	18445
1064,859	18339,8
1064,987	18166,8
1065,115	18006,6
1065,242	17881,9
1065,370	17761,8
1065,498	17712,3
1065,626	17673,3
1065,754	17637,2
1065,882	17609,8
1066,009	17652
1066,137	17648
1066,265	17603,3
1066,393	17525,7
1066,521	17460,4
1066,649	17427,4
1066,776	17392,4
1066,904	17508,5
1067,032	17556,7
1067,160	17580,3
1067,288	17647,8
1067,416	17711,1
1067,543	17783,4
1067,671	17799,1
1067,799	17806,6
1067,927	17829,4
1068,055	17887,7
1068,183	17889,9
1068,310	17875,9
1068,438	17956,1
1068,566	17979
1068,694	18051,9
1068,822	18014
1068,950	18074
1069,077	18145,1
1069,205	18129,8
1069,333	18201,6
1069,461	18281,7
1069,589	18360,3
1069,717	18513,6
1069,845	18566,3
1069,972	18589,9
1070,100	18560,2
1070,228	18535,6
1070,356	18503,4
1070,484	18432,4
1070,612	18341,8
1070,739	18217,3
1070,867	18021,9
1070,995	17840,7
1071,123	17772,7
1071,251	17822,6
1071,379	17919,1
1071,506	17867,5
1071,634	17696,4
1071,762	17540,9
1071,890	17354,7
1072,018	17119,2
1072,146	16882,9
1072,273	16641,2
1072,401	16400,1
1072,529	16172,3
1072,657	15948,8
1072,785	15758,6
1072,913	15637,3
1073,040	15470,8
1073,168	15282,2
1073,296	15122,5
1073,424	14950,4
1073,552	14795,6
1073,680	14662,3
1073,807	14548,7
1073,935	14404,5
1074,063	14283,1
1074,191	14252,6
1074,319	14157
1074,447	14117,5
1074,574	14057,9
1074,702	14079,4
1074,830	14071,5
1074,958	14019,1
1075,086	14023,1
1075,214	13973,2
1075,341	13990,3
1075,469	14038,5
1075,597	13987,5
1075,725	14083,4
1075,853	14160,3
1075,981	14160,5
1076,108	14138,8
1076,236	14209,6
1076,364	14158,1
1076,492	14236,6
1076,620	14284,9
1076,748	14191,7
1076,875	14291,4
1077,003	14344,7
1077,131	14468,3
1077,259	14532,1
1077,387	14625,7
1077,515	14680,4
1077,643	14739
1077,770	14691,2
1077,898	14644,9
1078,026	14686,4
1078,154	14677,3
1078,282	14787,4
1078,410	14671,5
1078,537	14667,1
1078,665	14630
1078,793	14614
1078,921	14648
1079,049	14661,4
1079,177	14675,9
1079,304	14597,3
1079,432	14602,2
1079,560	14562,1
1079,688	14465
1079,816	14406,6
1079,944	14303,1
1080,071	14165,8
1080,199	14153,2
1080,327	14011,9
1080,455	13867,9
1080,583	13797,8
1080,711	13688,9
1080,838	13576,9
1080,966	13509,4
1081,094	13416,8
1081,222	13290,5
1081,350	13149,9
1081,478	13056,3
1081,605	12952,2
1081,733	12793,8
1081,861	12689,6
1081,989	12636,4
1082,117	12592,7
1082,245	12618,7
1082,372	12635,7
1082,500	12533,5
1082,628	12444,3
1082,756	12321,1
1082,884	12196,5
1083,012	12106
1083,139	12000
1083,267	11883,8
1083,395	11746,9
1083,523	11669,6
1083,651	11619,4
1083,779	11548
1083,906	11472,5
1084,034	11409,8
1084,162	11373,2
1084,290	11315,9
1084,418	11253,6
1084,546	11204,9
1084,673	11131,2
1084,801	11097,7
1084,929	11044,7
1085,057	11019,7
1085,185	10997,7
1085,313	10979,5
1085,441	10975,3
1085,568	10937,2
1085,696	10936,5
1085,824	10872,9
1085,952	10856,9
1086,080	10827
1086,208	10829,5
1086,335	10849,1
1086,463	10807,6
1086,591	10791,6
1086,719	10795,8
1086,847	10780,1
1086,975	10774,9
1087,102	10804,1
1087,230	10795,7
1087,358	10828,7
1087,486	10867
1087,614	10929,3
1087,742	11011,3
1087,869	10944,3
1087,997	10896
1088,125	10954
1088,253	11007,8
1088,381	10950,6
1088,509	10951,4
1088,636	10938,5
1088,764	10945
1088,892	10891,8
1089,020	10957,9
1089,148	10942,9
1089,276	10917,7
1089,403	10944,2
1089,531	11053,2
1089,659	10994,7
1089,787	11016,5
1089,915	11046,1
1090,043	11074
1090,170	10992
1090,298	11014
1090,426	10993
1090,554	11054,6
1090,682	11073,2
1090,810	11067,4
1090,937	11012,5
1091,065	10997,9
1091,193	11057,7
1091,321	10979,3
1091,449	11031,3
1091,577	11032
1091,704	11042,2
1091,832	10942,5
1091,960	10968
1092,088	10921,6
1092,216	10883,3
1092,344	10905,5
1092,471	10818,1
1092,599	10871,4
1092,727	10834,3
1092,855	10841,1
1092,983	10759,8
1093,111	10648,2
1093,239	10590,2
1093,366	10479,3
1093,494	10339,2
1093,622	10207,1
1093,750	10116,1
1093,878	10067,9
1094,006	10037
1094,133	10027,5
1094,261	9991,67
1094,389	10037,5
1094,517	9908,97
1094,645	9871,22
1094,773	9828,89
1094,900	9783,32
1095,028	9709,33
1095,156	9691,03
1095,284	9590,93
1095,412	9497,4
1095,540	9485,28
1095,667	9371,26
1095,795	9319,76
1095,923	9263,6
1096,051	9194,07
1096,179	9149,59
1096,307	9156,36
1096,434	9077,64
1096,562	9032,82
1096,690	9058,74
1096,818	8997,84
1096,946	8997,85
1097,074	8885,25
1097,201	8915,62
1097,329	8914,69
1097,457	8880,19
1097,585	8857,26
1097,713	8868,34
1097,841	8839,28
1097,968	8858,59
1098,096	8863,29
1098,224	8854,69
1098,352	8821,53
1098,480	8833,33
1098,608	8816,43
1098,735	8752,89
1098,863	8753,13
1098,991	8777,26
1099,119	8767,27
1099,247	8798,82
1099,375	8833,74
1099,502	8856,04
1099,630	8838,79
1099,758	8814,64
1099,886	8784,42
1100,014	8806,43
