350,000	5490,5
350,139	5496,1
350,279	5501,5
350,418	5494
350,558	5502,5
350,697	5498,5
350,837	5500,1
350,976	5503,1
351,115	5497,6
351,255	5507,7
351,394	5503,6
351,534	5489,9
351,673	5503,6
351,813	5493,2
351,952	5489,3
352,091	5510,3
352,231	5506,2
352,370	5502
352,510	5494,3
352,649	5495,9
352,789	5499,8
352,928	5507,6
353,068	5505,9
353,207	5500,7
353,346	5504,2
353,486	5497,9
353,625	5496,1
353,765	5500,4
353,904	5508,1
354,044	5506,7
354,183	5503,6
354,322	5506,7
354,462	5503,4
354,601	5504,4
354,741	5509,4
354,880	5505,4
355,020	5503,1
355,159	5504,4
355,298	5511,8
355,438	5514,7
355,577	5510,1
355,717	5507,8
355,856	5509
355,996	5515,1
356,135	5512,9
356,274	5511
356,414	5512,1
356,553	5516,4
356,693	5517,7
356,832	5516
356,972	5523
357,111	5516,2
357,251	5509,1
357,390	5516
357,529	5507,2
357,669	5515
357,808	5516
357,948	5523,1
358,087	5512
358,227	5516,8
358,366	5516,7
358,505	5509,3
358,645	5515,6
358,784	5520,5
358,924	5514,8
359,063	5510,1
359,203	5514,3
359,342	5514,9
359,481	5512,6
359,621	5513,7
359,760	5514,2
359,900	5512,8
360,039	5509,1
360,179	5530,8
360,318	5524
360,457	5524,5
360,597	5515,2
360,736	5518,4
360,876	5516,9
361,015	5523,2
361,155	5527,2
361,294	5523,8
361,434	5515
361,573	5515,1
361,712	5518,6
361,852	5522,4
361,991	5531,2
362,131	5529,5
362,270	5529
362,410	5525,4
362,549	5527,7
362,688	5528,8
362,828	5522,5
362,967	5519,7
363,107	5523,6
363,246	5527,3
363,386	5531,6
363,525	5537,7
363,664	5532,2
363,804	5536,5
363,943	5531
364,083	5533,4
364,222	5536,8
364,362	5543,7
364,501	5542,2
364,640	5535,8
364,780	5536,1
364,919	5542,1
365,059	5542,2
365,198	5539,7
365,338	5540,1
365,477	5552,8
365,616	5546,7
365,756	5548,2
365,895	5547,9
366,035	5547,8
366,174	5553,4
366,314	5553,9
366,453	5551,1
366,593	5558,6
366,732	5557
366,871	5551,1
367,011	5543,5
367,150	5550,2
367,290	5551,9
367,429	5550,8
367,569	5554,4
367,708	5549,5
367,847	5541,3
367,987	5542,6
368,126	5546,3
368,266	5551,6
368,405	5549,2
368,545	5539,6
368,684	5538,5
368,823	5543,7
368,963	5549,3
369,102	5551,6
369,242	5549,2
369,381	5545,4
369,521	5549
369,660	5550
369,799	5557,5
369,939	5556,9
370,078	5548,7
370,218	5550,2
370,357	5558,9
370,497	5562,8
370,636	5564,1
370,776	5482,2
370,915	5480,2
371,054	5476,7
371,194	5475,7
371,333	5483,9
371,473	5471,3
371,612	5463,9
371,752	5466,9
371,891	5475
372,030	5477,9
372,170	5477,7
372,309	5478,5
372,449	5478,5
372,588	5478,8
372,728	5482,5
372,867	5475,9
373,006	5482,4
373,146	5476,6
373,285	5478,6
373,425	5474,3
373,564	5478,6
373,704	5483,1
373,843	5483,8
373,982	5487,6
374,122	5488,5
374,261	5478
374,401	5490,8
374,540	5497,4
374,680	5482,3
374,819	5482,9
374,959	5485,6
375,098	5487,3
375,237	5484,2
375,377	5482,3
375,516	5485,9
375,656	5488,7
375,795	5490,4
375,935	5501,7
376,074	5486,8
376,213	5483,7
376,353	5486,7
376,492	5491,6
376,632	5496,3
376,771	5496,7
376,911	5496,5
377,050	5501,3
377,189	5505,4
377,329	5496,1
377,468	5488,4
377,608	5484,3
377,747	5489
377,887	5502,9
378,026	5502,4
378,165	5498,2
378,305	5500,9
378,444	5502,9
378,584	5501,1
378,723	5500
378,863	5498,7
379,002	5496,1
379,141	5503,8
379,281	5514,1
379,420	5492,8
379,560	5507,3
379,699	5509,3
379,839	5507,7
379,978	5505,3
380,118	5504,7
380,257	5506
380,396	5506,5
380,536	5508
380,675	5510,4
380,815	5493,4
380,954	5519,2
381,094	5514,9
381,233	5516,5
381,372	5522,3
381,512	5522,3
381,651	5527,8
381,791	5522,2
381,930	5509,5
382,070	5527,3
382,209	5529,7
382,348	5535,3
382,488	5560,7
382,627	5550,8
382,767	5536,6
382,906	5529,4
383,046	5531,5
383,185	5542,3
383,324	5539,6
383,464	5530,6
383,603	5534
383,743	5532,2
383,882	5541,5
384,022	5540,9
384,161	5530,3
384,301	5544,4
384,440	5548,5
384,579	5545,5
384,719	5548,7
384,858	5548,4
384,998	5548,8
385,137	5557,9
385,277	5564,3
385,416	5554,8
385,555	5551,9
385,695	5576,3
385,834	5568,6
385,974	5551,8
386,113	5562,6
386,253	5555,1
386,392	5549,1
386,531	5557
386,671	5568,8
386,810	5569,3
386,950	5561,9
387,089	5568,6
387,229	5560,5
387,368	5568,7
387,507	5576,8
387,647	5566,5
387,786	5567,8
387,926	5578,8
388,065	5583,3
388,205	5591,8
388,344	5595,7
388,484	5587,8
388,623	5588,8
388,762	5596,9
388,902	5601,1
389,041	5575,7
389,181	5602,8
389,320	5604,7
389,460	5601,5
389,599	5599,4
389,738	5595,4
389,878	5597,9
390,017	5605,5
390,157	5604,9
390,296	5600,8
390,436	5618,4
390,575	5608,8
390,714	5601,1
390,854	5610,9
390,993	5598,5
391,133	5602,7
391,272	5619,8
391,412	5626,7
391,551	5628,4
391,690	5629,1
391,830	5622,4
391,969	5616,9
392,109	5635,4
392,248	5636,6
392,388	5621,9
392,527	5637,9
392,666	5627,2
392,806	5629,1
392,945	5634,2
393,085	5648,7
393,224	5659,4
393,364	5651,8
393,503	5646,2
393,643	5661,2
393,782	5650,2
393,921	5639,6
394,061	5670,3
394,200	5656,5
394,340	5681,1
394,479	5670,6
394,619	5652,8
394,758	5654,2
394,897	5665,4
395,037	5668,7
395,176	5666,5
395,316	5670,8
395,455	5675,2
395,595	5672,2
395,734	5680,2
395,873	5672,4
396,013	5684
396,152	5682,7
396,292	5682,9
396,431	5681,8
396,571	5686,5
396,710	5686,4
396,849	5681
396,989	5680,9
397,128	5679,7
397,268	5686
397,407	5693,6
397,547	5681,2
397,686	5683,2
397,826	5704,4
397,965	5698,4
398,104	5692,2
398,244	5698,8
398,383	5716,2
398,523	5723,1
398,662	5715,4
398,802	5713,6
398,941	5711
399,080	5725,2
399,220	5732,5
399,359	5737,2
399,499	5742,5
399,638	5738,4
399,778	5744,4
399,917	5751,7
400,056	5744,3
400,196	5731
400,335	5733,7
400,475	5746,2
400,614	5740,9
400,754	5747,6
400,893	5728,8
401,032	5765,7
401,172	5736,5
401,311	5731,1
401,451	5748,5
401,590	5770,1
401,730	5775,6
401,869	5775,3
402,009	5766,3
402,148	5757,2
402,287	5770,6
402,427	5767,8
402,566	5778,9
402,706	5761
402,845	5764,8
402,985	5770,1
403,124	5763
403,263	5780,9
403,403	5778,8
403,542	5779,3
403,682	5786,4
403,821	5788,9
403,961	5791,4
404,100	5793
404,239	5788
404,379	5787,9
404,518	5800,7
404,658	5792,3
404,797	5789
404,937	5820,8
405,076	5824,8
405,215	5817,5
405,355	5811,6
405,494	5818,4
405,634	5833,3
405,773	5835,3
405,913	5827,6
406,052	5833,3
406,191	5849,2
406,331	5822,1
406,470	5841,2
406,610	5841,4
406,749	5835,2
406,889	5839
407,028	5834,4
407,168	5836,9
407,307	5850,3
407,446	5858,6
407,586	5857,3
407,725	5849,5
407,865	5836,2
408,004	5864,4
408,144	5868,4
408,283	5851,8
408,422	5853,6
408,562	5862,8
408,701	5862,9
408,841	5864,3
408,980	5870,7
409,120	5866,7
409,259	5857
409,398	5865,3
409,538	5881,8
409,677	5895,5
409,817	5872
409,956	5882,5
410,096	5906,5
410,235	5892
410,374	5897,2
410,514	5900,9
410,653	5905,3
410,793	5897,2
410,932	5901,9
411,072	5919
411,211	5912
411,351	5919,7
411,490	5927,3
411,629	5908,4
411,769	5933,5
411,908	5933
412,048	5926,2
412,187	5899,2
412,327	5925,5
412,466	5942,6
412,605	5930,5
412,745	5920
412,884	5926,9
413,024	5941,9
413,163	5949,8
413,303	5915,7
413,442	5940,5
413,581	5913
413,721	5957,6
413,860	5964,5
414,000	5956,7
414,139	5961,6
414,279	5966,2
414,418	5961,4
414,557	5952,2
414,697	5968,3
414,836	5990,5
414,976	5964,1
415,115	5989,2
415,255	5988
415,394	5973,5
415,534	5999
415,673	5980
415,812	5994,6
415,952	6004,1
416,091	6007,9
416,231	6017,3
416,370	6011,7
416,510	6003,8
416,649	6008,5
416,788	6007,7
416,928	6019,1
417,067	6026,2
417,207	6013,9
417,346	6028,7
417,486	6044,3
417,625	6034,9
417,764	6040,2
417,904	6035,5
418,043	6045,8
418,183	6049,6
418,322	6049,7
418,462	6053,3
418,601	6049,4
418,740	6046,8
418,880	6063
419,019	6067,3
419,159	6059,1
419,298	6078,9
419,438	6065,8
419,577	6075,5
419,717	6083,6
419,856	6102,6
419,995	6078,7
420,135	6071,1
420,274	6099,6
420,414	6106,1
420,553	6082,5
420,693	6080,1
420,832	6097,8
420,971	6108,7
421,111	6105
421,250	6116
421,390	6121,5
421,529	6138,1
421,669	6114,7
421,808	6119,8
421,947	6140,6
422,087	6134,9
422,226	6128,2
422,366	6131,7
422,505	6119
422,645	6133,5
422,784	6140,8
422,923	6136,5
423,063	6149,9
423,202	6154,5
423,342	6150,7
423,481	6146,4
423,621	6150,4
423,760	6167,1
423,899	6172,6
424,039	6180
424,178	6185,5
424,318	6179,5
424,457	6188,9
424,597	6185,2
424,736	6192,5
424,876	6199,1
425,015	6195
425,154	6208,9
425,294	6205,2
425,433	6207,9
425,573	6214,9
425,712	6215,2
425,852	6219,2
425,991	6229,1
426,130	6240,1
426,270	6254,4
426,409	6254,6
426,549	6242,5
426,688	6267
426,828	6246,3
426,967	6266,8
427,106	6255,7
427,246	6277,9
427,385	6280,5
427,525	6273,8
427,664	6267,9
427,804	6256,6
427,943	6252,1
428,082	6260,1
428,222	6272,6
428,361	6278,5
428,501	6277
428,640	6283,4
428,780	6294,3
428,919	6284,2
429,059	6316,7
429,198	6314,8
429,337	6303,2
429,477	6292,2
429,616	6303,6
429,756	6328,3
429,895	6310,4
430,035	6287,4
430,174	6318,6
430,313	6347,6
430,453	6342,3
430,592	6324,3
430,732	6356,7
430,871	6354,4
431,011	6368,8
431,150	6369,7
431,289	6352
431,429	6356,7
431,568	6363,4
431,708	6345,4
431,847	6357
431,987	6375,7
432,126	6380,2
432,265	6395
432,405	6371,4
432,544	6385,5
432,684	6415
432,823	6377,2
432,963	6382,5
433,102	6397,1
433,242	6413,9
433,381	6404,5
433,520	6385,9
433,660	6394,2
433,799	6412,2
433,939	6421,6
434,078	6423,9
434,218	6436,2
434,357	6445,2
434,496	6432
434,636	6435
434,775	6462,2
434,915	6468,9
435,054	6486,2
435,194	6477,5
435,333	6485,5
435,472	6482,6
435,612	6467,9
435,751	6492,9
435,891	6488,7
436,030	6505,5
436,170	6511,5
436,309	6506,9
436,448	6518
436,588	6518,4
436,727	6535,8
436,867	6533,5
437,006	6516,5
437,146	6507,6
437,285	6528,1
437,424	6543,3
437,564	6553,1
437,703	6569,3
437,843	6556,3
437,982	6560,8
438,122	6573,6
438,261	6565,1
438,401	6567,2
438,540	6559,1
438,679	6581
438,819	6603,1
438,958	6602,7
439,098	6600,5
439,237	6627,3
439,377	6598,3
439,516	6616,6
439,655	6623,6
439,795	6621,7
439,934	6627
440,074	6638,1
440,213	6639,2
440,353	6658,6
440,492	6676,6
440,631	6681,6
440,771	6671,7
440,910	6693,4
441,050	6681,6
441,189	6721,6
441,329	6712,5
441,468	6692,6
441,607	6702,3
441,747	6719,6
441,886	6703,6
442,026	6702,7
442,165	6719,7
442,305	6723,7
442,444	6720,8
442,584	6729,2
442,723	6710,7
442,862	6725,9
443,002	6732,3
443,141	6757
443,281	6760,9
443,420	6762,1
443,560	6773,2
443,699	6769,2
443,838	6792,7
443,978	6809,1
444,117	6814,7
444,257	6819,9
444,396	6825,9
444,536	6814,3
444,675	6825,3
444,814	6828,9
444,954	6832,2
445,093	6860,8
445,233	6828,5
445,372	6847,9
445,512	6881,9
445,651	6859,7
445,790	6843,1
445,930	6840,3
446,069	6848,5
446,209	6836,8
446,348	6850,2
446,488	6876,2
446,627	6894,3
446,767	6909,7
446,906	6926,8
447,045	6925,4
447,185	6941
447,324	6952,8
447,464	6964,4
447,603	6960,2
447,743	6961
447,882	6968,3
448,021	6963,1
448,161	6961,7
448,300	6990,4
448,440	6983,7
448,579	6967,8
448,719	6960
448,858	6973
448,997	6996,6
449,137	7003,7
449,276	7001,1
449,416	7005
449,555	6998,3
449,695	7011,4
449,834	7052,8
449,973	7085,9
450,113	7090,9
450,252	7104
450,392	7092,6
450,531	7093,2
450,671	7113,5
450,810	7134,4
450,949	7140,2
451,089	7119,8
451,228	7110,3
451,368	7130,5
451,507	7146
451,647	7132,5
451,786	7116,1
451,926	7121,3
452,065	7150,3
452,204	7157,6
452,344	7150,7
452,483	7192,6
452,623	7194
452,762	7195,7
452,902	7195
453,041	7231,5
453,180	7233,5
453,320	7243,2
453,459	7272,4
453,599	7262,3
453,738	7257,4
453,878	7273,9
454,017	7293,3
454,156	7300,6
454,296	7275,7
454,435	7303
454,575	7287,4
454,714	7313,9
454,854	7310,2
454,993	7307,5
455,132	7300,4
455,272	7309,8
455,411	7326,2
455,551	7335,4
455,690	7353,9
455,830	7356,3
455,969	7372,7
456,109	7390,9
456,248	7395,8
456,387	7420,8
456,527	7411,2
456,666	7425,2
456,806	7454,2
456,945	7450,6
457,085	7439,5
457,224	7462
457,363	7478,9
457,503	7469,8
457,642	7486,3
457,782	7478,4
457,921	7491,4
458,061	7481,5
458,200	7494,7
458,339	7512,1
458,479	7503,3
458,618	7519,1
458,758	7499,7
458,897	7503,2
459,037	7552,3
459,176	7563,2
459,315	7536,4
459,455	7582,7
459,594	7587,7
459,734	7606,8
459,873	7632,3
460,013	7648,2
460,152	7650,7
460,292	7650
460,431	7672,7
460,570	7708,9
460,710	7708,4
460,849	7707
460,989	7716,9
461,128	7778,5
461,268	7754
461,407	7762,1
461,546	7764,4
461,686	7760,2
461,825	7767,2
461,965	7786,9
462,104	7782
462,244	7796,6
462,383	7796,5
462,522	7795,8
462,662	7794,2
462,801	7804,7
462,941	7823,4
463,080	7831,3
463,220	7827,7
463,359	7833
463,498	7819,5
463,638	7836,4
463,777	7837,7
463,917	7851,4
464,056	7880,5
464,196	7854,5
464,335	7896,5
464,474	7933,7
464,614	7906,8
464,753	7902,5
464,893	7917,5
465,032	7924,8
465,172	7951,4
465,311	7986,2
465,451	7984,7
465,590	7985,7
465,729	7978,1
465,869	7999,5
466,008	7991,1
466,148	7998,9
466,287	8008,4
466,427	8004,8
466,566	8020,6
466,705	8052,8
466,845	8048,4
466,984	8067
467,124	8088
467,263	8096,3
467,403	8107,4
467,542	8115
467,681	8136,4
467,821	8130,3
467,960	8165,7
468,100	8192,9
468,239	8188,9
468,379	8193,9
468,518	8209,2
468,657	8226,8
468,797	8260,2
468,936	8262,8
469,076	8239,9
469,215	8275,6
469,355	8245,9
469,494	8258,6
469,634	8301,4
469,773	8284,5
469,912	8319,6
470,052	8332,1
470,191	8336,7
470,331	8327,5
470,470	8342,5
470,610	8337,4
470,749	8357,2
470,888	8377,1
471,028	8375,3
471,167	8392
471,307	8371,5
471,446	8418,4
471,586	8437,1
471,725	8449,2
471,864	8463,3
472,004	8449,5
472,143	8473,8
472,283	8490,3
472,422	8474,6
472,562	8479,1
472,701	8489
472,840	8513,5
472,980	8522,6
473,119	8549
473,259	8544,7
473,398	8531,8
473,538	8552,6
473,677	8579,1
473,817	8569,3
473,956	8560,6
474,095	8603,5
474,235	8624,8
474,374	8597,7
474,514	8621,4
474,653	8665,4
474,793	8656,8
474,932	8674,8
475,071	8663,9
475,211	8706,7
475,350	8729,7
475,490	8740,1
475,629	8734,2
475,769	8757,8
475,908	8759,1
476,047	8778,4
476,187	8788
476,326	8778,3
476,466	8798,1
476,605	8805,7
476,745	8833,4
476,884	8865
477,023	8875
477,163	8891,8
477,302	8904,5
477,442	8918,5
477,581	8950,5
477,721	8970
477,860	8949,2
477,999	8976,7
478,139	9034
478,278	9003
478,418	9026,7
478,557	9027,5
478,697	9048,5
478,836	9043,7
478,976	9036,8
479,115	9035
479,254	9030,8
479,394	9038,2
479,533	9047
479,673	9069,8
479,812	9094,6
479,952	9023,7
480,091	9019,5
480,230	9069,2
480,370	9056,8
480,509	9079,6
480,649	9086,9
480,788	9091,3
480,928	9098,1
481,067	9104,6
481,206	9118
481,346	9126,3
481,485	9085
481,625	9108,5
481,764	9126,6
481,904	9172,1
482,043	9115,6
482,182	9111,3
482,322	9113,8
482,461	9116,7
482,601	9125,8
482,740	9122,5
482,880	9118,2
483,019	9112
483,159	9104
483,298	9122,4
483,437	9121,3
483,577	9106,1
483,716	9117,3
483,856	9107,3
483,995	9098,1
484,135	9113,2
484,274	9097,8
484,413	9104,9
484,553	9147,9
484,692	9131,2
484,832	9111,3
484,971	9113,3
485,111	9111,7
485,250	9101,6
485,389	9089,8
485,529	9146,1
485,668	9095
485,808	9113,6
485,947	9094,6
486,087	9120,7
486,226	9097,8
486,365	9095,2
486,505	9078,5
486,644	9040,3
486,784	9035,5
486,923	9076,6
487,063	9065,3
487,202	9059,8
487,342	9041,5
487,481	9065,7
487,620	9021,4
487,760	9005,9
487,899	9023,7
488,039	9033,8
488,178	9017,3
488,318	9019,2
488,457	9032,1
488,596	9028,8
488,736	9031,9
488,875	9045,9
489,015	9022,3
489,154	8984
489,294	8992,4
489,433	9071,6
489,572	9039,7
489,712	9071,5
489,851	9023
489,991	9009,4
490,130	9029,7
490,270	9009,3
490,409	9014,3
490,548	9061,2
490,688	9041,9
490,827	9016,2
490,967	9059,6
491,106	9062,7
491,246	9025
491,385	9060
491,524	9045,6
491,664	9079,2
491,803	9095,2
491,943	9128,9
492,082	9148,4
492,222	9149,3
492,361	9170
492,501	9167,4
492,640	9158,3
492,779	9162,2
492,919	9183,7
493,058	9225,7
493,198	9195,1
493,337	9220,7
493,477	9235,6
493,616	9252,2
493,755	9269,7
493,895	9295
494,034	9301,5
494,174	9305,4
494,313	9333
494,453	9367,5
494,592	9373,3
494,731	9356,1
494,871	9338,8
495,010	9386,8
495,150	9385,8
495,289	9387
495,429	9434,7
495,568	9391,1
495,707	9432,5
495,847	9465,4
495,986	9466,2
496,126	9464,3
496,265	9459,9
496,405	9502,6
496,544	9531,1
496,684	9536,9
496,823	9513,9
496,962	9556
497,102	9547,6
497,241	9602
497,381	9588,5
497,520	9581,8
497,660	9622,9
497,799	9612,4
497,938	9641,2
498,078	9662,7
498,217	9652
498,357	9678,1
498,496	9712,6
498,636	9730,5
498,775	9725,2
498,914	9708
499,054	9758,3
499,193	9792,4
499,333	9810,9
499,472	9817,3
499,612	9827,5
499,751	9823,9
499,890	9850,6
500,030	9850,6
500,169	9843,9
500,309	9874,5
500,448	9906,8
500,588	9903,4
500,727	9946,3
500,867	9927,2
501,006	10028
501,145	10011
501,285	9983,2
501,424	9991,8
501,564	10037
501,703	10085
501,843	10108
501,982	10071
502,121	10041
502,261	10065
502,400	10104
502,540	10143
502,679	10148
502,819	10141
502,958	10172
503,097	10171
503,237	10223
503,376	10217
503,516	10219
503,655	10223
503,795	10236
503,934	10259
504,073	10284
504,213	10283
504,352	10280
504,492	10311
504,631	10345
504,771	10366
504,910	10307
505,049	10412
505,189	10388
505,328	10399
505,468	10397
505,607	10433
505,747	10476
505,886	10465
506,026	10510
506,165	10559
506,304	10566
506,444	10562
506,583	10563
506,723	10586
506,862	10610
507,002	10661
507,141	10662
507,280	10584
507,420	10620
507,559	10723
507,699	10705
507,838	10741
507,978	10735
508,117	10733
508,256	10758
508,396	10773
508,535	10784
508,675	10815
508,814	10823
508,954	10791
509,093	10783
509,232	10890
509,372	10852
509,511	10938
509,651	10932
509,790	10900
509,930	10899
510,069	10953
510,209	10992
510,348	10987
510,487	11008
510,627	11038
510,766	11029
510,906	11041
511,045	11088
511,185	11076
511,324	11102
511,463	11074
511,603	11182
511,742	11190
511,882	11133
512,021	11177
512,161	11197
512,300	11202
512,439	11205
512,579	11245
512,718	11261
512,858	11230
512,997	11234
513,137	11275
513,276	11287
513,415	11237
513,555	11296
513,694	11322
513,834	11304
513,973	11336
514,113	11355
514,252	11424
514,392	11400
514,531	11389
514,670	11404
514,810	11449
514,949	11435
515,089	11380
515,228	11390
515,368	11377
515,507	11442
515,646	11474
515,786	11415
515,925	11475
516,065	11510
516,204	11525
516,344	11497
516,483	11577
516,622	11576
516,762	11540
516,901	11559
517,041	11574
517,180	11590
517,320	11652
517,459	11666
517,598	11594
517,738	11622
517,877	11647
518,017	11761
518,156	11655
518,296	11733
518,435	11677
518,574	11696
518,714	11728
518,853	11769
518,993	11711
519,132	11726
519,272	11761
519,411	11783
519,551	11844
519,690	11835
519,829	11793
519,969	11841
520,108	11834
520,248	11886
520,387	11839
520,527	11928
520,666	11882
520,805	11937
520,945	11925
521,084	11979
521,224	11996
521,363	11993
521,503	11982
521,642	11973
521,781	11984
521,921	11990
522,060	11966
522,200	11948
522,339	11950
522,479	12024
522,618	12022
522,757	12029
522,897	12092
523,036	12100
523,176	12074
523,315	12075
523,455	12100
523,594	12115
523,734	12148
523,873	12139
524,012	12129
524,152	12118
524,291	12045
524,431	12141
524,570	12214
524,710	12223
524,849	12240
524,988	12221
525,128	12288
525,267	12185
525,407	12271
525,546	12217
525,686	12215
525,825	12261
525,964	12292
526,104	12282
526,243	12272
526,383	12299
526,522	12321
526,662	12296
526,801	12277
526,940	12307
527,080	12348
527,219	12325
527,359	12310
527,498	12301
527,638	12294
527,777	12335
527,917	12362
528,056	12267
528,195	12256
528,335	12306
528,474	12367
528,614	12383
528,753	12390
528,893	12391
529,032	12318
529,171	12362
529,311	12417
529,450	12464
529,590	12385
529,729	12477
529,869	12501
530,008	12482
530,147	12466
530,287	12560
530,426	12501
530,566	12469
530,705	12534
530,845	12558
530,984	12559
531,123	12582
531,263	12578
531,402	12595
531,542	12660
531,681	12610
531,821	12587
531,960	12624
532,099	12664
532,239	12709
532,378	12674
532,518	12638
532,657	12664
532,797	12717
532,936	12686
533,076	12674
533,215	12707
533,354	12744
533,494	12753
533,633	12735
533,773	12721
533,912	12716
534,052	12702
534,191	12740
534,330	12830
534,470	12866
534,609	12843
534,749	12872
534,888	12910
535,028	12858
535,167	12867
535,306	12889
535,446	12904
535,585	12934
535,725	12959
535,864	12970
536,004	12982
536,143	12995
536,282	13029
536,422	13068
536,561	13037
536,701	13183
536,840	13110
536,980	13131
537,119	13254
537,259	13233
537,398	13224
537,537	13252
537,677	13258
537,816	13331
537,956	13310
538,095	13357
538,235	13386
538,374	13398
538,513	13426
538,653	13423
538,792	13414
538,932	13465
539,071	13526
539,211	13493
539,350	13449
539,489	13515
539,629	13543
539,768	13496
539,908	13552
540,047	13519
540,187	13600
540,326	13585
540,465	13540
540,605	13585
540,744	13594
540,884	13607
541,023	13635
541,163	13632
541,302	13651
541,442	13693
541,581	13668
541,720	13654
541,860	13730
541,999	13709
542,139	13626
542,278	13627
542,418	13698
542,557	13773
542,696	13792
542,836	13750
542,975	13795
543,115	13841
543,254	13801
543,394	13779
543,533	13830
543,672	13884
543,812	13920
543,951	13951
544,091	13925
544,230	13895
544,370	13973
544,509	13959
544,648	13958
544,788	14028
544,927	13953
545,067	13961
545,206	14092
545,346	14025
545,485	14067
545,624	14046
545,764	14115
545,903	14117
546,043	14151
546,182	14137
546,322	14137
546,461	14180
546,601	14227
546,740	14277
546,879	14263
547,019	14256
547,158	14221
547,298	14297
547,437	14267
547,577	14311
547,716	14341
547,855	14457
547,995	14437
548,134	14388
548,274	14380
548,413	14414
548,553	14528
548,692	14533
548,831	14547
548,971	14598
549,110	14631
549,250	14645
549,389	14666
549,529	14675
549,668	14673
549,807	14749
549,947	14800
550,086	14784
550,226	14713
550,365	14769
550,505	14848
550,644	14915
550,784	14949
550,923	14981
551,062	14961
551,202	14983
551,341	14986
551,481	15001
551,620	15066
551,760	15124
551,899	15146
552,038	15157
552,178	15176
552,317	15164
552,457	15093
552,596	15087
552,736	15246
552,875	15277
553,014	15302
553,154	15335
553,293	15391
553,433	15341
553,572	15377
553,712	15382
553,851	15428
553,990	15463
554,130	15551
554,269	15554
554,409	15584
554,548	15649
554,688	15696
554,827	15703
554,967	15708
555,106	15749
555,245	15788
555,385	15800
555,524	15817
555,664	15840
555,803	15945
555,943	15993
556,082	15971
556,221	16027
556,361	16005
556,500	16071
556,640	16054
556,779	16067
556,919	16173
557,058	16159
557,197	16190
557,337	16195
557,476	16221
557,616	16249
557,755	16263
557,895	16301
558,034	16364
558,173	16390
558,313	16359
558,452	16368
558,592	16423
558,731	16487
558,871	16497
559,010	16487
559,149	16556
559,289	16570
559,428	16576
559,568	16566
559,707	16576
559,847	16665
559,986	16681
560,126	16675
560,265	16675
560,404	16682
560,544	16752
560,683	16774
560,823	16773
560,962	16797
561,102	16806
561,241	16801
561,380	16793
561,520	16830
561,659	16897
561,799	16938
561,938	16980
562,078	16974
562,217	17002
562,356	16929
562,496	17047
562,635	17042
562,775	17025
562,914	17072
563,054	17072
563,193	17032
563,332	17105
563,472	17109
563,611	17098
563,751	17133
563,890	17214
564,030	17216
564,169	17164
564,309	17257
564,448	17336
564,587	17330
564,727	17333
564,866	17305
565,006	17375
565,145	17299
565,285	17374
565,424	17389
565,563	17472
565,703	17435
565,842	17452
565,982	17453
566,121	17510
566,261	17570
566,400	17612
566,539	17570
566,679	17561
566,818	17549
566,958	17604
567,097	17680
567,237	17695
567,376	17686
567,515	17691
567,655	17740
567,794	17774
567,934	17792
568,073	17820
568,213	17852
568,352	17879
568,492	17916
568,631	17946
568,770	17995
568,910	17942
569,049	17992
569,189	17960
569,328	18081
569,468	18146
569,607	18097
569,746	18139
569,886	18187
570,025	18167
570,165	18200
570,304	18233
570,444	18292
570,583	18381
570,722	18344
570,862	18336
571,001	18394
571,141	18472
571,280	18484
571,420	18536
571,559	18554
571,698	18620
571,838	18548
571,977	18568
572,117	18720
572,256	18716
572,396	18779
572,535	18752
572,675	18818
572,814	18802
572,953	18773
573,093	18888
573,232	18935
573,372	18940
573,511	18981
573,651	18994
573,790	18957
573,929	18997
574,069	19082
574,208	19135
574,348	19155
574,487	19083
574,627	19139
574,766	19171
574,905	19236
575,045	19219
575,184	19229
575,324	19233
575,463	19281
575,603	19368
575,742	19314
575,881	19439
576,021	19357
576,160	19437
576,300	19409
576,439	19433
576,579	19467
576,718	19509
576,857	19522
576,997	19477
577,136	19502
577,276	19562
577,415	19608
577,555	19656
577,694	19653
577,834	19664
577,973	19674
578,112	19715
578,252	19725
578,391	19826
578,531	19840
578,670	19782
578,810	19811
578,949	19813
579,088	19800
579,228	19911
579,367	19933
579,507	19977
579,646	19907
579,786	20056
579,925	19986
580,064	20079
580,204	20083
580,343	20060
580,483	20106
580,622	20166
580,762	20170
580,901	20173
581,040	20195
581,180	20238
581,319	20270
581,459	20323
581,598	20396
581,738	20368
581,877	20394
582,017	20395
582,156	20519
582,295	20539
582,435	20577
582,574	20638
582,714	20576
582,853	20610
582,993	20609
583,132	20686
583,271	20741
583,411	20791
583,550	20840
583,690	20834
583,829	20861
583,969	20930
584,108	20958
584,247	20939
584,387	21009
584,526	20984
584,666	21004
584,805	21118
584,945	21155
585,084	21170
585,223	21226
585,363	21326
585,502	21362
585,642	21376
585,781	21382
585,921	21369
586,060	21391
586,200	21457
586,339	21512
586,478	21517
586,618	21528
586,757	21581
586,897	21588
587,036	21637
587,176	21640
587,315	21683
587,454	21648
587,594	21774
587,733	21839
587,873	21883
588,012	21830
588,152	21911
588,291	21946
588,430	21930
588,570	21966
588,709	22057
588,849	22099
588,988	22096
589,128	22097
589,267	22121
589,406	22155
589,546	22273
589,685	22272
589,825	22190
589,964	22201
590,104	22314
590,243	22373
590,382	22374
590,522	22403
590,661	22444
590,801	22554
590,940	22550
591,080	22429
591,219	22529
591,359	22627
591,498	22661
591,637	22616
591,777	22653
591,916	22632
592,056	22673
592,195	22764
592,335	22781
592,474	22810
592,613	22832
592,753	22838
592,892	22872
593,032	22910
593,171	22833
593,311	22882
593,450	22924
593,589	23005
593,729	22973
593,868	22972
594,008	23041
594,147	23108
594,287	23064
594,426	23045
594,565	23079
594,705	23067
594,844	23144
594,984	23153
595,123	23168
595,263	23138
595,402	23139
595,542	23174
595,681	23177
595,820	23214
595,960	23192
596,099	23211
596,239	23363
596,378	23268
596,518	23301
596,657	23319
596,796	23331
596,936	23318
597,075	23350
597,215	23386
597,354	23469
597,494	23529
597,633	23518
597,772	23512
597,912	23475
598,051	23600
598,191	23528
598,330	23521
598,470	23584
598,609	23704
598,748	23712
598,888	23711
599,027	23716
599,167	23763
599,306	23847
599,446	23904
599,585	23916
599,725	23973
599,864	24015
600,003	24016
600,143	24025
600,282	24039
600,422	24098
600,561	24201
600,701	24137
600,840	24144
600,979	24247
601,119	24268
601,258	24320
601,398	24426
601,537	24440
601,677	24475
601,816	24505
601,955	24511
602,095	24551
602,234	24554
602,374	24609
602,513	24670
602,653	24704
602,792	24785
602,931	24812
603,071	24793
603,210	24851
603,350	24895
603,489	24872
603,629	24914
603,768	24935
603,907	25062
604,047	25104
604,186	25095
604,326	25111
604,465	25135
604,605	25240
604,744	25221
604,884	25249
605,023	25285
605,162	25272
605,302	25512
605,441	25447
605,581	25463
605,720	25556
605,860	25436
605,999	25550
606,138	25582
606,278	25661
606,417	25683
606,557	25643
606,696	25648
606,836	25725
606,975	25804
607,114	25829
607,254	25803
607,393	25815
607,533	25779
607,672	25836
607,812	25895
607,951	25901
608,090	25978
608,230	25973
608,369	25928
608,509	25943
608,648	25955
608,788	25910
608,927	25939
609,067	25971
609,206	26053
609,345	26107
609,485	26113
609,624	26120
609,764	26155
609,903	26207
610,043	26146
610,182	26219
610,321	26341
610,461	26176
610,600	26230
610,740	26378
610,879	26315
611,019	26312
611,158	26384
611,297	26354
611,437	26397
611,576	26361
611,716	26433
611,855	26517
611,995	26544
612,134	26564
612,273	26566
612,413	26617
612,552	26629
612,692	26629
612,831	26658
612,971	26644
613,110	26693
613,250	26771
613,389	26791
613,528	26852
613,668	26895
613,807	26824
613,947	26925
614,086	26902
614,226	26895
614,365	26979
614,504	27029
614,644	27092
614,783	27083
614,923	27130
615,062	27149
615,202	27195
615,341	27180
615,480	27182
615,620	27240
615,759	27222
615,899	27213
616,038	27331
616,178	27421
616,317	27437
616,456	27431
616,596	27445
616,735	27392
616,875	27470
617,014	27525
617,154	27557
617,293	27545
617,432	27575
617,572	27665
617,711	27746
617,851	27745
617,990	27713
618,130	27788
618,269	27770
618,409	27880
618,548	27824
618,687	27914
618,827	28041
618,966	27907
619,106	27979
619,245	27966
619,385	28038
619,524	28019
619,663	28039
619,803	28115
619,942	28160
620,082	28181
620,221	28253
620,361	28308
620,500	28284
620,639	28285
620,779	28302
620,918	28312
621,058	28353
621,197	28415
621,337	28437
621,476	28521
621,615	28454
621,755	28434
621,894	28404
622,034	28539
622,173	28582
622,313	28610
622,452	28652
622,592	28692
622,731	28602
622,870	28612
623,010	28616
623,149	28697
623,289	28700
623,428	28694
623,568	28706
623,707	28727
623,846	28793
623,986	28861
624,125	28843
624,265	28925
624,404	28832
624,544	28704
624,683	28841
624,822	28800
624,962	28801
625,101	28896
625,241	28894
625,380	28971
625,520	28967
625,659	28974
625,798	29033
625,938	29060
626,077	29040
626,217	29009
626,356	29001
626,496	29072
626,635	29137
626,775	29159
626,914	29137
627,053	29180
627,193	29215
627,332	29301
627,472	29285
627,611	29213
627,751	29290
627,890	29393
628,029	29422
628,169	29358
628,308	29332
628,448	29453
628,587	29517
628,727	29568
628,866	29604
629,005	29532
629,145	29499
629,284	29507
629,424	29530
629,563	29565
629,703	29593
629,842	29645
629,981	29683
630,121	29763
630,260	29846
630,400	29705
630,539	29711
630,679	29778
630,818	29778
630,957	29909
631,097	29804
631,236	29851
631,376	29805
631,515	29944
631,655	29936
631,794	29966
631,934	29918
632,073	29939
632,212	29977
632,352	29985
632,491	30021
632,631	30034
632,770	30067
632,910	30137
633,049	30125
633,188	30204
633,328	30088
633,467	30138
633,607	30117
633,746	30179
633,886	30221
634,025	30240
634,164	30214
634,304	30261
634,443	30329
634,583	30341
634,722	30336
634,862	30333
635,001	30344
635,140	30297
635,280	30306
635,419	30322
635,559	30393
635,698	30499
635,838	30466
635,977	30432
636,117	30505
636,256	30522
636,395	30432
636,535	30459
636,674	30399
636,814	30482
636,953	30507
637,093	30480
637,232	30576
637,371	30519
637,511	30631
637,650	30636
637,790	30638
637,929	30630
638,069	30649
638,208	30779
638,347	30747
638,487	30679
638,626	30651
638,766	30710
638,905	30676
639,045	30653
639,184	30766
639,323	30770
639,463	30838
639,602	30792
639,742	30678
639,881	30702
640,021	30797
640,160	30805
640,300	30938
640,439	30778
640,578	30810
640,718	30774
640,857	30943
640,997	30954
641,136	30933
641,276	30777
641,415	30855
641,554	30850
641,694	30905
641,833	30924
641,973	30969
642,112	30979
642,252	30989
642,391	30935
642,530	30838
642,670	30936
642,809	31078
642,949	31148
643,088	31091
643,228	31180
643,367	31059
643,506	31113
643,646	31215
643,785	31112
643,925	31047
644,064	31233
644,204	31130
644,343	31277
644,482	31226
644,622	31201
644,761	31204
644,901	31149
645,040	31216
645,180	31267
645,319	31324
645,459	31364
645,598	31402
645,737	31385
645,877	31363
646,016	31432
646,156	31476
646,295	31388
646,435	31320
646,574	31334
646,713	31308
646,853	31403
646,992	31322
647,132	31483
647,271	31385
647,411	31423
647,550	31310
647,689	31439
647,829	31454
647,968	31461
648,108	31561
648,247	31506
648,387	31665
648,526	31458
648,665	31452
648,805	31598
648,944	31538
649,084	31571
649,223	31626
649,363	31614
649,502	31671
649,642	31688
649,781	31625
649,920	31615
650,060	31667
650,199	31709
650,339	31699
650,478	31725
650,618	31777
650,757	31788
650,896	31811
651,036	31910
651,175	31882
651,315	31876
651,454	31901
651,594	32016
651,733	31686
651,872	31849
652,012	31792
652,151	31800
652,291	31927
652,430	31914
652,570	31916
652,709	31806
652,848	31868
652,988	31924
653,127	31912
653,267	31822
653,406	31852
653,546	31997
653,685	31962
653,825	31881
653,964	31909
654,103	31844
654,243	31782
654,382	31877
654,522	32035
654,661	32037
654,801	31953
654,940	32056
655,079	32050
655,219	32051
655,358	31929
655,498	32056
655,637	31892
655,777	31839
655,916	32019
656,055	31972
656,195	31996
656,334	31912
656,474	32008
656,613	31924
656,753	32041
656,892	32122
657,031	32031
657,171	32089
657,310	32043
657,450	31883
657,589	31933
657,729	31987
657,868	31989
658,007	32048
658,147	32026
658,286	31999
658,426	31996
658,565	31909
658,705	31947
658,844	31977
658,984	31992
659,123	31955
659,262	31932
659,402	31911
659,541	31846
659,681	31887
659,820	31949
659,960	31843
660,099	31769
660,238	31777
660,378	31931
660,517	31928
660,657	31838
660,796	31923
660,936	31776
661,075	31827
661,214	31858
661,354	31827
661,493	31892
661,633	31815
661,772	31792
661,912	31773
662,051	31692
662,190	31748
662,330	31806
662,469	31848
662,609	31847
662,748	31728
662,888	31696
663,027	31669
663,167	31762
663,306	31791
663,445	31884
663,585	31806
663,724	31705
663,864	31761
664,003	31744
664,143	31692
664,282	31824
664,421	31790
664,561	31773
664,700	31711
664,840	31752
664,979	31781
665,119	31732
665,258	31642
665,397	31693
665,537	31601
665,676	31683
665,816	31737
665,955	31598
666,095	31592
666,234	31674
666,373	31665
666,513	31697
666,652	31695
666,792	31534
666,931	31459
667,071	31516
667,210	31541
667,350	31515
667,489	31503
667,628	31519
667,768	31501
667,907	31478
668,047	31457
668,186	31519
668,326	31550
668,465	31493
668,604	31332
668,744	31307
668,883	31222
669,023	31302
669,162	31259
669,302	31177
669,441	31166
669,580	31230
669,720	31220
669,859	31213
669,999	31334
670,138	31180
670,278	31042
670,417	31081
670,556	31181
670,696	31080
670,835	31049
670,975	31233
671,114	31217
671,254	31140
671,393	31104
671,532	31027
671,672	31040
671,811	31005
671,951	30947
672,090	30920
672,230	30890
672,369	30938
672,509	30971
672,648	30896
672,787	30839
672,927	30788
673,066	30773
673,206	30801
673,345	30675
673,485	30780
673,624	30924
673,763	30771
673,903	30806
674,042	30734
674,182	30673
674,321	30804
674,461	30728
674,600	30673
674,739	30655
674,879	30671
675,018	30572
675,158	30628
675,297	30668
675,437	30591
675,576	30461
675,715	30548
675,855	30591
675,994	30422
676,134	30461
676,273	30547
676,413	30300
676,552	30347
676,692	30302
676,831	30308
676,970	30391
677,110	30333
677,249	30216
677,389	30317
677,528	30364
677,668	30377
677,807	30338
677,946	30304
678,086	30303
678,225	30256
678,365	30229
678,504	30255
678,644	30244
678,783	30104
678,922	30085
679,062	30007
679,201	30007
679,341	30004
679,480	29996
679,620	29953
679,759	29853
679,898	29909
680,038	29803
680,177	29797
680,317	29770
680,456	29779
680,596	29682
680,735	29723
680,875	29716
681,014	29784
681,153	29748
681,293	29683
681,432	29802
681,572	29712
681,711	29654
681,851	29518
681,990	29513
682,129	29544
682,269	29479
682,408	29400
682,548	29471
682,687	29408
682,827	29410
682,966	29380
683,105	29318
683,245	29225
683,384	29287
683,524	29225
683,663	29186
683,803	29147
683,942	29100
684,081	29088
684,221	29049
684,360	29002
684,500	29009
684,639	29023
684,779	28996
684,918	28956
685,057	28938
685,197	28929
685,336	28937
685,476	28932
685,615	28795
685,755	28837
685,894	28811
686,034	28788
686,173	28684
686,312	28675
686,452	28720
686,591	28664
686,731	28525
686,870	28563
687,010	28537
687,149	28463
687,288	28550
687,428	28432
687,567	28421
687,707	28435
687,846	28391
687,986	28358
688,125	28430
688,264	28332
688,404	28311
688,543	28364
688,683	28459
688,822	28333
688,962	28272
689,101	28299
689,240	28356
689,380	28313
689,519	28294
689,659	28365
689,798	28192
689,938	28215
690,077	28209
690,217	28146
690,356	28096
690,495	28116
690,635	28140
690,774	28069
690,914	28046
691,053	27977
691,193	27929
691,332	28008
691,471	27978
691,611	27918
691,750	27853
691,890	27911
692,029	27987
692,169	27958
692,308	27821
692,447	27782
692,587	27826
692,726	27837
692,866	27848
693,005	27883
693,145	27869
693,284	27867
693,423	27871
693,563	27813
693,702	27810
693,842	27745
693,981	27705
694,121	27693
694,260	27668
694,400	27603
694,539	27551
694,678	27504
694,818	27458
694,957	27511
695,097	27550
695,236	27507
695,376	27565
695,515	27565
695,654	27539
695,794	27494
695,933	27556
696,073	27407
696,212	27458
696,352	27358
696,491	27370
696,630	27593
696,770	27299
696,909	27352
697,049	27434
697,188	27387
697,328	27396
697,467	27347
697,606	27376
697,746	27375
697,885	27243
698,025	27196
698,164	27213
698,304	27054
698,443	27061
698,582	27124
698,722	27093
698,861	27188
699,001	27174
699,140	27122
699,280	26996
699,419	26916
699,559	26822
699,698	26870
699,837	26856
699,977	26883
700,116	26870
700,256	26765
700,395	26760
700,535	26841
700,674	26814
700,813	26813
700,953	26774
701,092	26783
701,232	26742
701,371	26713
701,511	26779
701,650	26775
701,789	26678
701,929	26678
702,068	26666
702,208	26668
702,347	26697
702,487	26654
702,626	26586
702,765	26515
702,905	26504
703,044	26563
703,184	26575
703,323	26563
703,463	26472
703,602	26460
703,742	26507
703,881	26456
704,020	26414
704,160	26378
704,299	26390
704,439	26364
704,578	26294
704,718	26224
704,857	26198
704,996	26189
705,136	26186
705,275	26177
705,415	26097
705,554	26137
705,694	26117
705,833	26093
705,972	26117
706,112	26159
706,251	26106
706,391	26121
706,530	26072
706,670	26123
706,809	26109
706,948	26056
707,088	26062
707,227	25970
707,367	25978
707,506	26065
707,646	26057
707,785	25977
707,925	25935
708,064	25926
708,203	25890
708,343	25868
708,482	25923
708,622	25870
708,761	25850
708,901	25995
709,040	25929
709,179	25750
709,319	25735
709,458	25764
709,598	25776
709,737	25728
709,877	25678
710,016	25675
710,155	25751
710,295	25738
710,434	25734
710,574	25635
710,713	25606
710,853	25675
710,992	25565
711,131	25666
711,271	25562
711,410	25509
711,550	25572
711,689	25486
711,829	25358
711,968	25334
712,108	25342
712,247	25321
712,386	25287
712,526	25320
712,665	25307
712,805	25170
712,944	25157
713,084	25290
713,223	25320
713,362	25137
713,502	25221
713,641	25130
713,781	25082
713,920	25245
714,060	25165
714,199	25173
714,338	25148
714,478	25030
714,617	25097
714,757	25055
714,896	25067
715,036	25102
715,175	25063
715,314	25063
715,454	24975
715,593	24961
715,733	24870
715,872	24890
716,012	24771
716,151	24755
716,290	24828
716,430	24799
716,569	24759
716,709	24734
716,848	24779
716,988	24797
717,127	24863
717,267	24675
717,406	24716
717,545	24692
717,685	24625
717,824	24670
717,964	24611
718,103	24498
718,243	24495
718,382	24536
718,521	24546
718,661	24489
718,800	24383
718,940	24339
719,079	24377
719,219	24362
719,358	24338
719,497	24342
719,637	24274
719,776	24271
719,916	24297
720,055	24369
720,195	24337
720,334	24274
720,473	24232
720,613	24225
720,752	24237
720,892	24243
721,031	24214
721,171	24196
721,310	24246
721,450	24174
721,589	24171
721,728	24151
721,868	24182
722,007	24127
722,147	24147
722,286	24116
722,426	24071
722,565	24078
722,704	24092
722,844	24075
722,983	24047
723,123	24059
723,262	24055
723,402	24064
723,541	24038
723,680	24051
723,820	24082
723,959	24066
724,099	24034
724,238	24026
724,378	24065
724,517	24074
724,656	24029
724,796	23978
724,935	23907
725,075	23936
725,214	23964
725,354	23839
725,493	23820
725,633	23868
725,772	23855
725,911	23810
726,051	23835
726,190	23792
726,330	23776
726,469	23759
726,609	23818
726,748	23737
726,887	23696
727,027	23711
727,166	23694
727,306	23679
727,445	23710
727,585	23703
727,724	23663
727,863	23634
728,003	23615
728,142	23604
728,282	23563
728,421	23599
728,561	23631
728,700	23644
728,839	23616
728,979	23638
729,118	23623
729,258	23553
729,397	23573
729,537	23485
729,676	23479
729,815	23481
729,955	23431
730,094	23485
730,234	23457
730,373	23424
730,513	23483
730,652	23425
730,792	23360
730,931	23382
731,070	23426
731,210	23298
731,349	23288
731,489	23347
731,628	23258
731,768	23223
731,907	23206
732,046	23203
732,186	23227
732,325	23254
732,465	23275
732,604	23187
732,744	23154
732,883	23153
733,022	23103
733,162	23093
733,301	23093
733,441	23150
733,580	23024
733,720	23005
733,859	22952
733,998	22925
734,138	22985
734,277	22962
734,417	22909
734,556	22949
734,696	22804
734,835	22874
734,975	22875
735,114	22813
735,253	22927
735,393	22885
735,532	22887
735,672	22957
735,811	22979
735,951	22926
736,090	22826
736,229	22859
736,369	22868
736,508	22813
736,648	22834
736,787	22790
736,927	22785
737,066	22745
737,205	22672
737,345	22665
737,484	22627
737,624	22584
737,763	22563
737,903	22557
738,042	22502
738,181	22433
738,321	22494
738,460	22451
738,600	22399
738,739	22405
738,879	22420
739,018	22430
739,158	22357
739,297	22344
739,436	22365
739,576	22276
739,715	22385
739,855	22280
739,994	22290
740,134	22332
740,273	22323
740,412	22220
740,552	22305
740,691	22278
740,831	22289
740,970	22258
741,110	22247
741,249	22325
741,388	22349
741,528	22345
741,667	22245
741,807	22322
741,946	22327
742,086	22267
742,225	22311
742,364	22207
742,504	22171
742,643	22180
742,783	22177
742,922	22094
743,062	22121
743,201	22120
743,340	22062
743,480	21967
743,619	21898
743,759	21922
743,898	21987
744,038	21927
744,177	21880
744,317	21898
744,456	21896
744,595	21873
744,735	21861
744,874	21796
745,014	21813
745,153	21782
745,293	21769
745,432	21698
745,571	21796
745,711	21755
745,850	21710
745,990	21802
746,129	21747
746,269	21723
746,408	21727
746,547	21757
746,687	21699
746,826	21681
746,966	21718
747,105	21752
747,245	21682
747,384	21618
747,523	21636
747,663	21695
747,802	21658
747,942	21608
748,081	21655
748,221	21561
748,360	21527
748,500	21534
748,639	21494
748,778	21420
748,918	21373
749,057	21379
749,197	21366
749,336	21360
749,476	21395
749,615	21411
749,754	21337
749,894	21360
750,033	21378
750,173	21296
750,312	21279
750,452	21325
750,591	21327
750,730	21352
750,870	21308
751,009	21220
751,149	21247
751,288	21262
751,428	21312
751,567	21285
751,706	21225
751,846	21189
751,985	21191
752,125	21144
752,264	21293
752,404	21132
752,543	21181
752,683	21184
752,822	21149
752,961	21187
753,101	21155
753,240	21153
753,380	21188
753,519	21151
753,659	21068
753,798	21047
753,937	20932
754,077	21064
754,216	21101
754,356	21022
754,495	20956
754,635	20935
754,774	20889
754,913	20889
755,053	20846
755,192	20826
755,332	20808
755,471	20766
755,611	20729
755,750	20743
755,889	20667
756,029	20706
756,168	20775
756,308	20757
756,447	20804
756,587	20814
756,726	20807
756,865	20794
757,005	20793
757,144	20833
757,284	20794
757,423	20768
757,563	20741
757,702	20691
757,842	20724
757,981	20753
758,120	20805
758,260	20663
758,399	20699
758,539	20626
758,678	20635
758,818	20603
758,957	20613
759,096	20610
759,236	20546
759,375	20502
759,515	20501
759,654	20484
759,794	20529
759,933	20487
760,072	20455
760,212	20471
760,351	20479
760,491	20505
760,630	20441
760,770	20579
760,909	20530
761,048	20562
761,188	20440
761,327	20472
761,467	20488
761,606	20547
761,746	20400
761,885	20415
762,025	20382
762,164	20297
762,303	20209
762,443	20245
762,582	20239
762,722	20279
762,861	20160
763,001	20138
763,140	20108
763,279	20154
763,419	20156
763,558	20081
763,698	20110
763,837	20190
763,977	20184
764,116	20087
764,255	20180
764,395	20165
764,534	20128
764,674	20130
764,813	20143
764,953	20173
765,092	20136
765,231	20164
765,371	20185
765,510	20117
765,650	20027
765,789	19984
765,929	20016
766,068	20043
766,208	20004
766,347	19988
766,486	19952
766,626	19950
766,765	19917
766,905	19808
767,044	19849
767,184	19856
767,323	19833
767,462	19841
767,602	19803
767,741	19773
767,881	19792
768,020	19796
768,160	19806
768,299	19810
768,438	19788
768,578	19710
768,717	19726
768,857	19712
768,996	19749
769,136	19713
769,275	19694
769,414	19665
769,554	19828
769,693	19751
769,833	19758
769,972	19740
770,112	19878
770,251	19794
770,390	19753
770,530	19767
770,669	19783
770,809	19859
770,948	19744
771,088	19715
771,227	19737
771,367	19734
771,506	19703
771,645	19695
771,785	19648
771,924	19661
772,064	19670
772,203	19626
772,343	19519
772,482	19568
772,621	19442
772,761	19390
772,900	19568
773,040	19415
773,179	19478
773,319	19264
773,458	19409
773,597	19341
773,737	19429
773,876	19432
774,016	19418
774,155	19312
774,295	19265
774,434	19414
774,573	19387
774,713	19399
774,852	19205
774,992	19309
775,131	19371
775,271	19256
775,410	19365
775,550	19470
775,689	19290
775,828	19311
775,968	19318
776,107	19375
776,247	19265
776,386	19346
776,526	19302
776,665	19348
776,804	19353
776,944	19371
777,083	19331
777,223	19317
777,362	19205
777,502	19188
777,641	19176
777,780	19210
777,920	19216
778,059	19125
778,199	19162
778,338	19156
778,478	19181
778,617	19089
778,756	19086
778,896	19062
779,035	19023
779,175	19035
779,314	19046
779,454	19043
779,593	18996
779,733	18974
779,872	19072
780,011	19113
780,151	19053
780,290	18999
780,430	19038
780,569	19016
780,709	19058
780,848	19110
780,987	19117
781,127	19083
781,266	19080
781,406	19063
781,545	19043
781,685	19057
781,824	19087
781,963	19073
782,103	19088
782,242	19094
782,382	19089
782,521	19054
782,661	19028
782,800	19026
782,939	19018
783,079	19034
783,218	19004
783,358	18949
783,497	18926
783,637	18898
783,776	18882
783,915	18871
784,055	18931
784,194	19004
784,334	18966
784,473	18861
784,613	18842
784,752	18854
784,892	18843
785,031	18842
785,170	18897
785,310	18968
785,449	18971
785,589	18994
785,728	18910
785,868	18836
786,007	18950
786,146	18945
786,286	18912
786,425	18989
786,565	18953
786,704	18950
786,844	19002
786,983	18968
787,122	19008
787,262	18965
787,401	18880
787,541	18967
787,680	18992
787,820	18916
787,959	18889
788,098	18882
788,238	18870
788,377	18878
788,517	18881
788,656	18852
788,796	18784
788,935	18783
789,075	18830
789,214	18825
789,353	18839
789,493	18814
789,632	18774
789,772	18834
789,911	18899
790,051	18836
790,190	18768
790,329	18827
790,469	18843
790,608	18794
790,748	18829
790,887	18810
791,027	18771
791,166	18834
791,305	18858
791,445	18878
791,584	18876
791,724	18850
791,863	18882
792,003	18820
792,142	18771
792,281	18871
792,421	18875
792,560	18897
792,700	18914
792,839	18881
792,979	18881
793,118	18855
793,258	18843
793,397	18824
793,536	18807
793,676	18762
793,815	18749
793,955	18789
794,094	18804
794,234	18790
794,373	18765
794,512	18723
794,652	18694
794,791	18674
794,931	18696
795,070	18706
795,210	18683
795,349	18730
795,488	18733
795,628	18655
795,767	18707
795,907	18826
796,046	18806
796,186	18684
796,325	18710
796,464	18742
796,604	18700
796,743	18692
796,883	18705
797,022	18785
797,162	18681
797,301	18594
797,440	18687
797,580	18745
797,719	18778
797,859	18772
797,998	18766
798,138	18750
798,277	18710
798,417	18661
798,556	18670
798,695	18641
798,835	18721
798,974	18735
799,114	18721
799,253	18741
799,393	18652
799,532	18635
799,671	18629
799,811	18632
799,950	18617
800,090	18623
