350,000	6567,6
350,128	6572,6
350,256	6546,6
350,384	6489,4
350,511	6454,9
350,639	6475,3
350,767	6501,8
350,895	6553,3
351,023	6505,6
351,151	6563,2
351,278	6603,3
351,406	6555,7
351,534	6597,8
351,662	6591,9
351,790	6504,3
351,918	6486,6
352,045	6487,5
352,173	6472,8
352,301	6505,3
352,429	6513,5
352,557	6526,7
352,685	6510,6
352,812	6495,1
352,940	6506,2
353,068	6553,8
353,196	6595,6
353,324	6550,3
353,452	6528,4
353,579	6513,2
353,707	6492,2
353,835	6473,7
353,963	6549,2
354,091	6507,6
354,219	6547,8
354,346	6554
354,474	6505
354,602	6534,7
354,730	6519,5
354,858	6522,8
354,986	6524,9
355,113	6511,2
355,241	6507,2
355,369	6584,9
355,497	6488,6
355,625	6467,9
355,753	6509,4
355,880	6526,6
356,008	6522,2
356,136	6579,1
356,264	6570,3
356,392	6519,4
356,520	6525,4
356,647	6522,9
356,775	6488,6
356,903	6433,4
357,031	6471,8
357,159	6470,7
357,287	6476,6
357,414	6479,8
357,542	6499,3
357,670	6559,2
357,798	6558
357,926	6518,1
358,054	6478
358,182	6485,1
358,309	6511,1
358,437	6507,8
358,565	6532,1
358,693	6552,3
358,821	6553,6
358,949	6565,3
359,076	6544,4
359,204	6474,3
359,332	6584,9
359,460	6499,2
359,588	6469,4
359,716	6469,7
359,843	6465,9
359,971	6450,7
360,099	6528,9
360,227	6474,1
360,355	6514,9
360,483	6544,5
360,610	6529,9
360,738	6486,9
360,866	6525,6
360,994	6504,4
361,122	6525,9
361,250	6491,1
361,377	6458,4
361,505	6455,7
361,633	6447
361,761	6514,8
361,889	6465,5
362,017	6498,9
362,144	6506,3
362,272	6483,1
362,400	6534,4
362,528	6421,4
362,656	6464,2
362,784	6520,5
362,911	6533,2
363,039	6493,1
363,167	6433,3
363,295	6516,2
363,423	6443,8
363,551	6501,8
363,678	6494,5
363,806	6464,2
363,934	6516,5
364,062	6474,3
364,190	6513,9
364,318	6457,4
364,445	6493,8
364,573	6555,4
364,701	6538,3
364,829	6455,9
364,957	6474,8
365,085	6467,5
365,212	6450
365,340	6432,4
365,468	6417,9
365,596	6393,9
365,724	6443,2
365,852	6507,2
365,979	6473,3
366,107	6450,8
366,235	6474,3
366,363	6452,7
366,491	6367,2
366,619	6434,9
366,747	6467,8
366,874	6443,9
367,002	6388,7
367,130	6366,7
367,258	6472,4
367,386	6407
367,514	6443
367,641	6467,1
367,769	6443,6
367,897	6393,4
368,025	6498,5
368,153	6501
368,281	6427,8
368,408	6403,7
368,536	6405,6
368,664	6397,6
368,792	6448,2
368,920	6472,6
369,048	6464,3
369,175	6450,7
369,303	6454,8
369,431	6470,7
369,559	6437,3
369,687	6424,6
369,815	6498
369,942	6429,5
370,070	6392,5
370,198	6423,4
370,326	6400,5
370,454	6407,5
370,582	6355,5
370,709	6320,9
370,837	6313,5
370,965	6338,1
371,093	6387,7
371,221	6397,4
371,349	6383,7
371,476	6412,1
371,604	6371,3
371,732	6347,2
371,860	6421,3
371,988	6451,2
372,116	6371,3
372,243	6404,3
372,371	6368,8
372,499	6324,7
372,627	6330,1
372,755	6384,9
372,883	6335,8
373,010	6397,5
373,138	6383,1
373,266	6362,2
373,394	6377,2
373,522	6428,2
373,650	6338,2
373,777	6381,7
373,905	6357
374,033	6358,2
374,161	6395,5
374,289	6430,2
374,417	6357,5
374,545	6363,9
374,672	6378,6
374,800	6371,8
374,928	6362,9
375,056	6372
375,184	6394,6
375,312	6362,8
375,439	6353,8
375,567	6322,5
375,695	6313,3
375,823	6326,8
375,951	6308,7
376,079	6343,3
376,206	6305,3
376,334	6305,9
376,462	6371,1
376,590	6420,9
376,718	6352,5
376,846	6313,1
376,973	6315,3
377,101	6335,6
377,229	6343,7
377,357	6341,4
377,485	6339,9
377,613	6361,6
377,740	6374,2
377,868	6358,5
377,996	6342,6
378,124	6348,1
378,252	6369,6
378,380	6379,9
378,507	6310,2
378,635	6348,1
378,763	6347,1
378,891	6389,3
379,019	6429,3
379,147	6385,6
379,274	6383,8
379,402	6345,1
379,530	6354,6
379,658	6348,2
379,786	6355,9
379,914	6391,1
380,041	6373,8
380,169	6322,7
380,297	6398,1
380,425	6380,2
380,553	6387,6
380,681	6428,6
380,808	6410
380,936	6447,7
381,064	6417,9
381,192	6393,2
381,320	6399,5
381,448	6402
381,575	6368
381,703	6400,6
381,831	6390,3
381,959	6422,6
382,087	6370,8
382,215	6351,3
382,343	6395,2
382,470	6345,3
382,598	6340,3
382,726	6348,1
382,854	6356,2
382,982	6366,6
383,110	6370,5
383,237	6341,5
383,365	6365,2
383,493	6366,2
383,621	6383,5
383,749	6394,8
383,877	6404,6
384,004	6418,2
384,132	6370,9
384,260	6424,2
384,388	6424,4
384,516	6403,6
384,644	6378,8
384,771	6384
384,899	6450,4
385,027	6422,3
385,155	6391,7
385,283	6390,3
385,411	6373,8
385,538	6371,1
385,666	6407,8
385,794	6357,2
385,922	6367,2
386,050	6398,9
386,178	6430,7
386,305	6417,6
386,433	6355,9
386,561	6341,1
386,689	6392,9
386,817	6387,5
386,945	6419,7
387,072	6426,5
387,200	6413,3
387,328	6417,3
387,456	6396,7
387,584	6424,4
387,712	6409,6
387,839	6388,8
387,967	6399,3
388,095	6436,1
388,223	6435
388,351	6372
388,479	6368,4
388,606	6394,8
388,734	6423,5
388,862	6432,9
388,990	6415,1
389,118	6399,9
389,246	6391,4
389,373	6424,3
389,501	6423,7
389,629	6426,8
389,757	6449,5
389,885	6397,7
390,013	6403,3
390,141	6363,7
390,268	6363,3
390,396	6406,3
390,524	6452,5
390,652	6456,7
390,780	6381,3
390,908	6399,8
391,035	6421,3
391,163	6438,2
391,291	6448,6
391,419	6450,7
391,547	6400,2
391,675	6398,9
391,802	6440,7
391,930	6417,8
392,058	6442
392,186	6492,8
392,314	6486,6
392,442	6402
392,569	6406,2
392,697	6416,3
392,825	6411,1
392,953	6414,2
393,081	6440,4
393,209	6440,3
393,336	6408,4
393,464	6464,5
393,592	6453,9
393,720	6443
393,848	6415,5
393,976	6400,7
394,103	6437
394,231	6445,5
394,359	6476,4
394,487	6434,3
394,615	6403,1
394,743	6445,8
394,870	6434
394,998	6521,8
395,126	6461,7
395,254	6424,5
395,382	6421
395,510	6445,7
395,637	6435,5
395,765	6444,6
395,893	6462,7
396,021	6440,8
396,149	6463,2
396,277	6472,5
396,404	6437,6
396,532	6391,5
396,660	6443,7
396,788	6537,1
396,916	6496,9
397,044	6443,5
397,171	6421,5
397,299	6440,5
397,427	6455,7
397,555	6418,7
397,683	6422,5
397,811	6430,3
397,938	6427,1
398,066	6434,7
398,194	6452,6
398,322	6468,6
398,450	6505,9
398,578	6450,5
398,706	6399,6
398,833	6437,1
398,961	6476,3
399,089	6436
399,217	6510,2
399,345	6463,3
399,473	6451,7
399,600	6486,3
399,728	6464,6
399,856	6402,1
399,984	6398,6
400,112	6466,7
400,240	6480,9
400,367	6421,4
400,495	6418,1
400,623	6458,2
400,751	6509,2
400,879	6410,2
401,007	6491,3
401,134	6473,1
401,262	6438,1
401,390	6450,8
401,518	6495,2
401,646	6495,6
401,774	6414
401,901	6446
402,029	6443,8
402,157	6442
402,285	6455,4
402,413	6472,3
402,541	6500,7
402,668	6496,2
402,796	6428,6
402,924	6429,6
403,052	6450,9
403,180	6454,8
403,308	6494,5
403,435	6487,6
403,563	6439
403,691	6456,8
403,819	6476,4
403,947	6494,5
404,075	6476,3
404,202	6450,6
404,330	6468,8
404,458	6481,2
404,586	6488,4
404,714	6484,1
404,842	6457,5
404,969	6422,3
405,097	6481,2
405,225	6507
405,353	6461,8
405,481	6488,5
405,609	6489
405,736	6496,2
405,864	6488,1
405,992	6518,9
406,120	6463,6
406,248	6485,7
406,376	6490,9
406,504	6514
406,631	6496,4
406,759	6530,7
406,887	6493,1
407,015	6508,6
407,143	6469,8
407,271	6466,1
407,398	6455,7
407,526	6441,2
407,654	6503,2
407,782	6478,5
407,910	6413,8
408,038	6471
408,165	6493
408,293	6450,1
408,421	6475
408,549	6546,6
408,677	6483,8
408,805	6518,5
408,932	6534,9
409,060	6506
409,188	6466,7
409,316	6485,7
409,444	6478,2
409,572	6490,9
409,699	6495,5
409,827	6520,3
409,955	6492,6
410,083	6457,6
410,211	6508,9
410,339	6476,1
410,466	6478,8
410,594	6508,1
410,722	6493,8
410,850	6492,6
410,978	6487,3
411,106	6501,2
411,233	6502,6
411,361	6499,1
411,489	6521,7
411,617	6509,5
411,745	6483,2
411,873	6507,6
412,000	6484,4
412,128	6511,5
412,256	6465
412,384	6463,5
412,512	6455,2
412,640	6490
412,767	6502,9
412,895	6539,1
413,023	6507,5
413,151	6480,5
413,279	6472
413,407	6494,8
413,534	6533,1
413,662	6558,3
413,790	6504,2
413,918	6513,6
414,046	6497,1
414,174	6520,9
414,302	6539
414,429	6487,8
414,557	6472,7
414,685	6485,7
414,813	6544,8
414,941	6530,3
415,069	6491,7
415,196	6466,4
415,324	6465,7
415,452	6485,5
415,580	6494,7
415,708	6487,9
415,836	6518,8
415,963	6520,7
416,091	6502,6
416,219	6543,6
416,347	6444,9
416,475	6458,2
416,603	6462,5
416,730	6490,9
416,858	6507,7
416,986	6517,7
417,114	6539,2
417,242	6524,1
417,370	6552,9
417,497	6564,3
417,625	6542,3
417,753	6516,8
417,881	6525,2
418,009	6542,3
418,137	6475,1
418,264	6459,2
418,392	6512,3
418,520	6483,5
418,648	6496
418,776	6531,3
418,904	6526,2
419,031	6503,5
419,159	6502,6
419,287	6524,6
419,415	6517,8
419,543	6502,6
419,671	6519,8
419,798	6555,9
419,926	6510,7
420,054	6533
420,182	6532,5
420,310	6543,3
420,438	6542,2
420,565	6506,4
420,693	6591,3
420,821	6491,4
420,949	6531
421,077	6540,6
421,205	6548,1
421,332	6556,2
421,460	6586,6
421,588	6601,3
421,716	6568,2
421,844	6548,5
421,972	6526,8
422,100	6508,1
422,227	6504,5
422,355	6514,5
422,483	6506,7
422,611	6548,3
422,739	6523
422,867	6502,4
422,994	6512,6
423,122	6542,4
423,250	6529,7
423,378	6504,9
423,506	6548,6
423,634	6543,6
423,761	6529,6
423,889	6556,9
424,017	6564,3
424,145	6559,3
424,273	6496,8
424,401	6553,7
424,528	6513,4
424,656	6533,4
424,784	6516,1
424,912	6520,7
425,040	6569,5
425,168	6585,6
425,295	6519,6
425,423	6545
425,551	6535,5
425,679	6540,7
425,807	6558,1
425,935	6535
426,062	6571,7
426,190	6523,8
426,318	6528
426,446	6567,7
426,574	6605,3
426,702	6571
426,829	6528,1
426,957	6551,7
427,085	6567,1
427,213	6554,7
427,341	6525,4
427,469	6561,1
427,596	6612,5
427,724	6564
427,852	6564,7
427,980	6590,4
428,108	6588
428,236	6524,5
428,363	6515
428,491	6597
428,619	6598,7
428,747	6576,6
428,875	6572
429,003	6579,2
429,130	6561,2
429,258	6558,3
429,386	6578,1
429,514	6579,3
429,642	6576,5
429,770	6586,8
429,898	6545,3
430,025	6584
430,153	6588,6
430,281	6590,4
430,409	6560,7
430,537	6545
430,665	6587,9
430,792	6588,9
430,920	6647,9
431,048	6638,7
431,176	6591,3
431,304	6564,7
431,432	6654,5
431,559	6604,6
431,687	6575,5
431,815	6578,3
431,943	6572,4
432,071	6556,9
432,199	6588,6
432,326	6576,9
432,454	6566,1
432,582	6587,9
432,710	6596,9
432,838	6604,8
432,966	6627,9
433,093	6609
433,221	6592,6
433,349	6599,8
433,477	6569,9
433,605	6553
433,733	6630,7
433,860	6615,5
433,988	6603,5
434,116	6579,3
434,244	6561,9
434,372	6594,9
434,500	6655,6
434,627	6612,5
434,755	6581,9
434,883	6585,3
435,011	6611,9
435,139	6590
435,267	6599,4
435,394	6588,8
435,522	6609,1
435,650	6587,2
435,778	6609,7
435,906	6637,7
436,034	6656,5
436,161	6579,3
436,289	6584,5
436,417	6578
436,545	6606,1
436,673	6630,5
436,801	6626,5
436,928	6595,3
437,056	6652,9
437,184	6614
437,312	6634,9
437,440	6623,4
437,568	6587,7
437,695	6661,5
437,823	6641,3
437,951	6669,4
438,079	6670,3
438,207	6670,3
438,335	6663,8
438,463	6632
438,590	6615,6
438,718	6619,3
438,846	6604,4
438,974	6642
439,102	6687,9
439,230	6677,6
439,357	6654,3
439,485	6633,3
439,613	6608,3
439,741	6620,8
439,869	6599,1
439,997	6625,2
440,124	6664,2
440,252	6634,1
440,380	6629,7
440,508	6637,9
440,636	6633,5
440,764	6620,3
440,891	6670,5
441,019	6655,3
441,147	6624,8
441,275	6624,6
441,403	6630,1
441,531	6666,4
441,658	6680,7
441,786	6627,7
441,914	6664,1
442,042	6641,7
442,170	6638,1
442,298	6678,3
442,425	6743,4
442,553	6711,1
442,681	6631,7
442,809	6641,4
442,937	6641,7
443,065	6635,1
443,192	6640,4
443,320	6637,7
443,448	6612,9
443,576	6653,2
443,704	6646,3
443,832	6646,8
443,959	6666,9
444,087	6652,3
444,215	6680,1
444,343	6649,4
444,471	6669,1
444,599	6702,4
444,726	6684
444,854	6619,5
444,982	6638,2
445,110	6644,5
445,238	6653,1
445,366	6641,4
445,493	6620,1
445,621	6595,6
445,749	6632,7
445,877	6661,3
446,005	6683,8
446,133	6638,5
446,261	6615,4
446,388	6651,9
446,516	6700,1
446,644	6649,6
446,772	6687,4
446,900	6694,8
447,028	6666,5
447,155	6651
447,283	6656,3
447,411	6741,5
447,539	6670,8
447,667	6674,5
447,795	6668,6
447,922	6658,5
448,050	6655,6
448,178	6730,7
448,306	6734,4
448,434	6677,7
448,562	6679,5
448,689	6694,4
448,817	6674,8
448,945	6659,3
449,073	6698,1
449,201	6703,4
449,329	6712,2
449,456	6697,6
449,584	6682,8
449,712	6744,9
449,840	6679,7
449,968	6705,1
450,096	6652,6
450,223	6647,6
450,351	6678,7
450,479	6728,7
450,607	6709
450,735	6671,5
450,863	6714
450,990	6710,5
451,118	6699,9
451,246	6712,9
451,374	6669,1
451,502	6714,6
451,630	6733,3
451,757	6723,1
451,885	6719,6
452,013	6675,8
452,141	6618,4
452,269	6688,4
452,397	6702,7
452,524	6693,5
452,652	6703,4
452,780	6707,4
452,908	6681,4
453,036	6674,1
453,164	6736,6
453,291	6696
453,419	6704,7
453,547	6715,2
453,675	6720
453,803	6733,8
453,931	6779,4
454,059	6692,8
454,186	6695,6
454,314	6730,8
454,442	6750,1
454,570	6728,1
454,698	6750,7
454,826	6668,2
454,953	6695,5
455,081	6716,5
455,209	6712,9
455,337	6702,7
455,465	6757,5
455,593	6718,6
455,720	6701,5
455,848	6729
455,976	6730,5
456,104	6721,4
456,232	6727,9
456,360	6748,7
456,487	6717,8
456,615	6721,8
456,743	6729,6
456,871	6760,2
456,999	6788,1
457,127	6736,7
457,254	6771,5
457,382	6714,8
457,510	6729,6
457,638	6756,5
457,766	6760,4
457,894	6723,7
458,021	6761,2
458,149	6724,5
458,277	6716,2
458,405	6706,8
458,533	6706,6
458,661	6742,2
458,788	6790,8
458,916	6735,8
459,044	6776,8
459,172	6765
459,300	6735,6
459,428	6745,3
459,555	6802,2
459,683	6718,6
459,811	6742,8
459,939	6778,1
460,067	6781,7
460,195	6753,9
460,322	6719,1
460,450	6756,2
460,578	6668,4
460,706	6726,5
460,834	6767,1
460,962	6771,6
461,089	6759,3
461,217	6754,2
461,345	6675,9
461,473	6747,2
461,601	6741,9
461,729	6780,4
461,856	6812,5
461,984	6780,8
462,112	6751,2
462,240	6755,2
462,368	6800,6
462,496	6778,6
462,624	6742,1
462,751	6737,1
462,879	6796,5
463,007	6778,7
463,135	6704,5
463,263	6769,4
463,391	6733,2
463,518	6679,6
463,646	6699,7
463,774	6839,9
463,902	6732,6
464,030	6759
464,158	6748,8
464,285	6744,5
464,413	6753,4
464,541	6757,4
464,669	6796,4
464,797	6748,5
464,925	6754,3
465,052	6751,4
465,180	6778,1
465,308	6814,9
465,436	6719
465,564	6750,5
465,692	6787,5
465,819	6746,7
465,947	6748,1
466,075	6765,7
466,203	6720,4
466,331	6739,9
466,459	6836,3
466,586	6822,8
466,714	6801,4
466,842	6806,5
466,970	6808,3
467,098	6719,3
467,226	6840,9
467,353	6809,1
467,481	6815,2
467,609	6789,8
467,737	6768,1
467,865	6784,6
467,993	6762,2
468,120	6776
468,248	6769,4
468,376	6780,5
468,504	6763,2
468,632	6742
468,760	6752,8
468,887	6750,1
469,015	6720,4
469,143	6768,3
469,271	6749,3
469,399	6749,7
469,527	6804,9
469,654	6739,7
469,782	6756,9
469,910	6799,7
470,038	6798,3
470,166	6774,3
470,294	6754,9
470,422	6764,1
470,549	6808,8
470,677	6746,6
470,805	6785
470,933	6782,7
471,061	6769,8
471,189	6771
471,316	6773,5
471,444	6707,6
471,572	6776,3
471,700	6774,9
471,828	6805,5
471,956	6829,2
472,083	6802,6
472,211	6757
472,339	6796,4
472,467	6829,4
472,595	6810
472,723	6817,8
472,850	6831,3
472,978	6793,1
473,106	6761
473,234	6883,4
473,362	6840,2
473,490	6806,4
473,617	6790,5
473,745	6809,5
473,873	6874,8
474,001	6777,8
474,129	6731
474,257	6817,5
474,384	6834,2
474,512	6824
474,640	6828,7
474,768	6762,5
474,896	6789,5
475,024	6797,5
475,151	6821,3
475,279	6821
475,407	6814,5
475,535	6819,3
475,663	6754,1
475,791	6832,5
475,918	6780,8
476,046	6791,4
476,174	6792,4
476,302	6774,6
476,430	6791,3
476,558	6846,5
476,685	6814,4
476,813	6864,4
476,941	6827,1
477,069	6784,2
477,197	6805,1
477,325	6868,6
477,452	6812,3
477,580	6751,7
477,708	6763,4
477,836	6815,8
477,964	6839,1
478,092	6796,6
478,220	6748,7
478,347	6741,5
478,475	6850,8
478,603	6821,6
478,731	6783,4
478,859	6797
478,987	6849,5
479,114	6831,3
479,242	6802,4
479,370	6815,9
479,498	6814,2
479,626	6813,8
479,754	6808,4
479,881	6780,1
480,009	6776,6
480,137	6808,2
480,265	6787,9
480,393	6823,5
480,521	6819
480,648	6777,6
480,776	6824,4
480,904	6759,4
481,032	6848,5
481,160	6783,3
481,288	6790,4
481,415	6785,2
481,543	6733,6
481,671	6798,6
481,799	6863,3
481,927	6807,2
482,055	6753,5
482,182	6765,3
482,310	6797,6
482,438	6799,6
482,566	6805,6
482,694	6802,6
482,822	6775
482,949	6718,8
483,077	6734,5
483,205	6767,7
483,333	6736,4
483,461	6739,8
483,589	6752,5
483,716	6770,2
483,844	6732,5
483,972	6708,9
484,100	6722,3
484,228	6747,1
484,356	6720,8
484,483	6766,9
484,611	6793,2
484,739	6831
484,867	6770,5
484,995	6676,1
485,123	6726,6
485,250	6795
485,378	6783,6
485,506	6762,5
485,634	6741,6
485,762	6713,8
485,890	6690,4
486,018	6698
486,145	6699,1
486,273	6720,1
486,401	6719,8
486,529	6724,7
486,657	6735,5
486,785	6736,8
486,912	6710,4
487,040	6793,9
487,168	6683,2
487,296	6724,9
487,424	6743,7
487,552	6749,8
487,679	6770,1
487,807	6780,6
487,935	6757,8
488,063	6791,4
488,191	6691,4
488,319	6708,8
488,446	6775,1
488,574	6770,6
488,702	6685,9
488,830	6711,5
488,958	6739,4
489,086	6748,8
489,213	6774,7
489,341	6769,6
489,469	6716,1
489,597	6714,9
489,725	6786,6
489,853	6717,3
489,980	6726,1
490,108	6708,7
490,236	6670,3
490,364	6650,5
490,492	6655,1
490,620	6658,1
490,747	6663,4
490,875	6686,9
491,003	6661,9
491,131	6657,3
491,259	6723,5
491,387	6726
491,514	6670,2
491,642	6677,3
491,770	6687
491,898	6717,2
492,026	6746,5
492,154	6744,1
492,281	6701,9
492,409	6731,1
492,537	6686,5
492,665	6698,1
492,793	6681,9
492,921	6702,8
493,048	6796
493,176	6748
493,304	6661,8
493,432	6700,9
493,560	6706,8
493,688	6687,6
493,816	6672,5
493,943	6669,9
494,071	6618,4
494,199	6703
494,327	6728,8
494,455	6682,2
494,583	6683,4
494,710	6683,1
494,838	6640,9
494,966	6724,5
495,094	6719,8
495,222	6733,7
495,350	6671,6
495,477	6697,3
495,605	6729,6
495,733	6678,4
495,861	6678,2
495,989	6718,8
496,117	6691,7
496,244	6707,1
496,372	6761,8
496,500	6750,2
496,628	6638,4
496,756	6605,8
496,884	6667,1
497,011	6650,7
497,139	6622,2
497,267	6652,1
497,395	6678,3
497,523	6652,3
497,651	6638,4
497,778	6678,1
497,906	6671,8
498,034	6647,1
498,162	6656,7
498,290	6693,3
498,418	6706,6
498,545	6629,4
498,673	6588,6
498,801	6622,8
498,929	6631
499,057	6656,6
499,185	6661,8
499,312	6647,5
499,440	6676,8
499,568	6626,2
499,696	6634,2
499,824	6694,5
499,952	6681
500,079	6651,8
500,207	6664,2
500,335	6711
500,463	6674,1
500,591	6617,1
500,719	6693,5
500,846	6705,6
500,974	6664,9
501,102	6606
501,230	6564,9
501,358	6655
501,486	6656,2
501,613	6606,7
501,741	6649,3
501,869	6684,9
501,997	6680,3
502,125	6664,6
502,253	6621,3
502,381	6661,4
502,508	6676,4
502,636	6590
502,764	6571,6
502,892	6633,7
503,020	6683,4
503,148	6639,2
503,275	6563,8
503,403	6638,1
503,531	6631,1
503,659	6652,1
503,787	6656,8
503,915	6615,3
504,042	6660,7
504,170	6626,5
504,298	6606,1
504,426	6593,4
504,554	6625,1
504,682	6642,7
504,809	6631,1
504,937	6665,4
505,065	6570,3
505,193	6604,5
505,321	6668,7
505,449	6592,4
505,576	6538,7
505,704	6593,8
505,832	6663,4
505,960	6589,1
506,088	6572,6
506,216	6553,2
506,343	6560,4
506,471	6635,7
506,599	6674,9
506,727	6567,1
506,855	6586,3
506,983	6622,4
507,110	6583,8
507,238	6595
507,366	6621,3
507,494	6621,4
507,622	6589,2
507,750	6589,7
507,877	6622,7
508,005	6628,1
508,133	6628,8
508,261	6601,6
508,389	6575,9
508,517	6559,3
508,644	6509,3
508,772	6581,1
508,900	6526,9
509,028	6553,9
509,156	6557,7
509,284	6553,9
509,411	6571,7
509,539	6607,2
509,667	6548,9
509,795	6508,9
509,923	6599,7
510,051	6551,5
510,179	6543,9
510,306	6549,9
510,434	6476,7
510,562	6585,8
510,690	6518,2
510,818	6568,8
510,946	6558,7
511,073	6556,7
511,201	6574,5
511,329	6582
511,457	6539,5
511,585	6529
511,713	6533,9
511,840	6534,3
511,968	6581
512,096	6579,5
512,224	6546,8
512,352	6614,6
512,480	6586,7
512,607	6558,9
512,735	6508,3
512,863	6540,8
512,991	6525
513,119	6469,7
513,247	6461,7
513,374	6451,7
513,502	6583,7
513,630	6481,3
513,758	6531
513,886	6529,2
514,014	6509,9
514,141	6545,5
514,269	6587,6
514,397	6576,2
514,525	6597,4
514,653	6524,2
514,781	6526,1
514,908	6552,9
515,036	6562
515,164	6563,4
515,292	6569,1
515,420	6501,2
515,548	6583,7
515,675	6541,7
515,803	6479,4
515,931	6458,9
516,059	6490,6
516,187	6567,4
516,315	6507,9
516,442	6580,6
516,570	6526,8
516,698	6529,6
516,826	6526
516,954	6498
517,082	6558,4
517,209	6484,4
517,337	6476,9
517,465	6536,5
517,593	6588
517,721	6596,9
517,849	6575,3
517,977	6548,4
518,104	6489,5
518,232	6548
518,360	6536,6
518,488	6546,4
518,616	6589,2
518,744	6569,3
518,871	6509,1
518,999	6521
519,127	6580,6
519,255	6524,7
519,383	6587,6
519,511	6561,1
519,638	6536,5
519,766	6544,7
519,894	6547,3
520,022	6515
520,150	6559,1
520,278	6617,9
520,405	6615,2
520,533	6541
520,661	6510,5
520,789	6562,7
520,917	6577,8
521,045	6626,9
521,172	6598,7
521,300	6562,1
521,428	6586,8
521,556	6589,3
521,684	6580,6
521,812	6601,2
521,939	6541,9
522,067	6575,7
522,195	6599,4
522,323	6627,5
522,451	6653,1
522,579	6629,1
522,706	6554,1
522,834	6511,5
522,962	6554,3
523,090	6581,1
523,218	6606,7
523,346	6605,1
523,473	6602,3
523,601	6598,1
523,729	6622,3
523,857	6566,5
523,985	6631,9
524,113	6580
524,240	6602,2
524,368	6568,2
524,496	6560,2
524,624	6543,8
524,752	6507,3
524,880	6571,9
525,007	6607,3
525,135	6599,9
525,263	6561,7
525,391	6575,7
525,519	6612,7
525,647	6598,2
525,774	6558,4
525,902	6586,1
526,030	6607,2
526,158	6579,9
526,286	6576
526,414	6604,4
526,542	6619,7
526,669	6562
526,797	6620,8
526,925	6589,4
527,053	6566,9
527,181	6582,1
527,309	6620,5
527,436	6633,2
527,564	6571,2
527,692	6620,7
527,820	6659,5
527,948	6607,5
528,076	6607,3
528,203	6616,5
528,331	6584,8
528,459	6587,7
528,587	6640
528,715	6596,1
528,843	6655,9
528,970	6646,7
529,098	6642,8
529,226	6592,4
529,354	6595,6
529,482	6627,4
529,610	6608,4
529,737	6644,7
529,865	6586,7
529,993	6574,8
530,121	6582,5
530,249	6589,8
530,377	6604,3
530,504	6629,7
530,632	6687,5
530,760	6590,4
530,888	6599
531,016	6582,5
531,144	6635
531,271	6606,8
531,399	6567,6
531,527	6612,7
531,655	6635
531,783	6612,2
531,911	6595,4
532,038	6597,3
532,166	6603,5
532,294	6585
532,422	6581,4
532,550	6635,4
532,678	6578,5
532,805	6662,8
532,933	6665
533,061	6638,6
533,189	6619,7
533,317	6647,4
533,445	6651,7
533,572	6627,1
533,700	6605,8
533,828	6603
533,956	6588,9
534,084	6608,1
534,212	6630,5
534,340	6642,7
534,467	6634,5
534,595	6669
534,723	6608,5
534,851	6682
534,979	6666,5
535,107	6632,7
535,234	6601,8
535,362	6629,4
535,490	6673,9
535,618	6596,7
535,746	6596,4
535,874	6645,3
536,001	6632,9
536,129	6618,9
536,257	6609,5
536,385	6615,1
536,513	6620,3
536,641	6581
536,768	6608,2
536,896	6622,7
537,024	6634,1
537,152	6662,7
537,280	6645,5
537,408	6639,5
537,535	6641,9
537,663	6646
537,791	6602
537,919	6667,3
538,047	6661,5
538,175	6674,2
538,302	6642,8
538,430	6655,8
538,558	6673,9
538,686	6619,1
538,814	6626,8
538,942	6653,4
539,069	6683,2
539,197	6651,9
539,325	6659
539,453	6643,9
539,581	6631,1
539,709	6657,8
539,836	6673,9
539,964	6650,7
540,092	6656,4
540,220	6635,1
540,348	6615,6
540,476	6620,3
540,603	6656,2
540,731	6660,7
540,859	6681,2
540,987	6675
541,115	6663,7
541,243	6675,2
541,370	6670,4
541,498	6643,3
541,626	6638,3
541,754	6652,6
541,882	6673,4
542,010	6656,6
542,138	6673,6
542,265	6673,3
542,393	6636,3
542,521	6641
542,649	6640,4
542,777	6661,5
542,905	6677,8
543,032	6658,6
543,160	6631
543,288	6675,4
543,416	6685
543,544	6651,7
543,672	6645,7
543,799	6671,9
543,927	6636,5
544,055	6656
544,183	6665,5
544,311	6693,5
544,439	6681,7
544,566	6681,3
544,694	6703,3
544,822	6673,6
544,950	6645,2
545,078	6656,7
545,206	6657,7
545,333	6641,3
545,461	6623,3
545,589	6635,8
545,717	6693,4
545,845	6697,9
545,973	6678,2
546,100	6686,9
546,228	6691,7
546,356	6680,8
546,484	6675,9
546,612	6678,8
546,740	6612,8
546,867	6691,4
546,995	6654,9
547,123	6623,6
547,251	6690,8
547,379	6694,4
547,507	6663,1
547,634	6625,1
547,762	6651,8
547,890	6640,1
548,018	6607,9
548,146	6648,4
548,274	6672,9
548,401	6665,2
548,529	6666,2
548,657	6679,4
548,785	6649,5
548,913	6707,2
549,041	6679,9
549,168	6627,2
549,296	6624,4
549,424	6691,3
549,552	6711,2
549,680	6678
549,808	6697
549,936	6667
550,063	6694,1
550,191	6738
550,319	6674,3
550,447	6641,1
550,575	6643,1
550,703	6670,3
550,830	6672,6
550,958	6655,2
551,086	6657,2
551,214	6651,4
551,342	6647,4
551,470	6644,2
551,597	6655,5
551,725	6657,9
551,853	6652,9
551,981	6680
552,109	6683,1
552,237	6679,5
552,364	6644,8
552,492	6674,3
552,620	6664,6
552,748	6641,8
552,876	6678,6
553,004	6704,9
553,131	6680,2
553,259	6681,8
553,387	6710,9
553,515	6676,5
553,643	6681,5
553,771	6663,4
553,898	6627,6
554,026	6658,3
554,154	6711,2
554,282	6680,3
554,410	6672,2
554,538	6683,4
554,665	6702,7
554,793	6680,3
554,921	6671,6
555,049	6658
555,177	6656,5
555,305	6673,2
555,432	6720,4
555,560	6725,4
555,688	6709,9
555,816	6700,6
555,944	6694,4
556,072	6697,1
556,199	6719,2
556,327	6663,6
556,455	6690,6
556,583	6681,6
556,711	6716,8
556,839	6745,8
556,966	6731,3
557,094	6701,9
557,222	6633,5
557,350	6685,1
557,478	6655,8
557,606	6689,7
557,734	6713,1
557,861	6718,2
557,989	6691,9
558,117	6674,4
558,245	6708,6
558,373	6741,9
558,501	6704
558,628	6714,1
558,756	6708,1
558,884	6719,9
559,012	6701,3
559,140	6688,8
559,268	6683,4
559,395	6676,6
559,523	6650,2
559,651	6702,7
559,779	6696,1
559,907	6691,1
560,035	6700,7
560,162	6669,7
560,290	6670,3
560,418	6673,2
560,546	6652
560,674	6696,6
560,802	6702,6
560,929	6699
561,057	6694,6
561,185	6711,2
561,313	6710,6
561,441	6694,4
561,569	6754,5
561,696	6713
561,824	6709,5
561,952	6681,2
562,080	6669,7
562,208	6707
562,336	6730,9
562,463	6721,8
562,591	6725,7
562,719	6692,1
562,847	6705,3
562,975	6720,2
563,103	6748,8
563,230	6749,3
563,358	6763,8
563,486	6788,3
563,614	6751,1
563,742	6750,1
563,870	6765,3
563,997	6787,8
564,125	6731,8
564,253	6781
564,381	6689,9
564,509	6710,2
564,637	6705,4
564,764	6715
564,892	6711,4
565,020	6736,2
565,148	6709,8
565,276	6716,4
565,404	6744,3
565,531	6709,6
565,659	6724,3
565,787	6772,4
565,915	6758,2
566,043	6762,2
566,171	6729,9
566,299	6781,1
566,426	6767,6
566,554	6761,3
566,682	6749,7
566,810	6719,7
566,938	6686,4
567,066	6656,8
567,193	6728,7
567,321	6734,9
567,449	6751,1
567,577	6749,7
567,705	6749,1
567,833	6698,9
567,960	6749,9
568,088	6749,4
568,216	6760,7
568,344	6723,3
568,472	6734,9
568,600	6718,3
568,727	6690,5
568,855	6752,7
568,983	6747,5
569,111	6716,7
569,239	6742,5
569,367	6740,9
569,494	6713,5
569,622	6705,5
569,750	6724,3
569,878	6738,4
570,006	6772,2
570,134	6787,4
570,261	6773,7
570,389	6741,6
570,517	6746,2
570,645	6716,1
570,773	6744,1
570,901	6748,6
571,028	6727,9
571,156	6749,3
571,284	6788
571,412	6751,4
571,540	6763,9
571,668	6792
571,795	6770
571,923	6778,8
572,051	6777,1
572,179	6757,5
572,307	6771,3
572,435	6747,6
572,562	6747,1
572,690	6759,4
572,818	6765
572,946	6784,8
573,074	6807,5
573,202	6761,1
573,329	6736,5
573,457	6810
573,585	6754,2
573,713	6775,8
573,841	6795,2
573,969	6794,9
574,097	6762
574,224	6791,5
574,352	6758,6
574,480	6779,9
574,608	6789,9
574,736	6800,8
574,864	6807,8
574,991	6767,2
575,119	6798,3
575,247	6750,6
575,375	6837,3
575,503	6788,1
575,631	6755,8
575,758	6752,1
575,886	6762,7
576,014	6769,6
576,142	6788,2
576,270	6741,4
576,398	6785,7
576,525	6763,1
576,653	6762
576,781	6798,3
576,909	6828,4
577,037	6813,2
577,165	6879,5
577,292	6861,3
577,420	6823,2
577,548	6801,2
577,676	6787,8
577,804	6784,5
577,932	6796,2
578,059	6776,1
578,187	6745,7
578,315	6799
578,443	6798,4
578,571	6770,4
578,699	6785,4
578,826	6789,8
578,954	6863,7
579,082	6749,9
579,210	6813,4
579,338	6866,4
579,466	6840,9
579,593	6803,2
579,721	6795,1
579,849	6836,5
579,977	6826,2
580,105	6812,5
580,233	6785,4
580,360	6801,2
580,488	6809,1
580,616	6747
580,744	6780
580,872	6808,5
581,000	6831,5
581,127	6831,3
581,255	6841,1
581,383	6869,1
581,511	6881,1
581,639	6807,5
581,767	6882,1
581,895	6835,5
582,022	6818,3
582,150	6809,7
582,278	6798,3
582,406	6797,5
582,534	6827,1
582,662	6852,1
582,789	6852,1
582,917	6804,9
583,045	6799
583,173	6831,9
583,301	6844,7
583,429	6822,6
583,556	6911,4
583,684	6848,4
583,812	6851
583,940	6846,2
584,068	6826,5
584,196	6820
584,323	6826,7
584,451	6841,5
584,579	6775,7
584,707	6815,5
584,835	6854,4
584,963	6829,7
585,090	6839,5
585,218	6862
585,346	6834,6
585,474	6854,7
585,602	6844,8
585,730	6856,3
585,857	6860,3
585,985	6856,5
586,113	6852
586,241	6856,9
586,369	6858,2
586,497	6865
586,624	6830,4
586,752	6818
586,880	6848,2
587,008	6856,7
587,136	6829,8
587,264	6817,1
587,391	6876,8
587,519	6915,1
587,647	6903,2
587,775	6862
587,903	6859,8
588,031	6884,3
588,158	6858,8
588,286	6807,6
588,414	6900,2
588,542	6851,3
588,670	6885,9
588,798	6859,9
588,925	6836,1
589,053	6855,8
589,181	6882,1
589,309	6917,4
589,437	6854,6
589,565	6880,9
589,693	6870,6
589,820	6869,6
589,948	6871
590,076	6874
590,204	6857
590,332	6922,8
590,460	6900,7
590,587	6916,2
590,715	6879
590,843	6856,2
590,971	6886,4
591,099	6919,9
591,227	6930,6
591,354	6897,2
591,482	6930,2
591,610	6946,4
591,738	6900,8
591,866	6847,9
591,994	6860,3
592,121	6932,4
592,249	6810,4
592,377	6895,3
592,505	6931,9
592,633	6933,1
592,761	6900,3
592,888	6881,8
593,016	6884,8
593,144	6826,2
593,272	6833,6
593,400	6880,8
593,528	6923,1
593,655	6877
593,783	6846
593,911	6893,7
594,039	6962,4
594,167	6826,2
594,295	6850,3
594,422	6852,7
594,550	6869,3
594,678	6870,1
594,806	6879,5
594,934	6877,5
595,062	6878,9
595,189	6882,6
595,317	6864,1
595,445	6915,6
595,573	6903,6
595,701	6877,2
595,829	6859,3
595,956	6845,1
596,084	6914,9
596,212	6947,7
596,340	6958,3
596,468	6894,4
596,596	6874,2
596,723	6893,8
596,851	6914,2
596,979	6922,3
597,107	6827,1
597,235	6906
597,363	6894,2
597,490	6864
597,618	6834,1
597,746	6830,8
597,874	6864,1
598,002	6881,4
598,130	6811
598,258	6915,6
598,385	6899,1
598,513	6900
598,641	6906,8
598,769	6891,8
598,897	6891,1
599,025	6946,4
599,152	6883
599,280	6862,8
599,408	6893,1
599,536	6897,1
599,664	6914,6
599,792	6932,7
599,919	6891,4
600,047	6875,2
600,175	6924,4
600,303	6902,1
600,431	6880,6
600,559	6898,8
600,686	6915,5
600,814	6894,6
600,942	6897,1
601,070	6853
601,198	6880,6
601,326	6915,6
601,453	6924,4
601,581	6919,1
601,709	6910,4
601,837	6915,5
601,965	6958,1
602,093	6944,4
602,220	6899,1
602,348	6893,4
602,476	6913,1
602,604	6925,8
602,732	6923,2
602,860	6913,4
602,987	6912
603,115	6941,2
603,243	6969,9
603,371	6928,1
603,499	6915,2
603,627	6910,4
603,754	6881,7
603,882	6878,7
604,010	6862,2
604,138	6844
604,266	6951,2
604,394	6939,6
604,521	6926,3
604,649	6926,1
604,777	6926,4
604,905	6922,3
605,033	6917,1
605,161	6871,6
605,288	6905,5
605,416	6916,8
605,544	6933
605,672	6933,9
605,800	6900,8
605,928	6856,4
606,056	6899,3
606,183	6895,2
606,311	6960,7
606,439	6975,7
606,567	6989,8
606,695	6979,2
606,823	6929,5
606,950	6921,7
607,078	6941,4
607,206	6914,6
607,334	6902,8
607,462	6927
607,590	6926,5
607,717	6899,3
607,845	6897,1
607,973	6936,8
608,101	6944,7
608,229	6977,3
608,357	6949,3
608,484	6994,9
608,612	6962,4
608,740	6899,5
608,868	6920,1
608,996	6927,9
609,124	6958,5
609,251	6936,5
609,379	6963,8
609,507	6981,5
609,635	6958,7
609,763	6955,6
609,891	7000,5
610,018	6915,7
610,146	6877,1
610,274	6969,4
610,402	6978,3
610,530	6974,1
610,658	6961,7
610,785	6938,8
610,913	6926,7
611,041	6969,5
611,169	6896,3
611,297	6912,8
611,425	6980,8
611,552	6964,6
611,680	6919,9
611,808	6939
611,936	7028,1
612,064	7034,3
612,192	6955,7
612,319	6978,4
612,447	6996,2
612,575	6981,4
612,703	7000
612,831	7010,2
612,959	6973,9
613,086	7009,9
613,214	6967,5
613,342	6929,7
613,470	6976,9
613,598	6944,1
613,726	6984,2
613,854	7039,9
613,981	7002,7
614,109	6980,4
614,237	7030,8
614,365	6997,2
614,493	6974,2
614,621	6980,8
614,748	6975
614,876	6976,4
615,004	6994,8
615,132	6969,6
615,260	6920,1
615,388	7042,6
615,515	6965,1
615,643	6948,7
615,771	6913,2
615,899	6902,6
616,027	6943,9
616,155	6948,1
616,282	6947
616,410	6963,4
616,538	7004,8
616,666	6972,2
616,794	6955,8
616,922	6981,3
617,049	6986,4
617,177	6912,3
617,305	6958,1
617,433	6994
617,561	6980,1
617,689	6964,8
617,816	6952,8
617,944	6967
618,072	6969,4
618,200	6915,3
618,328	6935,3
618,456	6892,4
618,583	6907,4
618,711	6990,5
618,839	7012,2
618,967	7000,5
619,095	6969,2
619,223	6918,9
619,350	6918,1
619,478	6940,4
619,606	6937,6
619,734	6904,7
619,862	6937,6
619,990	6897,5
620,117	6870,5
620,245	6953,4
620,373	6982,1
620,501	6975,3
620,629	6896,4
620,757	6905,8
620,884	6892,7
621,012	6932,8
621,140	6980,2
621,268	6968,2
621,396	6915,2
621,524	6918,7
621,651	6965,6
621,779	6919,6
621,907	6929,8
622,035	6932,9
622,163	6909,8
622,291	6881,6
622,419	6882,3
622,546	6916,2
622,674	6857,3
622,802	6884,9
622,930	6922,5
623,058	6949,8
623,186	6932,4
623,313	6887,7
623,441	6871,8
623,569	6916
623,697	6863,1
623,825	6838,9
623,953	6906,2
624,080	6928,8
624,208	6895,1
624,336	6897,7
624,464	6946,2
624,592	6915,6
624,720	6846,9
624,847	6851,7
624,975	6906,6
625,103	6930,6
625,231	6884,3
625,359	6880,5
625,487	6915
625,614	6889,3
625,742	6864,8
625,870	6880,5
625,998	6927
626,126	6944,6
626,254	6928
626,381	6875,2
626,509	6858,7
626,637	6888,5
626,765	6854,4
626,893	6965,7
627,021	6887,4
627,148	6855,4
627,276	6847,2
627,404	6823,9
627,532	6831,4
627,660	6863,8
627,788	6872,1
627,915	6942,5
628,043	6943,8
628,171	6828,1
628,299	6796,7
628,427	6839,3
628,555	6852,3
628,682	6850,9
628,810	6882,3
628,938	6893,4
629,066	6890,6
629,194	6859
629,322	6836,1
629,449	6829,3
629,577	6871,4
629,705	6875,5
629,833	6838,6
629,961	6837,5
630,089	6783,8
630,217	6934
630,344	6872,1
630,472	6830,1
630,600	6791,2
630,728	6792,8
630,856	6816,6
630,984	6819,4
631,111	6804,2
631,239	6859,5
631,367	6874,4
631,495	6889,3
631,623	6895
631,751	6830,2
631,878	6816,9
632,006	6864,1
632,134	6864,8
632,262	6853,7
632,390	6887,9
632,518	6870,5
632,645	6856,1
632,773	6869
632,901	6880,7
633,029	6854,1
633,157	6831,3
633,285	6889,4
633,412	6826,5
633,540	6873,7
633,668	6895,7
633,796	6831,2
633,924	6781,3
634,052	6787,5
634,179	6849,4
634,307	6898,9
634,435	6819,3
634,563	6782,4
634,691	6837,6
634,819	6838,5
634,946	6851,9
635,074	6836
635,202	6806,3
635,330	6798,6
635,458	6809,8
635,586	6767,7
635,713	6784,2
635,841	6820,2
635,969	6885
636,097	6826
636,225	6798,4
636,353	6827,9
636,480	6850,3
636,608	6837,4
636,736	6848,1
636,864	6785,2
636,992	6801,2
637,120	6817
637,247	6811,4
637,375	6839,7
637,503	6831,5
637,631	6763,2
637,759	6787,1
637,887	6727,2
638,015	6802,1
638,142	6769,7
638,270	6786,2
638,398	6770,7
638,526	6762,3
638,654	6812,2
638,782	6890,2
638,909	6878,4
639,037	6825,7
639,165	6858,2
639,293	6826,7
639,421	6846,9
639,549	6836,6
639,676	6815,1
639,804	6808,4
639,932	6806,7
640,060	6810,6
640,188	6845,3
640,316	6825,9
640,443	6771,5
640,571	6771,3
640,699	6759,2
640,827	6741
640,955	6759,5
641,083	6792,4
641,210	6689,1
641,338	6822,4
641,466	6741,7
641,594	6758,9
641,722	6789,3
641,850	6780,9
641,977	6751,5
642,105	6752,1
642,233	6796,3
642,361	6797,8
642,489	6760,3
642,617	6746,3
642,744	6727,2
642,872	6709,1
643,000	6758,3
643,128	6771,5
643,256	6725,4
643,384	6764,1
643,511	6820,4
643,639	6742,6
643,767	6726,3
643,895	6782,3
644,023	6756,8
644,151	6734,9
644,278	6708,5
644,406	6674,8
644,534	6703,5
644,662	6749,3
644,790	6697,1
644,918	6737,2
645,045	6745,5
645,173	6760,8
645,301	6724
645,429	6703,3
645,557	6757
645,685	6819,7
645,813	6831,6
645,940	6823,6
646,068	6654,7
646,196	6664,6
646,324	6712,9
646,452	6704,5
646,580	6687,6
646,707	6726,6
646,835	6774,5
646,963	6739,9
647,091	6785,9
647,219	6650,7
647,347	6704,6
647,474	6728,3
647,602	6710,4
647,730	6725
647,858	6769,8
647,986	6760,8
648,114	6723,7
648,241	6646,5
648,369	6685,1
648,497	6698,6
648,625	6708,2
648,753	6701,7
648,881	6710,2
649,008	6726,5
649,136	6727,6
649,264	6754,5
649,392	6795,8
649,520	6769,4
649,648	6787,7
649,775	6786
649,903	6755,4
650,031	6730,2
650,159	6737,1
650,287	6732,5
650,415	6711,6
650,542	6790,7
650,670	6792,9
650,798	6765,1
650,926	6744
651,054	6802,4
651,182	6808,9
651,309	6795,6
651,437	6825,7
651,565	6774,4
651,693	6796,1
651,821	6759,7
651,949	6783,6
652,076	6734,6
652,204	6726
652,332	6764,9
652,460	6783,2
652,588	6755
652,716	6737,9
652,843	6726,8
652,971	6772,8
653,099	6808,8
653,227	6806,3
653,355	6781,4
653,483	6747,7
653,611	6746,6
653,738	6763,5
653,866	6758,3
653,994	6817,4
654,122	6809,7
654,250	6742,3
654,378	6803
654,505	6806,8
654,633	6805,9
654,761	6789,1
654,889	6759,1
655,017	6761,7
655,145	6798,5
655,272	6766
655,400	6794,5
655,528	6753,4
655,656	6759,8
655,784	6827,7
655,912	6819,1
656,039	6792,4
656,167	6816,2
656,295	6788,3
656,423	6789,6
656,551	6758,3
656,679	6730,9
656,806	6787,7
656,934	6818,6
657,062	6791,1
657,190	6768,5
657,318	6789,8
657,446	6815,4
657,573	6765,8
657,701	6724,4
657,829	6790,7
657,957	6837,3
658,085	6809,3
658,213	6835,9
658,340	6828,5
658,468	6799,7
658,596	6784,3
658,724	6780,2
658,852	6870,4
658,980	6847,1
659,107	6851,5
659,235	6854,3
659,363	6822,9
659,491	6823,9
659,619	6784,1
659,747	6759,7
659,874	6787,9
660,002	6796,3
660,130	6757,5
660,258	6774,1
660,386	6788,4
660,514	6800,4
660,641	6785,6
660,769	6807,1
660,897	6822,6
661,025	6796,7
661,153	6815,4
661,281	6841,7
661,408	6840,1
661,536	6856,8
661,664	6794,4
661,792	6795,5
661,920	6813
662,048	6822,3
662,176	6817,4
662,303	6822,3
662,431	6870,8
662,559	6837,8
662,687	6838,8
662,815	6870,8
662,943	6831,8
663,070	6843,6
663,198	6825,5
663,326	6814,1
663,454	6804,5
663,582	6829,6
663,710	6864,5
663,837	6830,3
663,965	6830,1
664,093	6868
664,221	6847,3
664,349	6829,3
664,477	6850,3
664,604	6814,9
664,732	6775,1
664,860	6787,8
664,988	6809
665,116	6854,4
665,244	6828,8
665,371	6807,6
665,499	6841,1
665,627	6863,6
665,755	6858
665,883	6836,9
666,011	6817
666,138	6834
666,266	6854
666,394	6865,2
666,522	6813,9
666,650	6858
666,778	6847,5
666,905	6822,6
667,033	6825,9
667,161	6840,6
667,289	6830,8
667,417	6773,7
667,545	6845,9
667,672	6856,8
667,800	6812,1
667,928	6811,2
668,056	6807,2
668,184	6799,6
668,312	6831,2
668,439	6804,4
668,567	6803,9
668,695	6859,4
668,823	6852,1
668,951	6828,8
669,079	6844,9
669,206	6823,2
669,334	6867,9
669,462	6846,4
669,590	6834,5
669,718	6832
669,846	6831,8
669,974	6864,7
670,101	6858,2
670,229	6829,4
670,357	6799,8
670,485	6793,5
670,613	6818,9
670,741	6839,9
670,868	6839
670,996	6832,1
671,124	6882,2
671,252	6814,5
671,380	6864,3
671,508	6831,5
671,635	6824
671,763	6857,7
671,891	6877,5
672,019	6866,9
672,147	6805,4
672,275	6876,1
672,402	6896,6
672,530	6863,6
672,658	6831,4
672,786	6866,1
672,914	6822,7
673,042	6844,7
673,169	6863,6
673,297	6866,2
673,425	6836,4
673,553	6831,8
673,681	6863,5
673,809	6818,3
673,936	6807,7
674,064	6867,8
674,192	6846,6
674,320	6849
674,448	6818,6
674,576	6838,5
674,703	6859,6
674,831	6838,7
674,959	6806,9
675,087	6786,5
675,215	6766
675,343	6828,5
675,470	6903,1
675,598	6847
675,726	6839,3
675,854	6835,4
675,982	6826
676,110	6857,9
676,237	6846
676,365	6814,7
676,493	6829,4
676,621	6884,1
676,749	6886,6
676,877	6893,9
677,004	6852,5
677,132	6856,2
677,260	6857
677,388	6847,3
677,516	6872,5
677,644	6899,2
677,772	6870,7
677,899	6902,7
678,027	6885,3
678,155	6804
678,283	6818,9
678,411	6840,2
678,539	6849,1
678,666	6837,6
678,794	6843,8
678,922	6874,7
679,050	6837,1
679,178	6883,4
679,306	6783,7
679,433	6895,6
679,561	6842,4
679,689	6824,4
679,817	6843,7
679,945	6848,5
680,073	6855,1
680,200	6844,1
680,328	6832,9
680,456	6878
680,584	6803,3
680,712	6816
680,840	6870,1
680,967	6833,5
681,095	6836,7
681,223	6893,1
681,351	6837,9
681,479	6818,4
681,607	6829
681,734	6867,6
681,862	6876,4
681,990	6870,9
682,118	6888,1
682,246	6833
682,374	6847,3
682,501	6861,9
682,629	6894,2
682,757	6886,1
682,885	6823,5
683,013	6839
683,141	6877,2
683,268	6822,7
683,396	6888,9
683,524	6816,4
683,652	6852,5
683,780	6870,8
683,908	6858,2
684,035	6858,8
684,163	6865,4
684,291	6836,9
684,419	6879,5
684,547	6828,4
684,675	6852,3
684,802	6878,3
684,930	6856,4
685,058	6864,6
685,186	6870,8
685,314	6870
685,442	6886,1
685,570	6839,6
685,697	6849,1
685,825	6852,5
685,953	6878
686,081	6867,1
686,209	6833,8
686,337	6890,7
686,464	6892,5
686,592	6855,2
686,720	6883,9
686,848	6906,5
686,976	6840
687,104	6862,8
687,231	6871,3
687,359	6888,4
687,487	6859,8
687,615	6894,7
687,743	6877,5
687,871	6880,6
687,998	6885,3
688,126	6888,2
688,254	6881,9
688,382	6858,4
688,510	6811,8
688,638	6875,7
688,765	6880,6
688,893	6899,4
689,021	6899,8
689,149	6874,5
689,277	6893,5
689,405	6913,5
689,532	6882
689,660	6910,5
689,788	6862,9
689,916	6833,7
690,044	6859,7
690,172	6883,3
690,299	6924,2
690,427	6881,7
690,555	6873,1
690,683	6838,4
690,811	6857,6
690,939	6872,3
691,066	6911,4
691,194	6918,3
691,322	6936,3
691,450	6908,9
691,578	6873,3
691,706	6912,5
691,833	6896,1
691,961	6843,1
692,089	6864,7
692,217	6892,7
692,345	6917,4
692,473	6909,2
692,600	6837,3
692,728	6858,1
692,856	6910,2
692,984	6987
693,112	6930,1
693,240	6922,5
693,367	6916,3
693,495	6905,3
693,623	6886,8
693,751	6912,3
693,879	6914
694,007	6910,3
694,135	6907,5
694,262	6911,9
694,390	6938,5
694,518	6961,4
694,646	6931
694,774	6888,2
694,902	6890,1
695,029	6925,6
695,157	6902,6
695,285	6923,8
695,413	6936,8
695,541	6935
695,669	6904,1
695,796	6885,2
695,924	6932,2
696,052	6894,9
696,180	6920,9
696,308	6902,8
696,436	6908,3
696,563	6937,5
696,691	6950,2
696,819	6923,3
696,947	6862,1
697,075	6870,7
697,203	6900
697,330	6900,3
697,458	6909,5
697,586	6890,7
697,714	6882,7
697,842	6880,7
697,970	6889
698,097	6902,3
698,225	6937,1
698,353	6936,1
698,481	6900,4
698,609	6928
698,737	6906,3
698,864	6932,7
698,992	6914,1
699,120	6917,3
699,248	6927,1
699,376	6919,5
699,504	6948,2
699,631	6938,5
699,759	6922,7
699,887	6935,6
700,015	6947
700,143	6912,4
700,271	6923
700,398	6948,6
700,526	6910,6
700,654	6933
700,782	6923,1
700,910	6935,7
701,038	6948,8
701,165	6942,7
701,293	6968,3
701,421	6921,8
701,549	6936,2
701,677	6880,5
701,805	6911,6
701,933	6900,3
702,060	6892,3
702,188	6899,9
702,316	6914,4
702,444	6965,5
702,572	6975,8
702,700	6961,5
702,827	6944,1
702,955	6973,5
703,083	6964,3
703,211	6925,1
703,339	6956,2
703,467	6944,3
703,594	6922,2
703,722	6962,5
703,850	6972,5
703,978	6961
704,106	6933,2
704,234	6929,3
704,361	6912,1
704,489	6936,7
704,617	6943,4
704,745	6896,9
704,873	6980,9
705,001	7007,2
705,128	6982,2
705,256	6956,3
705,384	6947,5
705,512	6946,2
705,640	6964,1
705,768	6971,1
705,895	6937,4
706,023	6942,6
706,151	6912,6
706,279	6969,2
706,407	6934,1
706,535	6911,9
706,662	6941,6
706,790	6963,6
706,918	6955,7
707,046	6988,3
707,174	6985,8
707,302	6906,1
707,429	6918,3
707,557	6972
707,685	6987,5
707,813	7003,2
707,941	7032
708,069	7004,6
708,196	6989,6
708,324	6969
708,452	6976,1
708,580	6941,5
708,708	6949,8
708,836	6982,2
708,963	6962,3
709,091	6987,3
709,219	6946,5
709,347	6933,6
709,475	6950,8
709,603	6928,9
709,731	6954
709,858	6971,3
709,986	6986,2
710,114	7007,3
710,242	6987,1
710,370	6945,8
710,498	6975
710,625	6996,3
710,753	7030,1
710,881	6996,9
711,009	6995,5
711,137	7011,6
711,265	7013,2
711,392	7009,1
711,520	7012,4
711,648	6958
711,776	6979,8
711,904	6988,5
712,032	6993,1
712,159	6982,8
712,287	6978
712,415	6967,7
712,543	6959,6
712,671	6987,3
712,799	7015,7
712,926	7039,9
713,054	7005
713,182	7006,5
713,310	6964,9
713,438	6946,9
713,566	6988,3
713,693	6985
713,821	6948,9
713,949	6945
714,077	7027,4
714,205	6982
714,333	6977,2
714,460	6996,3
714,588	6996,4
714,716	6994,2
714,844	7014,8
714,972	6965,5
715,100	7001,2
715,227	6986,7
715,355	7064,7
715,483	7038,4
715,611	7032,1
715,739	7021,3
715,867	7000,2
715,994	7004,4
716,122	6986,1
716,250	6995,2
716,378	7065,5
716,506	7063,4
716,634	7033
716,761	6999,5
716,889	7006,3
717,017	7026,8
717,145	7015,6
717,273	7008,9
717,401	7065,4
717,529	7050,9
717,656	7027,1
717,784	7007,4
717,912	7000
718,040	6988,3
718,168	6972
718,296	6965
718,423	6993,7
718,551	7021,5
718,679	7048
718,807	7033,7
718,935	7017,4
719,063	7045,1
719,190	7080,7
719,318	7064
719,446	7021,2
719,574	7017,1
719,702	7026,6
719,830	7018,1
719,957	7025,5
720,085	7061,3
720,213	6984,5
720,341	7016
720,469	7034,3
720,597	7001,5
720,724	7048,6
720,852	7059,4
720,980	7019,7
721,108	7026,3
721,236	7077,9
721,364	7055,6
721,491	7067,3
721,619	7057,2
721,747	7050,7
721,875	7035,9
722,003	7043,8
722,131	7019,8
722,258	7034,7
722,386	7015,9
722,514	7094,5
722,642	7070,9
722,770	7044,5
722,898	7023
723,025	7009,3
723,153	7064,5
723,281	7106,6
723,409	6941,1
723,537	7054
723,665	7045,9
723,792	7016,4
723,920	7048,6
724,048	7040,8
724,176	6985,8
724,304	6995,4
724,432	7091,9
724,559	7025,7
724,687	7070,9
724,815	7063,1
724,943	7031,6
725,071	7092,4
725,199	7127,4
725,326	7096,9
725,454	7048,5
725,582	6993
725,710	7062,7
725,838	7070,1
725,966	7057,1
726,094	7097,9
726,221	7034,7
726,349	7024,2
726,477	7015
726,605	7025,5
726,733	7075,7
726,861	7084,1
726,988	7047,1
727,116	7082,9
727,244	7036,7
727,372	7056,3
727,500	7086,9
727,628	7073,1
727,755	7073,6
727,883	7088,9
728,011	7050
728,139	7056,9
728,267	7064,3
728,395	7026,9
728,522	7046,5
728,650	7018
728,778	7035,6
728,906	7047,7
729,034	7048,2
729,162	7064,7
729,289	7023,5
729,417	7081,7
729,545	7057,2
729,673	7091
729,801	7070,3
729,929	7102,6
730,056	7077,2
730,184	7067,8
730,312	7091,5
730,440	7121
730,568	7040,2
730,696	7126
730,823	7123,4
730,951	7114
731,079	7121,5
731,207	7084,9
731,335	7064,4
731,463	7063,4
731,590	7045,2
731,718	7027,4
731,846	7103,7
731,974	7092,9
732,102	7103,3
732,230	7124,6
732,357	7128,5
732,485	7080
732,613	7087,9
732,741	7084,8
732,869	7049,9
732,997	7090,3
733,124	7091
733,252	7086,7
733,380	7117,1
733,508	7133,3
733,636	7087,7
733,764	7073,2
733,892	7103,9
734,019	7089,1
734,147	7047,1
734,275	7069,1
734,403	7037,3
734,531	7077,4
734,659	7087,8
734,786	7100,5
734,914	7108,4
735,042	7099,3
735,170	7090,4
735,298	7101,6
735,426	7111,5
735,553	7110,6
735,681	7115,1
735,809	7041,4
735,937	7122,6
736,065	7136,7
736,193	7078
736,320	7091,1
736,448	7103,2
736,576	7083,2
736,704	7080,6
736,832	7091,6
736,960	7091,3
737,087	6999,7
737,215	7067
737,343	7120,4
737,471	7111,4
737,599	7111,7
737,727	7123,7
737,854	7150,2
737,982	7158,7
738,110	7073,3
738,238	7050,2
738,366	7107,4
738,494	7107,5
738,621	7098,9
738,749	7053
738,877	7043,9
739,005	7084
739,133	7109,9
739,261	7098,4
739,388	7098,1
739,516	7093,1
739,644	7160,6
739,772	7083,5
739,900	7126
740,028	7091,7
740,155	7086,6
740,283	7100,1
740,411	7151,3
740,539	7197
740,667	7143,2
740,795	7131,3
740,922	7079,9
741,050	7159
741,178	7146
741,306	7143,9
741,434	7123,2
741,562	7110,3
741,690	7114,5
741,817	7121,9
741,945	7117,5
742,073	7082,5
742,201	7076,5
742,329	7185
742,457	7183,2
742,584	7171,7
742,712	7093
742,840	7072,5
742,968	7091,6
743,096	7087,2
743,224	7074,9
743,351	7114,6
743,479	7172,3
743,607	7082,2
743,735	7101,3
743,863	7152,8
743,991	7143,4
744,118	7172,1
744,246	7171,4
744,374	7163,4
744,502	7175,7
744,630	7118,7
744,758	7079,5
744,885	7112,8
745,013	7173,8
745,141	7130,9
745,269	7122,6
745,397	7121,1
745,525	7137,9
745,652	7169
745,780	7174,6
745,908	7141,4
746,036	7138,1
746,164	7119,1
746,292	7073,6
746,419	7127,6
746,547	7137,8
746,675	7127,5
746,803	7143,5
746,931	7115,8
747,059	7051,9
747,186	7049,1
747,314	7122,5
747,442	7145,7
747,570	7130,8
747,698	7111,5
747,826	7174,4
747,953	7103,4
748,081	7105,8
748,209	7150,5
748,337	7125,7
748,465	7081,4
748,593	7130,2
748,720	7136,2
748,848	7047,2
748,976	7099,7
749,104	7105,1
749,232	7098,1
749,360	7070,1
749,487	7087
749,615	7086,2
749,743	7100,3
749,871	7125,6
749,999	7056
750,127	7102,2
750,255	7170,6
750,382	7043,4
750,510	7070
750,638	7106,2
750,766	7104,9
750,894	7143,6
751,022	7117,7
751,149	7059,8
751,277	7079,4
751,405	7063,2
751,533	7106,8
751,661	7135,9
751,789	7153,5
751,916	7053,8
752,044	7145,8
752,172	7147,3
752,300	7156,9
752,428	7147,9
752,556	7074,9
752,683	7051,1
752,811	7130,8
752,939	7065
753,067	7053,1
753,195	7061,1
753,323	7039,1
753,450	7063,1
753,578	7092,2
753,706	7120,8
753,834	7146,2
753,962	7110,9
754,090	7015,5
754,217	7052,8
754,345	7032,5
754,473	7176,3
754,601	7064,8
754,729	7080,1
754,857	7064,5
754,984	7045,7
755,112	7041,9
755,240	7037
755,368	7035,4
755,496	7047,7
755,624	7024,4
755,751	7154,6
755,879	7117
756,007	7071,6
756,135	7110,7
756,263	7086,4
756,391	7071,1
756,518	7021,9
756,646	7017,3
756,774	7080,5
756,902	7066,3
757,030	7037,7
757,158	7095
757,285	6994,9
757,413	7052,1
757,541	7006,6
757,669	7066,3
757,797	7031,2
757,925	7048,5
758,053	7095,7
758,180	7054,7
758,308	7010,5
758,436	7059,1
758,564	7086,8
758,692	6945,4
758,820	7088,2
758,947	7036,6
759,075	7056,3
759,203	7060,6
759,331	7054,2
759,459	7065,3
759,587	7071,2
759,714	7047,3
759,842	7035,9
759,970	7022,1
760,098	6997,9
760,226	6990,7
760,354	7024,1
760,481	7081,6
760,609	7064,9
760,737	7042,8
760,865	7009,5
760,993	7004,1
761,121	7058,3
761,248	7030,6
761,376	7011,5
761,504	7070,4
761,632	6969,4
761,760	7056,2
761,888	7039,5
762,015	7046,9
762,143	7010
762,271	7014
762,399	7060
762,527	7044,8
762,655	6989,2
762,782	6999,8
762,910	7012,7
763,038	7033,2
763,166	6992,7
763,294	7040,6
763,422	7058,4
763,549	7039
763,677	7016,2
763,805	7000,1
763,933	6993
764,061	7018,4
764,189	7068,8
764,316	6980,9
764,444	6946,2
764,572	6972,5
764,700	6991,6
764,828	6962,2
764,956	6994,4
765,083	6995
765,211	6985,1
765,339	6982,1
765,467	6972,5
765,595	7001
765,723	7013,8
765,851	6919,4
765,978	7053,4
766,106	6921,5
766,234	7042,5
766,362	7012
766,490	6970,3
766,618	6955,3
766,745	6958
766,873	6963,6
767,001	6950,9
767,129	6950,7
767,257	7029,2
767,385	6989,9
767,512	6988,6
767,640	6905,8
767,768	6974,1
767,896	6977
768,024	6927,3
768,152	6959,9
768,279	7011,5
768,407	6974,1
768,535	6931,5
768,663	6945,5
768,791	6899,3
768,919	6936,2
769,046	6970
769,174	6946,9
769,302	6975,2
769,430	6953,6
769,558	6938,1
769,686	6939,3
769,813	6962,3
769,941	6986,6
770,069	6953,1
770,197	6956,6
770,325	6964,3
770,453	6985,5
770,580	6974,3
770,708	6939,7
770,836	6996,6
770,964	6970
771,092	6939,2
771,220	6973,6
771,347	7000,8
771,475	6973,9
771,603	6986,8
771,731	7022,4
771,859	6984,7
771,987	7041,7
772,114	7011,7
772,242	7013,7
772,370	7017,7
772,498	7014,5
772,626	7003,1
772,754	6989,9
772,881	6987,8
773,009	6964,1
773,137	6922,4
773,265	7013,7
773,393	6999,7
773,521	6943,3
773,649	6969,5
773,776	7008,4
773,904	6952,9
774,032	6912
774,160	6927,3
774,288	6959,2
774,416	6968,7
774,543	6960,2
774,671	6968,9
774,799	6950
774,927	6968,7
775,055	6948,4
775,183	6994,7
775,310	6968,9
775,438	6920,5
775,566	6967,1
775,694	7006,1
775,822	6991,1
775,950	6959,6
776,077	6964,7
776,205	6989,9
776,333	6975,2
776,461	6970,9
776,589	6999,1
776,717	6944,7
776,844	7009
776,972	7035,5
777,100	6976,8
777,228	6984,4
777,356	7002,5
777,484	7006,9
777,611	6996,7
777,739	7009,3
777,867	7027,7
777,995	6960,4
778,123	6939,3
778,251	7077,6
778,378	7012
778,506	6985,3
778,634	7001,2
778,762	6994
778,890	6966,3
779,018	6956,5
779,145	6988
779,273	7012,2
779,401	6970,3
779,529	7003,4
779,657	7059,3
779,785	7003,7
779,912	7005,1
780,040	7028,9
780,168	7057,1
780,296	6976,7
780,424	6957,2
780,552	6993,1
780,679	7025,2
780,807	7040,9
780,935	7039,1
781,063	7053,3
781,191	6960,2
781,319	6997,3
781,447	7040,8
781,574	7028
781,702	7057,6
781,830	7020,8
781,958	7020,3
782,086	7029,5
782,214	7039,1
782,341	7018,2
782,469	6999,4
782,597	7015,3
782,725	7011
782,853	7081,1
782,981	7049,6
783,108	7041,3
783,236	6985,3
783,364	7015,8
783,492	7034,6
783,620	7061,5
783,748	7042,6
783,875	7025,5
784,003	7063,5
784,131	7061,3
784,259	6993
784,387	7059,2
784,515	7078,1
784,642	7162,4
784,770	7014
784,898	7046
785,026	7020,5
785,154	7036,6
785,282	7022
785,409	6996,8
785,537	7057
785,665	7050,9
785,793	7040
785,921	7020,8
786,049	7065,8
786,176	7061,1
786,304	7011,5
786,432	7066,2
786,560	7078,2
786,688	7056,4
786,816	7027,1
786,943	7026
787,071	7060,3
787,199	7068,9
787,327	7030,8
787,455	7012,3
787,583	7046,9
787,710	7044,1
787,838	7013,4
787,966	7076,1
788,094	7080,7
788,222	7071,6
788,350	7024,1
788,477	7042,4
788,605	7078,1
788,733	7075
788,861	7082,8
788,989	7071,9
789,117	7091,9
789,244	7105,2
789,372	7064,3
789,500	7021,4
789,628	6988,1
789,756	7060,5
789,884	7018,4
790,012	7071,2
790,139	7064,9
790,267	7095,7
790,395	7111,2
790,523	7055,9
790,651	7061,4
790,779	7073,5
790,906	7061,5
791,034	7068,3
791,162	7050,7
791,290	7049,9
791,418	7049
791,546	7042,8
791,673	6977,8
791,801	7024,3
791,929	7046,8
792,057	7038,5
792,185	7019,2
792,313	6986,3
792,440	6979,4
792,568	7040,3
792,696	7087,3
792,824	7042,4
792,952	7017,2
793,080	7038,4
793,207	7028,6
793,335	7063,6
793,463	7121,7
793,591	7045,2
793,719	7061
793,847	7087,9
793,974	7041,9
794,102	7014,5
794,230	7046,6
794,358	7075,2
794,486	7068,7
794,614	7120,1
794,741	7078
794,869	7040
794,997	7074,3
795,125	7084,2
795,253	7050,8
795,381	7048,8
795,508	7042,8
795,636	7045,4
795,764	7052,8
795,892	7063,9
796,020	7090,4
796,148	7101
796,275	7086,8
796,403	7079,6
796,531	7086,7
796,659	7095,5
796,787	7144,1
796,915	7058,5
797,042	7044,4
797,170	7039,3
797,298	7039,2
797,426	7101,1
797,554	7137,4
797,682	7087,7
797,810	7076,5
797,937	7066,9
798,065	7083
798,193	7092,5
798,321	7036,9
798,449	7099,7
798,577	7050,8
798,704	7085,6
798,832	7104,8
798,960	7075,9
799,088	7073,8
799,216	7075,4
799,344	7025,4
799,471	7020,3
799,599	7043,7
799,727	7037,6
799,855	7028,2
799,983	7057,2
800,111	7091,3
800,238	7043,5
800,366	7074,2
800,494	7041,5
800,622	7035,6
800,750	7055,4
800,878	7065,7
801,005	7064,6
801,133	7087,6
801,261	7073,7
801,389	7027,2
801,517	7078,5
801,645	7095,2
801,772	7062
801,900	7057,3
802,028	7056,2
802,156	7046,2
802,284	7051,7
802,412	7098,7
802,539	7022,1
802,667	7066,1
802,795	7125,2
802,923	7112,2
803,051	7098
803,179	7085,8
803,306	7070,6
803,434	7098,9
803,562	7122,2
803,690	7047
803,818	7035,9
803,946	7042,1
804,073	7035
804,201	7096,3
804,329	7050,9
804,457	7029,2
804,585	7030,9
804,713	6997,1
804,840	7051,5
804,968	7059,8
805,096	7048,6
805,224	7029,7
805,352	7048,7
805,480	7068,4
805,608	7109,9
805,735	7098,6
805,863	7088,6
805,991	7055,8
806,119	7130,2
806,247	7073,1
806,375	7012,7
806,502	7029,3
806,630	7089,2
806,758	7089,7
806,886	7074
807,014	7059
807,142	7073,4
807,269	7068,4
807,397	7041,6
807,525	7025,6
807,653	7014,6
807,781	7036,6
807,909	7038,3
808,036	7073,3
808,164	7077,9
808,292	7029,6
808,420	7063,7
808,548	7073,1
808,676	7085,2
808,803	7072,6
808,931	7052,8
809,059	7085,8
809,187	7062,4
809,315	7052,8
809,443	7076,7
809,570	7057,6
809,698	7095,5
809,826	7111,9
809,954	7043,6
810,082	7102,8
810,210	7099,2
810,337	7060,5
810,465	7065,2
810,593	7065,5
810,721	7074,2
810,849	7108,1
810,977	7080,7
811,104	7054,8
811,232	7067,4
811,360	7060,5
811,488	7105,5
811,616	7089,9
811,744	7040,7
811,871	7079,6
811,999	7093,6
812,127	7091,5
812,255	7063,4
812,383	7040,7
812,511	7063,4
812,638	7101
812,766	7076,9
812,894	7051,2
813,022	7064,8
813,150	7074
813,278	7057,8
813,406	7049,4
813,533	7082,8
813,661	7070
813,789	7051,5
813,917	7083,9
814,045	7066,1
814,173	7091,5
814,300	7119,7
814,428	7076,9
814,556	7088,5
814,684	7071,9
814,812	7065,1
814,940	7078,5
815,067	7100,2
815,195	7100
815,323	7086,6
815,451	7097,8
815,579	7110,9
815,707	7143,2
815,834	7091,9
815,962	7061
816,090	7078,6
816,218	7093
816,346	7076,3
816,474	7036,2
816,601	7051,5
816,729	7043,2
816,857	7061,5
816,985	7079,2
817,113	7104,8
817,241	7095,2
817,368	7053,1
817,496	7083,7
817,624	7079,9
817,752	7106
817,880	7101,4
818,008	7067,3
818,135	7081,5
818,263	7088,7
818,391	7119,3
818,519	7128,6
818,647	7061,9
818,775	7111,1
818,902	7106,5
819,030	7075,1
819,158	7070,1
819,286	7087,7
819,414	7099,5
819,542	7124,8
819,669	7119,8
819,797	7056,7
819,925	7062,4
820,053	7168,3
820,181	7093,7
820,309	7091,7
820,436	7108,1
820,564	7090,7
820,692	7105
820,820	7119,5
820,948	7117,4
821,076	7112,2
821,203	7134,9
821,331	7093
821,459	7074,6
821,587	7083,5
821,715	7092,9
821,843	7134,4
821,971	7123,8
822,098	7094,5
822,226	7083,6
822,354	7088,8
822,482	7103,8
822,610	7088,6
822,738	7154
822,865	7121,1
822,993	7090,8
823,121	7078,9
823,249	7155,9
823,377	7145,1
823,505	7079,8
823,632	7077,7
823,760	7091
823,888	7122,8
824,016	7134,3
824,144	7113,7
824,272	7063,3
824,399	7107,6
824,527	7135,7
824,655	7139,2
824,783	7135,3
824,911	7120,5
825,039	7092,9
825,166	7116
825,294	7119,7
825,422	7076
825,550	7134,1
825,678	7171,8
825,806	7097,4
825,933	7144,9
826,061	7112,9
826,189	7103,5
826,317	7135,3
826,445	7135,9
826,573	7114,8
826,700	7078
826,828	7141,1
826,956	7197,1
827,084	7165,3
827,212	7129,4
827,340	7097,6
827,467	7099,2
827,595	7135,6
827,723	7176,8
827,851	7184,3
827,979	7121,6
828,107	7097,8
828,234	7108,7
828,362	7108,3
828,490	7169,2
828,618	7102,6
828,746	7156,5
828,874	7189,6
829,001	7194,2
829,129	7148,9
829,257	7107,4
829,385	7178,5
829,513	7189,1
829,641	7157,4
829,769	7116,8
829,896	7155,4
830,024	7156,3
830,152	7130,3
830,280	7124,6
830,408	7146,9
830,536	7141,5
830,663	7173,6
830,791	7181,5
830,919	7124,8
831,047	7157,9
831,175	7118,9
831,303	7180
831,430	7113,4
831,558	7205,3
831,686	7196,7
831,814	7180,2
831,942	7179,1
832,070	7151
832,197	7137,4
832,325	7149,4
832,453	7155,6
832,581	7137,7
832,709	7143,3
832,837	7108,6
832,964	7141,2
833,092	7180,8
833,220	7173,3
833,348	7154
833,476	7133,1
833,604	7134,2
833,731	7115,6
833,859	7125,6
833,987	7157,2
834,115	7163,3
834,243	7175,1
834,371	7199,4
834,498	7125,9
834,626	7167,8
834,754	7152,2
834,882	7186,3
835,010	7172,6
835,138	7152,8
835,265	7155,7
835,393	7178,5
835,521	7213
835,649	7190,2
835,777	7225,6
835,905	7189,7
836,032	7164,6
836,160	7145,8
836,288	7224,6
836,416	7200
836,544	7197,4
836,672	7197,8
836,799	7166,8
836,927	7142,7
837,055	7201,9
837,183	7162,8
837,311	7152,6
837,439	7115,7
837,567	7186,7
837,694	7207,7
837,822	7174,9
837,950	7207,7
838,078	7223,4
838,206	7220,1
838,334	7218,4
838,461	7214,3
838,589	7224
838,717	7184,6
838,845	7146,5
838,973	7199,4
839,101	7178,8
839,228	7239,3
839,356	7225
839,484	7213,1
839,612	7208,2
839,740	7206,4
839,868	7183,2
839,995	7195,5
840,123	7184
840,251	7206,8
840,379	7187,8
840,507	7220,7
840,635	7189,5
840,762	7174,7
840,890	7156,1
841,018	7218,9
841,146	7202,1
841,274	7162,9
841,402	7165,9
841,529	7194,6
841,657	7219,3
841,785	7177,1
841,913	7226,6
842,041	7219,2
842,169	7249,3
842,296	7219,8
842,424	7218,7
842,552	7189
842,680	7226,3
842,808	7247,4
842,936	7187,1
843,063	7148,5
843,191	7241,1
843,319	7270,8
843,447	7158,7
843,575	7271,1
843,703	7207,1
843,830	7217,8
843,958	7240
844,086	7218
844,214	7176,1
844,342	7197,9
844,470	7260,1
844,597	7279,9
844,725	7249,9
844,853	7193,3
844,981	7213
845,109	7156,6
845,237	7187,1
845,365	7174,6
845,492	7176,4
845,620	7210,9
845,748	7247,4
845,876	7282
846,004	7220,8
846,132	7191,5
846,259	7218,4
846,387	7213,7
846,515	7234,3
846,643	7207,3
846,771	7151,8
846,899	7233,5
847,026	7158,3
847,154	7225,1
847,282	7178,4
847,410	7237,2
847,538	7267,8
847,666	7261,3
847,793	7192
847,921	7166,3
848,049	7206,8
848,177	7245,6
848,305	7235,3
848,433	7218,1
848,560	7215,1
848,688	7225,2
848,816	7257,1
848,944	7278,3
849,072	7259,5
849,200	7248,9
849,327	7246,7
849,455	7258,5
849,583	7238,9
849,711	7223,4
849,839	7255,4
849,967	7271
850,094	7284,8
850,222	7228,1
850,350	7240,8
850,478	7236,2
850,606	7248,3
850,734	7192,7
850,861	7237,6
850,989	7246,4
851,117	7198
851,245	7196,1
851,373	7238,4
851,501	7287,2
851,628	7236,6
851,756	7136,5
851,884	7220
852,012	7281,1
852,140	7251,5
852,268	7259,2
852,395	7255,2
852,523	7268,6
852,651	7240,6
852,779	7235
852,907	7252,2
853,035	7233,2
853,162	7224,1
853,290	7315,7
853,418	7214
853,546	7262,5
853,674	7244,1
853,802	7328,9
853,930	7275,7
854,057	7259
854,185	7319
854,313	7285,6
854,441	7285,6
854,569	7292,3
854,697	7277,4
854,824	7292,2
854,952	7184,5
855,080	7193,2
855,208	7163
855,336	7281,5
855,464	7271
855,591	7222,3
855,719	7232,6
855,847	7231,1
855,975	7231,2
856,103	7240,8
856,231	7232,8
856,358	7236,6
856,486	7251,4
856,614	7237,6
856,742	7191,7
856,870	7228,2
856,998	7245,9
857,125	7334,9
857,253	7223,5
857,381	7162
857,509	7214,1
857,637	7250,1
857,765	7232,4
857,892	7255,4
858,020	7299,3
858,148	7291
858,276	7257,9
858,404	7262,7
858,532	7326,1
858,659	7313,2
858,787	7277,6
858,915	7342,2
859,043	7227,6
859,171	7277,4
859,299	7317
859,426	7235,9
859,554	7228,3
859,682	7281,5
859,810	7277,9
859,938	7255
860,066	7247,4
860,193	7186,3
860,321	7221,7
860,449	7237,5
860,577	7317,3
860,705	7278,1
860,833	7232,1
860,960	7235,6
861,088	7333,7
861,216	7272,2
861,344	7274,8
861,472	7346,8
861,600	7337,5
861,728	7260,4
861,855	7246,6
861,983	7323,9
862,111	7380,3
862,239	7271,9
862,367	7347,7
862,495	7287,9
862,622	7276,8
862,750	7349,3
862,878	7295,5
863,006	7308,9
863,134	7299,2
863,262	7282,9
863,389	7264,3
863,517	7277,1
863,645	7332,8
863,773	7308,6
863,901	7287,9
864,029	7304,7
864,156	7377,4
864,284	7263,7
864,412	7302,1
864,540	7373,7
864,668	7395,6
864,796	7411,9
864,923	7369,5
865,051	7297,4
865,179	7264,4
865,307	7274,2
865,435	7311,2
865,563	7363
865,690	7360,4
865,818	7324,9
865,946	7384,3
866,074	7405,9
866,202	7341,3
866,330	7329,2
866,457	7288,7
866,585	7249,5
866,713	7335
866,841	7370,1
866,969	7354,2
867,097	7329,9
867,224	7313,4
867,352	7317,9
867,480	7341,9
867,608	7372,8
867,736	7366,3
867,864	7331,1
867,991	7390,8
868,119	7293,2
868,247	7283,4
868,375	7349,8
868,503	7336,7
868,631	7319,3
868,758	7324,1
868,886	7359,2
869,014	7362,8
869,142	7317,9
869,270	7296
869,398	7336,3
869,526	7391,3
869,653	7330,1
869,781	7346,8
869,909	7373,2
870,037	7342,8
870,165	7311,3
870,293	7412,2
870,420	7275,5
870,548	7300,6
870,676	7313,1
870,804	7310,1
870,932	7370,6
871,060	7385,1
871,187	7309,3
871,315	7303
871,443	7358,8
871,571	7320,8
871,699	7278,8
871,827	7411,3
871,954	7293,7
872,082	7335,3
872,210	7293,4
872,338	7310,7
872,466	7336,6
872,594	7288
872,721	7277,1
872,849	7298,5
872,977	7326,2
873,105	7310,3
873,233	7241,1
873,361	7253,6
873,488	7293,2
873,616	7315,9
873,744	7306,3
873,872	7304,1
874,000	7268,6
874,128	7296,3
874,255	7325,7
874,383	7255,4
874,511	7270,8
874,639	7316,2
874,767	7317,6
874,895	7284,6
875,022	7256,4
875,150	7252,1
875,278	7261,5
875,406	7269,5
875,534	7289,9
875,662	7303,9
875,789	7271,1
875,917	7275,4
876,045	7205,4
876,173	7246,4
876,301	7192,8
876,429	7271,7
876,556	7293,5
876,684	7304,4
876,812	7363,1
876,940	7347
877,068	7270,1
877,196	7251,4
877,323	7267,9
877,451	7294,6
877,579	7326,4
877,707	7291
877,835	7296
877,963	7270
878,091	7189,6
878,218	7265,5
878,346	7223,4
878,474	7255,3
878,602	7293,2
878,730	7244,4
878,858	7164,2
878,985	7184,5
879,113	7247,5
879,241	7235,9
879,369	7214,6
879,497	7268,6
879,625	7315,5
879,752	7285,2
879,880	7223
880,008	7282,5
880,136	7282,2
880,264	7305,2
880,392	7247,3
880,519	7219,1
880,647	7185,4
880,775	7208
880,903	7260,9
881,031	7233,5
881,159	7219,5
881,286	7205,8
881,414	7150,2
881,542	7194,8
881,670	7261,2
881,798	7299,8
881,926	7270,6
882,053	7221,9
882,181	7228,9
882,309	7163
882,437	7151,1
882,565	7174,3
882,693	7249,7
882,820	7246,6
882,948	7240,9
883,076	7223
883,204	7250
883,332	7235,1
883,460	7229,1
883,587	7275,8
883,715	7234,4
883,843	7277,7
883,971	7267,5
884,099	7224,8
884,227	7250,9
884,354	7200,5
884,482	7223
884,610	7297,1
884,738	7320
884,866	7266,9
884,994	7215,9
885,121	7160,8
885,249	7160,1
885,377	7227,5
885,505	7252,3
885,633	7211,8
885,761	7209,4
885,889	7247,1
886,016	7215,1
886,144	7150,2
886,272	7180,4
886,400	7239,4
886,528	7250,9
886,656	7269,4
886,783	7193,5
886,911	7257,7
887,039	7163,3
887,167	7148,5
887,295	7183
887,423	7220,3
887,550	7220,7
887,678	7244,2
887,806	7265,8
887,934	7241,4
888,062	7199,2
888,190	7172,5
888,317	7200,7
888,445	7243,9
888,573	7258,9
888,701	7310,4
888,829	7236,6
888,957	7168,6
889,084	7156,5
889,212	7196,3
889,340	7244,3
889,468	7250,2
889,596	7229,1
889,724	7299,8
889,851	7297,4
889,979	7203,6
890,107	7199,1
890,235	7267
890,363	7264,6
890,491	7226,3
890,618	7220,3
890,746	7273,3
890,874	7166,2
891,002	7263,7
891,130	7269,6
891,258	7198,5
891,385	7250,1
891,513	7285,1
891,641	7216,6
891,769	7233,6
891,897	7213,9
892,025	7200,8
892,152	7200,9
892,280	7200,6
892,408	7217,7
892,536	7223,9
892,664	7207,1
892,792	7185,5
892,919	7216,3
893,047	7286,6
893,175	7244,6
893,303	7193,7
893,431	7223,8
893,559	7215,9
893,687	7230,2
893,814	7320,4
893,942	7252,5
894,070	7273,2
894,198	7291,2
894,326	7310,7
894,454	7257,4
894,581	7220,5
894,709	7199,5
894,837	7199,7
894,965	7201,7
895,093	7202,9
895,221	7193,1
895,348	7216,3
895,476	7214,4
895,604	7216
895,732	7244,6
895,860	7247,1
895,988	7252
896,115	7211,6
896,243	7227,8
896,371	7314,5
896,499	7270,2
896,627	7196,4
896,755	7194,8
896,882	7209,7
897,010	7212,7
897,138	7243,6
897,266	7280,1
897,394	7250,2
897,522	7239,3
897,649	7291,6
897,777	7276,3
897,905	7279,5
898,033	7241,9
898,161	7214
898,289	7256,4
898,416	7297,5
898,544	7316,4
898,672	7252,1
898,800	7326,1
898,928	7265,4
899,056	7245,1
899,183	7277,4
899,311	7307,4
899,439	7289,1
899,567	7261,6
899,695	7274,6
899,823	7263,3
899,950	7249,6
900,078	7266,7
900,206	7285,3
900,334	7238,5
900,462	7216
900,590	7275,5
900,717	7305
900,845	7269,3
900,973	7247,7
901,101	7215,9
901,229	7281,7
901,357	7290,3
901,485	7247,7
901,612	7227,9
901,740	7230
901,868	7291
901,996	7261,4
902,124	7281,3
902,252	7296,4
902,379	7344,8
902,507	7344,2
902,635	7281
902,763	7274,4
902,891	7269,8
903,019	7269,1
903,146	7272
903,274	7275
903,402	7294,5
903,530	7286,7
903,658	7293,2
903,786	7314,8
903,913	7252,8
904,041	7347,2
904,169	7279,4
904,297	7268,6
904,425	7296,5
904,553	7267,1
904,680	7300,9
904,808	7301,1
904,936	7269
905,064	7300,1
905,192	7287,9
905,320	7261,1
905,447	7312,9
905,575	7312,4
905,703	7257,4
905,831	7316,5
905,959	7338,5
906,087	7287,4
906,214	7293,9
906,342	7269,2
906,470	7247,2
906,598	7236,9
906,726	7307,6
906,854	7289,3
906,981	7294,8
907,109	7261,1
907,237	7304,7
907,365	7338,8
907,493	7302,7
907,621	7308,5
907,748	7288,3
907,876	7297,1
908,004	7316,5
908,132	7312,4
908,260	7341,3
908,388	7374,4
908,515	7306,2
908,643	7258,2
908,771	7299,6
908,899	7299,4
909,027	7264,1
909,155	7300,8
909,283	7339,8
909,410	7258,9
909,538	7330,1
909,666	7273
909,794	7344,4
909,922	7288,3
910,050	7344,1
910,177	7359,4
910,305	7314,6
910,433	7295,3
910,561	7271,7
910,689	7290,4
910,817	7346,1
910,944	7299,9
911,072	7233,1
911,200	7272,2
911,328	7282,8
911,456	7275,7
911,584	7264,4
911,711	7239,1
911,839	7251
911,967	7303,2
912,095	7300,4
912,223	7322
912,351	7271,1
912,478	7282,7
912,606	7336,6
912,734	7322
912,862	7257
912,990	7293,1
913,118	7332,3
913,245	7354,4
913,373	7228,6
913,501	7242,2
913,629	7264,3
913,757	7299,9
913,885	7300,3
914,012	7243,3
914,140	7272
914,268	7306,8
914,396	7293,9
914,524	7294,9
914,652	7295,2
914,779	7286,4
914,907	7320,7
915,035	7270,6
915,163	7331,5
915,291	7281,4
915,419	7303,7
915,546	7236,3
915,674	7299,1
915,802	7273,9
915,930	7277,4
916,058	7248,2
916,186	7254,7
916,313	7264,7
916,441	7280,1
916,569	7262,6
916,697	7263,8
916,825	7293,5
916,953	7261,6
917,080	7289,3
917,208	7321,8
917,336	7364,8
917,464	7289,2
917,592	7287,9
917,720	7263,4
917,848	7284
917,975	7280
918,103	7311
918,231	7292,1
918,359	7297
918,487	7324,9
918,615	7287,4
918,742	7286,8
918,870	7279,4
918,998	7302,5
919,126	7281,2
919,254	7285,1
919,382	7319,4
919,509	7335
919,637	7310,3
919,765	7296,3
919,893	7268,6
920,021	7261,3
920,149	7276
920,276	7321,8
920,404	7324,9
920,532	7291
920,660	7265,5
920,788	7265,1
920,916	7268,7
921,043	7270,1
921,171	7276,9
921,299	7311,6
921,427	7287
921,555	7260,1
921,683	7286,2
921,810	7270,1
921,938	7225,6
922,066	7266,8
922,194	7291,8
922,322	7269,8
922,450	7317,5
922,577	7255,8
922,705	7279
922,833	7300,8
922,961	7298,7
923,089	7291,7
923,217	7247,5
923,344	7289,8
923,472	7325,4
923,600	7296,7
923,728	7256,3
923,856	7246,8
923,984	7254,5
924,111	7318,8
924,239	7294,1
924,367	7304,3
924,495	7297,1
924,623	7281,7
924,751	7275,3
924,878	7341,4
925,006	7343,6
925,134	7275,2
925,262	7233,9
925,390	7297,5
925,518	7275,7
925,646	7235,6
925,773	7210
925,901	7307,3
926,029	7324,4
926,157	7285,9
926,285	7276,2
926,413	7270,8
926,540	7311,8
926,668	7328,9
926,796	7261
926,924	7283,7
927,052	7282,1
927,180	7325,7
927,307	7370,6
927,435	7317,3
927,563	7269,1
927,691	7314,7
927,819	7320,3
927,947	7321,3
928,074	7298,6
928,202	7305,7
928,330	7297,4
928,458	7270,3
928,586	7235,5
928,714	7270,4
928,841	7281,7
928,969	7268,4
929,097	7277,7
929,225	7350,8
929,353	7282,3
929,481	7315,8
929,608	7275,8
929,736	7317,1
929,864	7270,7
929,992	7254,1
930,120	7290,1
930,248	7296,5
930,375	7318,4
930,503	7278,1
930,631	7275,8
930,759	7310,4
930,887	7295
931,015	7277,5
931,142	7303,8
931,270	7307,6
931,398	7293,5
931,526	7304,8
931,654	7284,9
931,782	7312,1
931,909	7339,8
932,037	7320,6
932,165	7301,5
932,293	7309,6
932,421	7293,8
932,549	7294,3
932,676	7303,4
932,804	7321,4
932,932	7391,7
933,060	7342,6
933,188	7287,5
933,316	7315,7
933,444	7255,7
933,571	7315
933,699	7322,5
933,827	7302,1
933,955	7300,1
934,083	7322
934,211	7297,9
934,338	7311,1
934,466	7310,8
934,594	7360
934,722	7319,4
934,850	7313,7
934,978	7308,9
935,105	7257,5
935,233	7291,5
935,361	7261,4
935,489	7294,2
935,617	7288,7
935,745	7308
935,872	7291,2
936,000	7313,4
936,128	7297
936,256	7284,7
936,384	7286,3
936,512	7304,2
936,639	7342,4
936,767	7342,9
936,895	7347,6
937,023	7356,8
937,151	7318,5
937,279	7343,2
937,406	7256,9
937,534	7271,9
937,662	7314,2
937,790	7266,1
937,918	7323,3
938,046	7280,3
938,173	7285,4
938,301	7299,8
938,429	7345,9
938,557	7339,5
938,685	7339,2
938,813	7283,7
938,940	7292,9
939,068	7268,1
939,196	7265,3
939,324	7356,5
939,452	7374,5
939,580	7353,1
939,707	7327,4
939,835	7259,8
939,963	7311,8
940,091	7338,6
940,219	7315,2
940,347	7309,5
940,474	7312,9
940,602	7315,4
940,730	7337,4
940,858	7345,3
940,986	7303,3
941,114	7360,2
941,241	7301,9
941,369	7312,4
941,497	7299,5
941,625	7288,6
941,753	7320,7
941,881	7319,9
942,009	7303,2
942,136	7324,6
942,264	7350
942,392	7340,4
942,520	7347,4
942,648	7361,3
942,776	7309,4
942,903	7283
943,031	7313,4
943,159	7303,2
943,287	7352,8
943,415	7302,7
943,543	7302
943,670	7341,8
943,798	7292,4
943,926	7338,3
944,054	7328,8
944,182	7318,3
944,310	7386,1
944,437	7375,5
944,565	7340,2
944,693	7359,4
944,821	7363,7
944,949	7352,3
945,077	7323,7
945,204	7311,9
945,332	7327,8
945,460	7316,2
945,588	7365,7
945,716	7355,2
945,844	7425,5
945,971	7385,3
946,099	7381,4
946,227	7330,1
946,355	7343,4
946,483	7373,2
946,611	7342,5
946,738	7353,8
946,866	7399,2
946,994	7391,2
947,122	7373,8
947,250	7388,3
947,378	7351,3
947,505	7349
947,633	7341,4
947,761	7352,7
947,889	7382,1
948,017	7354,2
948,145	7339,6
948,272	7377,8
948,400	7398,9
948,528	7356,4
948,656	7361,1
948,784	7375,7
948,912	7375,7
949,039	7364,2
949,167	7404,2
949,295	7400,2
949,423	7380,5
949,551	7363,5
949,679	7363,6
949,807	7366,7
949,934	7381,5
950,062	7341,2
950,190	7452,1
950,318	7361,7
950,446	7391
950,574	7394,1
950,701	7350,9
950,829	7370,4
950,957	7380,4
951,085	7372,1
951,213	7390,5
951,341	7381,6
951,468	7391,1
951,596	7365,6
951,724	7372,5
951,852	7419,6
951,980	7399
952,108	7365,7
952,235	7376,3
952,363	7381,3
952,491	7404
952,619	7409
952,747	7377,1
952,875	7326,5
953,002	7392,9
953,130	7349,8
953,258	7379,7
953,386	7416,1
953,514	7391,9
953,642	7362
953,769	7375,8
953,897	7384,6
954,025	7376,6
954,153	7437,6
954,281	7420,8
954,409	7396,4
954,536	7348,1
954,664	7368,3
954,792	7350,2
954,920	7349,4
955,048	7417,2
955,176	7431,1
955,303	7404
955,431	7368,4
955,559	7387,6
955,687	7413,9
955,815	7389,4
955,943	7383,8
956,070	7364,5
956,198	7375,3
956,326	7371,7
956,454	7411,3
956,582	7431,8
956,710	7394,9
956,837	7418,1
956,965	7418,5
957,093	7348,1
957,221	7414,9
957,349	7435,1
957,477	7385,3
957,605	7439,4
957,732	7397,1
957,860	7405,7
957,988	7355,3
958,116	7363,8
958,244	7402,9
958,372	7394,5
958,499	7384,9
958,627	7387,3
958,755	7387,9
958,883	7401,2
959,011	7367,7
959,139	7472,9
959,266	7415,8
959,394	7392,2
959,522	7434
959,650	7363,8
959,778	7448,9
959,906	7467
960,033	7431,7
960,161	7473,5
960,289	7410,1
960,417	7403,5
960,545	7416,7
960,673	7437,5
960,800	7448,7
960,928	7428,1
961,056	7427,5
961,184	7394,1
961,312	7369
961,440	7416,6
961,567	7420,7
961,695	7453
961,823	7465
961,951	7434,7
962,079	7427,6
962,207	7454,1
962,334	7364,3
962,462	7470,4
962,590	7436,2
962,718	7439,9
962,846	7464,1
962,974	7384,9
963,101	7384,5
963,229	7429,2
963,357	7432,1
963,485	7409,1
963,613	7425
963,741	7431,4
963,868	7407,8
963,996	7459,7
964,124	7442,9
964,252	7374,3
964,380	7406,4
964,508	7446,6
964,635	7404,2
964,763	7455,9
964,891	7448,6
965,019	7453,1
965,147	7439,2
965,275	7447,1
965,403	7436,8
965,530	7480
965,658	7466
965,786	7437,2
965,914	7439,7
966,042	7442,4
966,170	7405,7
966,297	7389
966,425	7425,7
966,553	7444,3
966,681	7443,6
966,809	7475,1
966,937	7383,3
967,064	7415,7
967,192	7447,3
967,320	7422,4
967,448	7487,2
967,576	7462,5
967,704	7450
967,831	7447,1
967,959	7448,3
968,087	7459,2
968,215	7440,6
968,343	7496,5
968,471	7423,4
968,598	7432,8
968,726	7471,2
968,854	7447,2
968,982	7450,6
969,110	7460,2
969,238	7426,4
969,365	7437,2
969,493	7483,3
969,621	7479,5
969,749	7451,1
969,877	7475,1
970,005	7456,7
970,132	7462
970,260	7476,2
970,388	7480,7
970,516	7386,5
970,644	7452
970,772	7491,2
970,899	7439,6
971,027	7457
971,155	7412,4
971,283	7420,4
971,411	7438,5
971,539	7457,9
971,666	7446,2
971,794	7441,3
971,922	7446,2
972,050	7450,9
972,178	7448,8
972,306	7477,6
972,433	7500
972,561	7473
972,689	7495,1
972,817	7457,5
972,945	7480,5
973,073	7449,5
973,201	7461,5
973,328	7497
973,456	7429,4
973,584	7409,3
973,712	7399,7
973,840	7416,4
973,968	7484,5
974,095	7468,2
974,223	7470
974,351	7493,6
974,479	7440,5
974,607	7446,4
974,735	7451,8
974,862	7421
974,990	7411,6
975,118	7422,5
975,246	7432
975,374	7438,5
975,502	7468
975,629	7483,3
975,757	7530,3
975,885	7421,6
976,013	7438,7
976,141	7473,7
976,269	7549,6
976,396	7477,6
976,524	7487,4
976,652	7454,6
976,780	7453,3
976,908	7471,4
977,036	7505,1
977,163	7517,7
977,291	7489,2
977,419	7510,6
977,547	7470,5
977,675	7484,1
977,803	7510,7
977,930	7506,5
978,058	7509,3
978,186	7519,1
978,314	7509,5
978,442	7503,4
978,570	7520,4
978,697	7515
978,825	7530,7
978,953	7469
979,081	7435,5
979,209	7397,4
979,337	7508
979,464	7502,2
979,592	7484,9
979,720	7440,3
979,848	7449,2
979,976	7507,8
980,104	7558,9
980,231	7510,4
980,359	7451,2
980,487	7522,4
980,615	7542,3
980,743	7488,1
980,871	7488,3
980,998	7449
981,126	7513,6
981,254	7517,8
981,382	7479,7
981,510	7533,1
981,638	7533,4
981,766	7503,6
981,893	7514
982,021	7539,5
982,149	7525,9
982,277	7566
982,405	7456,4
982,533	7506,9
982,660	7578,8
982,788	7545,9
982,916	7520,8
983,044	7585,5
983,172	7441,6
983,300	7463,3
983,427	7454,6
983,555	7574,6
983,683	7515,1
983,811	7510,5
983,939	7503,3
984,067	7570,7
984,194	7512,1
984,322	7522,5
984,450	7477,1
984,578	7468,1
984,706	7557,2
984,834	7609,3
984,961	7584,6
985,089	7570,5
985,217	7581,9
985,345	7582,4
985,473	7567,6
985,601	7498,3
985,728	7489,1
985,856	7520,6
985,984	7484,4
986,112	7482,9
986,240	7477
986,368	7470
986,495	7515,6
986,623	7496,7
986,751	7564
986,879	7554,3
987,007	7545,6
987,135	7554,2
987,262	7492,7
987,390	7478,3
987,518	7567,3
987,646	7574,8
987,774	7530,2
987,902	7501,6
988,029	7560,3
988,157	7577,2
988,285	7527,2
988,413	7513,5
988,541	7509
988,669	7495,1
988,796	7485,9
988,924	7486,4
989,052	7514,9
989,180	7490,1
989,308	7434,2
989,436	7494,9
989,564	7544
989,691	7543,2
989,819	7517,9
989,947	7516,6
990,075	7485,3
990,203	7469,3
990,331	7475,2
990,458	7475,5
990,586	7512,3
990,714	7453,8
990,842	7496
990,970	7570
991,098	7464,2
991,225	7523,5
991,353	7438,4
991,481	7422,5
991,609	7504,6
991,737	7480,6
991,865	7516,4
991,992	7536,8
992,120	7450,2
992,248	7474,1
992,376	7492,8
992,504	7471
992,632	7457,3
992,759	7476,3
992,887	7552,3
993,015	7554,6
993,143	7474,4
993,271	7494,6
993,399	7535,1
993,526	7433,7
993,654	7401,5
993,782	7468,3
993,910	7445,5
994,038	7463,7
994,166	7440
994,293	7383,3
994,421	7488,9
994,549	7407,9
994,677	7522,7
994,805	7464,3
994,933	7393,8
995,060	7469,3
995,188	7509,2
995,316	7509,9
995,444	7424,7
995,572	7417,6
995,700	7436,6
995,827	7340,6
995,955	7411,9
996,083	7469,8
996,211	7452,2
996,339	7451,8
996,467	7468,7
996,594	7463,6
996,722	7459,3
996,850	7475,7
996,978	7442,4
997,106	7445,9
997,234	7486
997,362	7479,7
997,489	7477,5
997,617	7486,2
997,745	7494,4
997,873	7497,9
998,001	7510,3
998,129	7479,8
998,256	7432,4
998,384	7419,1
998,512	7470,2
998,640	7436,4
998,768	7516,3
998,896	7523,2
999,023	7496,3
999,151	7452,7
999,279	7410,4
999,407	7507,1
999,535	7460,7
999,663	7463,4
999,790	7505,3
999,918	7445,1
1000,046	7419,7
1000,174	7469
1000,302	7381,7
1000,430	7534,9
1000,557	7496,3
1000,685	7479,4
1000,813	7525,7
1000,941	7515,1
1001,069	7471,6
1001,197	7511,8
1001,324	7553,2
1001,452	7454,7
1001,580	7480,2
1001,708	7571
1001,836	7556,9
1001,964	7542,5
1002,091	7542,6
1002,219	7532,1
1002,347	7544,9
1002,475	7526
1002,603	7475
1002,731	7514,5
1002,858	7534,1
1002,986	7469,3
1003,114	7502,2
1003,242	7519,7
1003,370	7541,7
1003,498	7556,6
1003,625	7558,3
1003,753	7531,9
1003,881	7508
1004,009	7482,6
1004,137	7490,4
1004,265	7519,9
1004,392	7523,4
1004,520	7544,2
1004,648	7532,9
1004,776	7490,6
1004,904	7474,4
1005,032	7489,3
1005,160	7492,9
1005,287	7467,4
1005,415	7479,7
1005,543	7498,8
1005,671	7473
1005,799	7523,6
1005,927	7461,1
1006,054	7525
1006,182	7498,7
1006,310	7474,1
1006,438	7501,3
1006,566	7543,2
1006,694	7580,7
1006,821	7576
1006,949	7531,2
1007,077	7547,4
1007,205	7499,2
1007,333	7525,3
1007,461	7560,3
1007,588	7531,7
1007,716	7479,8
1007,844	7516,7
1007,972	7506,5
1008,100	7483,9
1008,228	7529,3
1008,355	7496,6
1008,483	7519,5
1008,611	7512
1008,739	7497,5
1008,867	7471,8
1008,995	7464,7
1009,122	7470,3
1009,250	7486,5
1009,378	7527
1009,506	7522,2
1009,634	7526,8
1009,762	7522,5
1009,889	7528,7
1010,017	7532,9
1010,145	7482
1010,273	7564,8
1010,401	7495,6
1010,529	7569,9
1010,656	7480,7
1010,784	7540,1
1010,912	7544,4
1011,040	7481,7
1011,168	7550,3
1011,296	7461,5
1011,423	7527,3
1011,551	7573
1011,679	7491
1011,807	7553,7
1011,935	7532,3
1012,063	7510,9
1012,190	7563,8
1012,318	7511,3
1012,446	7559,9
1012,574	7519,4
1012,702	7532,2
1012,830	7520,5
1012,957	7552,9
1013,085	7559,5
1013,213	7591,9
1013,341	7544,3
1013,469	7585,6
1013,597	7604,5
1013,725	7558,8
1013,852	7575,4
1013,980	7537
1014,108	7533,3
1014,236	7540,3
1014,364	7565,4
1014,492	7578
1014,619	7527,7
1014,747	7502,7
1014,875	7536,6
1015,003	7545,4
1015,131	7535,7
1015,259	7531,7
1015,386	7523,9
1015,514	7510,9
1015,642	7504,3
1015,770	7576,2
1015,898	7580,8
1016,026	7541,8
1016,153	7569,1
1016,281	7570,3
1016,409	7540,7
1016,537	7532,6
1016,665	7501,6
1016,793	7478,1
1016,920	7568,7
1017,048	7561,4
1017,176	7611,8
1017,304	7581,1
1017,432	7542,5
1017,560	7594,7
1017,687	7586,6
1017,815	7545,9
1017,943	7573,7
1018,071	7502,7
1018,199	7590,1
1018,327	7578,4
1018,454	7587,5
1018,582	7537,9
1018,710	7530,1
1018,838	7554,8
1018,966	7524,4
1019,094	7574,6
1019,221	7533,8
1019,349	7480,7
1019,477	7592,5
1019,605	7566,2
1019,733	7542,1
1019,861	7535,4
1019,988	7513,7
1020,116	7638,7
1020,244	7554,5
1020,372	7598,7
1020,500	7569,8
1020,628	7539,9
1020,755	7530,3
1020,883	7518,5
1021,011	7561,9
1021,139	7523,5
1021,267	7537,8
1021,395	7520,5
1021,523	7578,5
1021,650	7544
1021,778	7584,7
1021,906	7547,2
1022,034	7563,9
1022,162	7553,6
1022,290	7520,3
1022,417	7532,1
1022,545	7536,5
1022,673	7542,9
1022,801	7512,3
1022,929	7505,1
1023,057	7523,8
1023,184	7536,2
1023,312	7543,5
1023,440	7558,2
1023,568	7508,4
1023,696	7519,5
1023,824	7591,8
1023,951	7570,6
1024,079	7538,4
1024,207	7529,2
1024,335	7526,2
1024,463	7532,4
1024,591	7536,7
1024,718	7558,3
1024,846	7573,9
1024,974	7581,3
1025,102	7543,9
1025,230	7524
1025,358	7530,3
1025,485	7547,1
1025,613	7554,1
1025,741	7529,8
1025,869	7501,2
1025,997	7504,4
1026,125	7559,6
1026,252	7608,6
1026,380	7558
1026,508	7489,1
1026,636	7516,8
1026,764	7543,1
1026,892	7512,7
1027,019	7480,5
1027,147	7558,1
1027,275	7499,2
1027,403	7528,7
1027,531	7591,3
1027,659	7548,3
1027,786	7469,3
1027,914	7499,2
1028,042	7544,6
1028,170	7512,2
1028,298	7504,1
1028,426	7515,6
1028,553	7564,6
1028,681	7563,3
1028,809	7542,3
1028,937	7550,2
1029,065	7500,7
1029,193	7502,6
1029,321	7507,1
1029,448	7533,6
1029,576	7558
1029,704	7575,2
1029,832	7485,7
1029,960	7542
1030,088	7525,5
1030,215	7537,3
1030,343	7533,3
1030,471	7529
1030,599	7564,6
1030,727	7540,2
1030,855	7531,2
1030,982	7506,5
1031,110	7536
1031,238	7570,6
1031,366	7505
1031,494	7508,9
1031,622	7579,4
1031,749	7575,6
1031,877	7581,1
1032,005	7541,3
1032,133	7509,5
1032,261	7523,9
1032,389	7557,7
1032,516	7476,5
1032,644	7472,5
1032,772	7535,8
1032,900	7536
1033,028	7538,8
1033,156	7566,6
1033,283	7559,4
1033,411	7530,2
1033,539	7496,9
1033,667	7533,2
1033,795	7599
1033,923	7555,1
1034,050	7534,6
1034,178	7532,8
1034,306	7519
1034,434	7486
1034,562	7580,6
1034,690	7578,3
1034,817	7516,4
1034,945	7555,3
1035,073	7591,5
1035,201	7535,2
1035,329	7547,8
1035,457	7509,7
1035,584	7551,8
1035,712	7552,2
1035,840	7530,2
1035,968	7527,4
1036,096	7588,2
1036,224	7575,1
1036,351	7507
1036,479	7498,9
1036,607	7553,2
1036,735	7546,3
1036,863	7527,5
1036,991	7522,8
1037,119	7505,7
1037,246	7545,2
1037,374	7541,1
1037,502	7552,8
1037,630	7511,6
1037,758	7515,3
1037,886	7560,6
1038,013	7524
1038,141	7532,8
1038,269	7531,7
1038,397	7528,7
1038,525	7545,2
1038,653	7560,9
1038,780	7571,4
1038,908	7538,3
1039,036	7540
1039,164	7524,9
1039,292	7563,7
1039,420	7532,9
1039,547	7548,5
1039,675	7569,2
1039,803	7496,5
1039,931	7538,8
1040,059	7518,2
1040,187	7583,2
1040,314	7600,8
1040,442	7596,7
1040,570	7529,9
1040,698	7545,5
1040,826	7519,7
1040,954	7537,7
1041,081	7542,1
1041,209	7534,2
1041,337	7537,3
1041,465	7584,2
1041,593	7577,5
1041,721	7508,5
1041,848	7526,3
1041,976	7556,9
1042,104	7559,4
1042,232	7552,5
1042,360	7538,2
1042,488	7551,1
1042,615	7579,7
1042,743	7534,3
1042,871	7499,5
1042,999	7530,6
1043,127	7523
1043,255	7544,5
1043,382	7538
1043,510	7512,5
1043,638	7542,3
1043,766	7581,1
1043,894	7584,8
1044,022	7543,7
1044,149	7566,8
1044,277	7550,8
1044,405	7528,4
1044,533	7526
1044,661	7590,2
1044,789	7604,3
1044,916	7594,8
1045,044	7558,1
1045,172	7562,7
1045,300	7551,4
1045,428	7552
1045,556	7502,3
1045,684	7551,8
1045,811	7584,1
1045,939	7513,8
1046,067	7475,8
1046,195	7514,4
1046,323	7540,9
1046,451	7543,4
1046,578	7517,3
1046,706	7516,4
1046,834	7533,9
1046,962	7554,9
1047,090	7585,2
1047,218	7562,4
1047,345	7519,2
1047,473	7520,4
1047,601	7562,2
1047,729	7588,2
1047,857	7553,7
1047,985	7507,6
1048,112	7495,5
1048,240	7568,4
1048,368	7539,5
1048,496	7527,6
1048,624	7514,1
1048,752	7543,4
1048,879	7514,3
1049,007	7547,4
1049,135	7575,1
1049,263	7564
1049,391	7591,1
1049,519	7546
1049,646	7584,1
1049,774	7564,2
1049,902	7504,7
1050,030	7599,5
1050,158	7561,4
1050,286	7567,2
1050,413	7571,6
1050,541	7549,5
1050,669	7566,6
1050,797	7571,4
1050,925	7569,2
1051,053	7534,7
1051,180	7565,9
1051,308	7562,4
1051,436	7551,1
1051,564	7567,2
1051,692	7536,2
1051,820	7530,5
1051,947	7552,6
1052,075	7522
1052,203	7546,8
1052,331	7592,5
1052,459	7543,8
1052,587	7535,5
1052,714	7546,6
1052,842	7594,8
1052,970	7602,1
1053,098	7520,3
1053,226	7535,1
1053,354	7595,5
1053,482	7596,1
1053,609	7580
1053,737	7572,4
1053,865	7559,3
1053,993	7580,4
1054,121	7583,5
1054,249	7594,8
1054,376	7544,8
1054,504	7603,8
1054,632	7534,5
1054,760	7567,3
1054,888	7606,7
1055,016	7628,1
1055,143	7565,9
1055,271	7563,1
1055,399	7611,8
1055,527	7603,2
1055,655	7566,9
1055,783	7529,1
1055,910	7612,2
1056,038	7630,3
1056,166	7589,1
1056,294	7596,1
1056,422	7611,1
1056,550	7606,3
1056,677	7584,4
1056,805	7581
1056,933	7626,6
1057,061	7599,8
1057,189	7537,4
1057,317	7568,5
1057,444	7582,4
1057,572	7572
1057,700	7622,5
1057,828	7562,7
1057,956	7577,8
1058,084	7549,1
1058,211	7528
1058,339	7540,6
1058,467	7577,4
1058,595	7571,2
1058,723	7580,1
1058,851	7594,6
1058,978	7629,7
1059,106	7616,4
1059,234	7577,9
1059,362	7564,6
1059,490	7622,7
1059,618	7618,8
1059,745	7615,9
1059,873	7624,4
1060,001	7603,3
1060,129	7559,6
1060,257	7529,9
1060,385	7561
1060,512	7590,7
1060,640	7583,3
1060,768	7563,7
1060,896	7581,2
1061,024	7589,9
1061,152	7569,2
1061,280	7592,2
1061,407	7566,7
1061,535	7595,8
1061,663	7551,6
1061,791	7602,1
1061,919	7624,3
1062,047	7650,9
1062,174	7623,9
1062,302	7670,6
1062,430	7644
1062,558	7607,6
1062,686	7631,6
1062,814	7581,9
1062,941	7655,8
1063,069	7682,6
1063,197	7660,8
1063,325	7662,8
1063,453	7569,5
1063,581	7647,5
1063,708	7615,7
1063,836	7661
1063,964	7634,5
1064,092	7605,6
1064,220	7691,2
1064,348	7612,4
1064,475	7651
1064,603	7626
1064,731	7639,9
1064,859	7636,1
1064,987	7643,4
1065,115	7617,4
1065,242	7599,5
1065,370	7559,9
1065,498	7577,8
1065,626	7641,7
1065,754	7632,3
1065,882	7617,5
1066,009	7633,3
1066,137	7623,1
1066,265	7664,7
1066,393	7727,1
1066,521	7691,7
1066,649	7621
1066,776	7608,6
1066,904	7586,6
1067,032	7626,4
1067,160	7646,3
1067,288	7651,2
1067,416	7632
1067,543	7625
1067,671	7655,1
1067,799	7680,4
1067,927	7603,3
1068,055	7603,4
1068,183	7618,8
1068,310	7618,6
1068,438	7620,7
1068,566	7626,6
1068,694	7602,5
1068,822	7607,7
1068,950	7575,3
1069,077	7546,8
1069,205	7644,5
1069,333	7650,1
1069,461	7670
1069,589	7666,5
1069,717	7600,3
1069,845	7567,4
1069,972	7604,4
1070,100	7558,3
1070,228	7674,4
1070,356	7649,7
1070,484	7628,5
1070,612	7666,8
1070,739	7618,4
1070,867	7607,3
1070,995	7591,2
1071,123	7569,7
1071,251	7601,1
1071,379	7641,6
1071,506	7641,8
1071,634	7644,6
1071,762	7644,4
1071,890	7671,5
1072,018	7682,2
1072,146	7644,9
1072,273	7659,8
1072,401	7645,7
1072,529	7636,4
1072,657	7660,3
1072,785	7657,8
1072,913	7673,5
1073,040	7673,9
1073,168	7625,8
1073,296	7600,2
1073,424	7586,4
1073,552	7606,1
1073,680	7647,9
1073,807	7632,3
1073,935	7623,8
1074,063	7623,4
1074,191	7630,1
1074,319	7661,4
1074,447	7680,1
1074,574	7661
1074,702	7701,9
1074,830	7622,6
1074,958	7631,7
1075,086	7703,4
1075,214	7662
1075,341	7613,1
1075,469	7689,5
1075,597	7577
1075,725	7605,9
1075,853	7615,5
1075,981	7577,9
1076,108	7671
1076,236	7617,7
1076,364	7671,9
1076,492	7618,8
1076,620	7614,9
1076,748	7687,4
1076,875	7637,2
1077,003	7616,8
1077,131	7718,2
1077,259	7671
1077,387	7632,5
1077,515	7692,6
1077,643	7675
1077,770	7664,7
1077,898	7665,9
1078,026	7654,7
1078,154	7665,6
1078,282	7703,7
1078,410	7695,8
1078,537	7654,5
1078,665	7632,7
1078,793	7696,1
1078,921	7718,6
1079,049	7669,3
1079,177	7683,8
1079,304	7731,1
1079,432	7724,2
1079,560	7704,6
1079,688	7679,3
1079,816	7632,5
1079,944	7654,9
1080,071	7656,3
1080,199	7673,8
1080,327	7677,3
1080,455	7650,2
1080,583	7674,2
1080,711	7682,3
1080,838	7683,7
1080,966	7650,1
1081,094	7703,3
1081,222	7712,4
1081,350	7619,7
1081,478	7669,1
1081,605	7726,4
1081,733	7692,3
1081,861	7668,6
1081,989	7616
1082,117	7642,2
1082,245	7672,6
1082,372	7674,1
1082,500	7704,9
1082,628	7679,4
1082,756	7661,9
1082,884	7686,2
1083,012	7696,3
1083,139	7688
1083,267	7661,6
1083,395	7649,2
1083,523	7642,4
1083,651	7670,6
1083,779	7718,7
1083,906	7718,2
1084,034	7699,6
1084,162	7660,5
1084,290	7673
1084,418	7712,2
1084,546	7732,5
1084,673	7657,1
1084,801	7694,7
1084,929	7705,3
1085,057	7785,4
1085,185	7747,7
1085,313	7695,5
1085,441	7707,1
1085,568	7674,4
1085,696	7667,3
1085,824	7698,7
1085,952	7770,5
1086,080	7751,7
1086,208	7658,6
1086,335	7654,5
1086,463	7714,9
1086,591	7711,4
1086,719	7766,6
1086,847	7695,7
1086,975	7737,6
1087,102	7713,8
1087,230	7647,2
1087,358	7715,1
1087,486	7754,6
1087,614	7694,2
1087,742	7712,7
1087,869	7721,9
1087,997	7741,7
1088,125	7732
1088,253	7748,3
1088,381	7756,9
1088,509	7762
1088,636	7734,7
1088,764	7697,6
1088,892	7673,2
1089,020	7688,3
1089,148	7680
1089,276	7750,6
1089,403	7648,7
1089,531	7697,4
1089,659	7701,7
1089,787	7670,2
1089,915	7690,1
1090,043	7768,4
1090,170	7676,7
1090,298	7734,5
1090,426	7734,6
1090,554	7641,6
1090,682	7742,5
1090,810	7670
1090,937	7745,4
1091,065	7759,8
1091,193	7779
1091,321	7714,1
1091,449	7753
1091,577	7721,4
1091,704	7753,9
1091,832	7691,2
1091,960	7789,4
1092,088	7682,4
1092,216	7794,9
1092,344	7728,8
1092,471	7770,1
1092,599	7771,9
1092,727	7774,3
1092,855	7710,3
1092,983	7795,7
1093,111	7734,4
1093,239	7733,7
1093,366	7694,4
1093,494	7777,5
1093,622	7796,7
1093,750	7780,3
1093,878	7728,1
1094,006	7732,1
1094,133	7765,5
1094,261	7796,4
1094,389	7710
1094,517	7699
1094,645	7788,3
1094,773	7791,6
1094,900	7796,4
1095,028	7795
1095,156	7810,9
1095,284	7756,8
1095,412	7766,8
1095,540	7764,3
1095,667	7737,2
1095,795	7768,1
1095,923	7880,6
1096,051	7786,2
1096,179	7766,3
1096,307	7815,7
1096,434	7776,5
1096,562	7741,2
1096,690	7681,3
1096,818	7710,7
1096,946	7736,9
1097,074	7775
1097,201	7764,5
1097,329	7782,5
1097,457	7744,4
1097,585	7677,4
1097,713	7744,1
1097,841	7749,4
1097,968	7714,8
1098,096	7777,8
1098,224	7731,9
1098,352	7743,7
1098,480	7662,5
1098,608	7733,7
1098,735	7722,1
1098,863	7789,8
1098,991	7733
1099,119	7676,4
1099,247	7665,5
1099,375	7687,4
1099,502	7635
1099,630	7740,1
1099,758	7746,3
1099,886	7776,6
1100,014	7612,9
