350,000	5319,2
350,128	5311,7
350,256	5319,8
350,384	5321,5
350,511	5316,8
350,639	5310,5
350,767	5312,2
350,895	5315,6
351,023	5330,1
351,151	5319,5
351,278	5310,7
351,406	5320,9
351,534	5321,2
351,662	5334,7
351,790	5324,1
351,918	5309,4
352,045	5305,8
352,173	5315,4
352,301	5309,2
352,429	5301,6
352,557	5313,2
352,685	5314,3
352,812	5311,3
352,940	5309,9
353,068	5307,3
353,196	5306
353,324	5314,4
353,452	5304,1
353,579	5297,1
353,707	5302,5
353,835	5302
353,963	5297,5
354,091	5299,5
354,219	5301,2
354,346	5304,4
354,474	5303,5
354,602	5281,7
354,730	5271,4
354,858	5289,7
354,986	5297,5
355,113	5296,8
355,241	5292,1
355,369	5289
355,497	5299,3
355,625	5294,2
355,753	5302,2
355,880	5303,6
356,008	5299
356,136	5307,2
356,264	5310,8
356,392	5290,5
356,520	5306,4
356,647	5310,1
356,775	5302,1
356,903	5314
357,031	5277,1
357,159	5275,9
357,287	5296,2
357,414	5311,2
357,542	5311
357,670	5298,6
357,798	5320,3
357,926	5286,2
358,054	5286,7
358,182	5297,4
358,309	5303,7
358,437	5297
358,565	5295
358,693	5286,4
358,821	5268,8
358,949	5269,5
359,076	5276,6
359,204	5273,7
359,332	5283
359,460	5266,6
359,588	5275,7
359,716	5264,9
359,843	5258,4
359,971	5276,2
360,099	5279,4
360,227	5282
360,355	5284,8
360,483	5273,8
360,610	5267,3
360,738	5273,2
360,866	5264,9
360,994	5275,5
361,122	5269,3
361,250	5264
361,377	5263,8
361,505	5266,3
361,633	5259,6
361,761	5254,1
361,889	5262,8
362,017	5262,4
362,144	5261,9
362,272	5262,2
362,400	5255,3
362,528	5264,6
362,656	5253,9
362,784	5250,1
362,911	5257,7
363,039	5264,3
363,167	5248,8
363,295	5225
363,423	5245,9
363,551	5245,4
363,678	5259,6
363,806	5270,8
363,934	5249,7
364,062	5251,5
364,190	5245,9
364,318	5243,6
364,445	5249,7
364,573	5251,8
364,701	5241,2
364,829	5243,7
364,957	5230,1
365,085	5233,4
365,212	5237
365,340	5244,2
365,468	5252,1
365,596	5235,9
365,724	5233,8
365,852	5230
365,979	5234,8
366,107	5246,4
366,235	5254,5
366,363	5239
366,491	5229,3
366,619	5242,2
366,747	5238,9
366,874	5234,6
367,002	5237,5
367,130	5248,5
367,258	5240,7
367,386	5242,3
367,514	5242,8
367,641	5243,4
367,769	5252
367,897	5271,3
368,025	5242,1
368,153	5223
368,281	5226
368,408	5236,1
368,536	5243,3
368,664	5242,4
368,792	5242,7
368,920	5244,5
369,048	5236,8
369,175	5230,9
369,303	5226,1
369,431	5227,5
369,559	5255,8
369,687	5226,7
369,815	5237,2
369,942	5240,1
370,070	5244,4
370,198	5250,1
370,326	5246,7
370,454	5264,2
370,582	5248,5
370,709	5248,1
370,837	5243,4
370,965	5239,2
371,093	5249,1
371,221	5245,5
371,349	5239,1
371,476	5247,1
371,604	5248,3
371,732	5250
371,860	5259
371,988	5251,1
372,116	5225,6
372,243	5235,6
372,371	5247,4
372,499	5246,5
372,627	5238,6
372,755	5262,6
372,883	5243,1
373,010	5235,6
373,138	5238,9
373,266	5242,2
373,394	5245,3
373,522	5257,1
373,650	5250,8
373,777	5236,9
373,905	5248,8
374,033	5253,8
374,161	5251,2
374,289	5251
374,417	5241,3
374,545	5240,1
374,672	5243,1
374,800	5247,2
374,928	5253,5
375,056	5258,5
375,184	5243,6
375,312	5247,1
375,439	5255,2
375,567	5251,9
375,695	5249,9
375,823	5254,5
375,951	5260
376,079	5258,5
376,206	5260,7
376,334	5256,4
376,462	5255,6
376,590	5258,2
376,718	5259,7
376,846	5269,9
376,973	5246,4
377,101	5243,5
377,229	5253,3
377,357	5265,2
377,485	5267,7
377,613	5254,7
377,740	5258,8
377,868	5260
377,996	5248,1
378,124	5247,9
378,252	5262,6
378,380	5265,2
378,507	5260,6
378,635	5262
378,763	5261,7
378,891	5257,4
379,019	5255,6
379,147	5263,2
379,274	5257,7
379,402	5256,6
379,530	5257,3
379,658	5254,6
379,786	5255,1
379,914	5261,1
380,041	5255,3
380,169	5271
380,297	5275,1
380,425	5271,4
380,553	5263,5
380,681	5262,1
380,808	5276,4
380,936	5263,5
381,064	5269,8
381,192	5270,5
381,320	5269,7
381,448	5263,3
381,575	5259,1
381,703	5281,4
381,831	5255,1
381,959	5264
382,087	5270,9
382,215	5277,5
382,343	5285
382,470	5285,3
382,598	5263,4
382,726	5261,1
382,854	5274,3
382,982	5282,7
383,110	5280,1
383,237	5267,4
383,365	5277,7
383,493	5264,7
383,621	5267,6
383,749	5269,1
383,877	5264,8
384,004	5264,4
384,132	5284,7
384,260	5260,4
384,388	5259,6
384,516	5268,1
384,644	5277,7
384,771	5277,5
384,899	5256,4
385,027	5289
385,155	5280,8
385,283	5278
385,411	5276,9
385,538	5279
385,666	5285,2
385,794	5281,3
385,922	5271,4
386,050	5269,1
386,178	5284,6
386,305	5300
386,433	5300,2
386,561	5285,9
386,689	5296,5
386,817	5292,9
386,945	5297,1
387,072	5300,7
387,200	5302,4
387,328	5298,5
387,456	5295,5
387,584	5303,6
387,712	5282,5
387,839	5288,8
387,967	5303,7
388,095	5308,4
388,223	5300,8
388,351	5284,1
388,479	5293,7
388,606	5293,1
388,734	5287,8
388,862	5284,4
388,990	5296,2
389,118	5297,1
389,246	5298,6
389,373	5301,6
389,501	5297,9
389,629	5289,9
389,757	5286,6
389,885	5290,4
390,013	5315,6
390,141	5308,9
390,268	5310,4
390,396	5311,3
390,524	5309,9
390,652	5306,6
390,780	5317,4
390,908	5293,7
391,035	5301,1
391,163	5304,6
391,291	5305,9
391,419	5309,7
391,547	5304
391,675	5302,1
391,802	5298,2
391,930	5301,4
392,058	5306,4
392,186	5305,7
392,314	5296
392,442	5312,2
392,569	5305,2
392,697	5306,5
392,825	5310,5
392,953	5316,8
393,081	5316,3
393,209	5315,2
393,336	5314,8
393,464	5311,4
393,592	5317,4
393,720	5316
393,848	5313,4
393,976	5316
394,103	5306,9
394,231	5310,4
394,359	5317,7
394,487	5325
394,615	5321
394,743	5311,8
394,870	5316,5
394,998	5322,8
395,126	5319,4
395,254	5329,6
395,382	5336,4
395,510	5339,1
395,637	5328,8
395,765	5323,4
395,893	5327,7
396,021	5322,4
396,149	5332,4
396,277	5340,9
396,404	5333,4
396,532	5313,5
396,660	5319,6
396,788	5342,5
396,916	5349,6
397,044	5333,8
397,171	5319
397,299	5334,8
397,427	5352,5
397,555	5330,1
397,683	5331,6
397,811	5340,5
397,938	5344,5
398,066	5345,1
398,194	5355,6
398,322	5343,4
398,450	5360,8
398,578	5333,3
398,706	5331,8
398,833	5348,1
398,961	5352,8
399,089	5344,4
399,217	5355,2
399,345	5348
399,473	5336,5
399,600	5347,2
399,728	5353,9
399,856	5354,1
399,984	5357
400,112	5350,8
400,240	5353,3
400,367	5351,1
400,495	5342,9
400,623	5349,2
400,751	5371,3
400,879	5368,2
401,007	5356
401,134	5353,2
401,262	5357,7
401,390	5362,5
401,518	5363,7
401,646	5357,6
401,774	5367,5
401,901	5369,9
402,029	5363,5
402,157	5356,7
402,285	5355,2
402,413	5361,1
402,541	5366,6
402,668	5360,9
402,796	5363,8
402,924	5364,1
403,052	5358,9
403,180	5357,3
403,308	5377
403,435	5362,2
403,563	5357,4
403,691	5361,5
403,819	5361
403,947	5362,7
404,075	5380,3
404,202	5366,9
404,330	5376,9
404,458	5380,2
404,586	5385,9
404,714	5383,2
404,842	5380,2
404,969	5372,7
405,097	5371
405,225	5377,7
405,353	5380
405,481	5380
405,609	5397,1
405,736	5398,8
405,864	5402
405,992	5391,3
406,120	5391,8
406,248	5380,8
406,376	5381,5
406,504	5390,5
406,631	5397,9
406,759	5384,2
406,887	5378,8
407,015	5389,1
407,143	5399
407,271	5393,8
407,398	5386,5
407,526	5388,6
407,654	5389,6
407,782	5400,4
407,910	5393,6
408,038	5393,1
408,165	5392,9
408,293	5390,6
408,421	5387,8
408,549	5393,3
408,677	5402,1
408,805	5401,9
408,932	5392,1
409,060	5389,3
409,188	5399,6
409,316	5395,5
409,444	5423,4
409,572	5404,7
409,699	5408
409,827	5406,4
409,955	5402,2
410,083	5412,9
410,211	5407
410,339	5413,5
410,466	5423,2
410,594	5419
410,722	5400,5
410,850	5400,4
410,978	5407,4
411,106	5412,5
411,233	5409
411,361	5421,9
411,489	5423,5
411,617	5416,9
411,745	5420,6
411,873	5427,3
412,000	5424,7
412,128	5430,8
412,256	5428,7
412,384	5414,6
412,512	5406,6
412,640	5414,8
412,767	5429,9
412,895	5435
413,023	5444,6
413,151	5438,3
413,279	5440,8
413,407	5434,4
413,534	5421,3
413,662	5447,3
413,790	5435,3
413,918	5429,7
414,046	5434
414,174	5438,6
414,302	5434,2
414,429	5420
414,557	5436
414,685	5452,2
414,813	5445,7
414,941	5442,6
415,069	5445,5
415,196	5447,5
415,324	5457,4
415,452	5455,3
415,580	5441,2
415,708	5436,7
415,836	5442,7
415,963	5464,7
416,091	5467,7
416,219	5466,9
416,347	5456,6
416,475	5460,1
416,603	5448,7
416,730	5451,6
416,858	5457,3
416,986	5465
417,114	5464,5
417,242	5478,3
417,370	5462,9
417,497	5460
417,625	5463
417,753	5465,3
417,881	5466
418,009	5472,9
418,137	5471,1
418,264	5468,8
418,392	5478,5
418,520	5475,6
418,648	5477,9
418,776	5480,7
418,904	5471,7
419,031	5477,6
419,159	5485,1
419,287	5479,5
419,415	5473,3
419,543	5475
419,671	5480,1
419,798	5472,6
419,926	5484,8
420,054	5490,7
420,182	5489
420,310	5491,7
420,438	5492,1
420,565	5482,2
420,693	5502,2
420,821	5502,3
420,949	5509,2
421,077	5499,6
421,205	5493,2
421,332	5495,2
421,460	5503,3
421,588	5490,3
421,716	5483
421,844	5502,2
421,972	5506,4
422,100	5505,1
422,227	5510,4
422,355	5511,2
422,483	5503,5
422,611	5507,4
422,739	5503,5
422,867	5517,3
422,994	5514,2
423,122	5516,2
423,250	5519,1
423,378	5512,1
423,506	5516,9
423,634	5501,3
423,761	5511
423,889	5514,9
424,017	5521,8
424,145	5523,1
424,273	5531,1
424,401	5527,5
424,528	5532,5
424,656	5528,6
424,784	5531,7
424,912	5535,8
425,040	5538,2
425,168	5538,2
425,295	5541,1
425,423	5535,4
425,551	5531,6
425,679	5534,4
425,807	5540,4
425,935	5544,3
426,062	5541,5
426,190	5532,8
426,318	5545,6
426,446	5549
426,574	5553,8
426,702	5552,7
426,829	5543,4
426,957	5564,4
427,085	5546,1
427,213	5550,3
427,341	5556,1
427,469	5556
427,596	5548,1
427,724	5560,1
427,852	5566,2
427,980	5564,3
428,108	5559,1
428,236	5560,9
428,363	5570,2
428,491	5560,9
428,619	5563,9
428,747	5580,6
428,875	5576,7
429,003	5587,5
429,130	5582,9
429,258	5565,3
429,386	5574
429,514	5572,3
429,642	5574,3
429,770	5579,7
429,898	5571,4
430,025	5595
430,153	5586
430,281	5587,1
430,409	5591,8
430,537	5578,5
430,665	5584,7
430,792	5589,9
430,920	5593,7
431,048	5594
431,176	5590,6
431,304	5590,8
431,432	5593,7
431,559	5605,4
431,687	5603,7
431,815	5603,5
431,943	5610,1
432,071	5615,6
432,199	5601
432,326	5608,7
432,454	5612,3
432,582	5612,4
432,710	5618,7
432,838	5627
432,966	5609,6
433,093	5620,5
433,221	5650,2
433,349	5634,7
433,477	5636,2
433,605	5658,5
433,733	5655,6
433,860	5633,6
433,988	5643,6
434,116	5627,4
434,244	5629,6
434,372	5634,2
434,500	5642,6
434,627	5643
434,755	5623,8
434,883	5623
435,011	5622,7
435,139	5635,3
435,267	5648,6
435,394	5644,4
435,522	5637,8
435,650	5644,6
435,778	5639,1
435,906	5636,6
436,034	5650
436,161	5645,5
436,289	5645,2
436,417	5637,2
436,545	5650,8
436,673	5655,6
436,801	5638,5
436,928	5663,7
437,056	5626,2
437,184	5663,7
437,312	5668,5
437,440	5663,4
437,568	5663,8
437,695	5665,1
437,823	5667,7
437,951	5647,9
438,079	5657
438,207	5658,1
438,335	5663,9
438,463	5677,5
438,590	5660
438,718	5675,9
438,846	5685,3
438,974	5683,7
439,102	5680
439,230	5692,7
439,357	5675,7
439,485	5686,3
439,613	5675,4
439,741	5667,2
439,869	5666,4
439,997	5675,2
440,124	5689,4
440,252	5675,2
440,380	5677
440,508	5679,1
440,636	5687
440,764	5705,1
440,891	5686,9
441,019	5673,7
441,147	5691,9
441,275	5708,1
441,403	5705,7
441,531	5695,2
441,658	5691,1
441,786	5705,1
441,914	5709,5
442,042	5704,9
442,170	5709,8
442,298	5721,9
442,425	5721,7
442,553	5720,3
442,681	5708,6
442,809	5702,6
442,937	5705,3
443,065	5712,3
443,192	5715,8
443,320	5701,9
443,448	5715,4
443,576	5728,8
443,704	5719,1
443,832	5720,8
443,959	5736,3
444,087	5745
444,215	5718,8
444,343	5726,8
444,471	5730,9
444,599	5738,5
444,726	5743,7
444,854	5737,9
444,982	5753,7
445,110	5738,6
445,238	5753,1
445,366	5765
445,493	5751,4
445,621	5743,9
445,749	5742,8
445,877	5768,7
446,005	5755,7
446,133	5753,5
446,261	5755,4
446,388	5758,8
446,516	5762,9
446,644	5768,5
446,772	5765,3
446,900	5767,2
447,028	5764,1
447,155	5767,2
447,283	5756,1
447,411	5780,2
447,539	5764,8
447,667	5784,7
447,795	5787,5
447,922	5776,3
448,050	5768,9
448,178	5785,1
448,306	5793,3
448,434	5786,5
448,562	5787,8
448,689	5794,2
448,817	5795
448,945	5772,4
449,073	5780,8
449,201	5794,7
449,329	5798,9
449,456	5799,2
449,584	5799,9
449,712	5799,2
449,840	5821,6
449,968	5808,9
450,096	5810,4
450,223	5806,9
450,351	5806,2
450,479	5818,2
450,607	5820
450,735	5829,5
450,863	5821,2
450,990	5832,9
451,118	5833,6
451,246	5819,8
451,374	5825,1
451,502	5831,7
451,630	5831,8
451,757	5832,3
451,885	5830,1
452,013	5828,8
452,141	5855
452,269	5835,1
452,397	5846
452,524	5840,3
452,652	5856,8
452,780	5856,7
452,908	5838,1
453,036	5851,2
453,164	5840,5
453,291	5869,5
453,419	5875,2
453,547	5861,5
453,675	5844,6
453,803	5867,6
453,931	5863,7
454,059	5859,5
454,186	5870,5
454,314	5883
454,442	5890,5
454,570	5888,9
454,698	5880,8
454,826	5893,4
454,953	5885,6
455,081	5880,7
455,209	5877,8
455,337	5879,1
455,465	5890,8
455,593	5893
455,720	5900
455,848	5899,6
455,976	5903,6
456,104	5904,9
456,232	5897,8
456,360	5908,5
456,487	5919,4
456,615	5906,5
456,743	5910,3
456,871	5921,7
456,999	5923,1
457,127	5901,3
457,254	5946,5
457,382	5932,7
457,510	5916,4
457,638	5929
457,766	5942,9
457,894	5926,5
458,021	5944,9
458,149	5947,1
458,277	5932,8
458,405	5938,8
458,533	5943
458,661	5938
458,788	5944,9
458,916	5946
459,044	5955,8
459,172	5954,1
459,300	5947,3
459,428	5950,6
459,555	5965,1
459,683	5961
459,811	5959,6
459,939	5962,8
460,067	5968,6
460,195	5964,3
460,322	5949,8
460,450	5964,1
460,578	5986,5
460,706	5975,4
460,834	5968,7
460,962	5968,8
461,089	5973,5
461,217	5975
461,345	5971,1
461,473	5996,1
461,601	5999,1
461,729	5986,2
461,856	5981,6
461,984	5996
462,112	6026,4
462,240	6012,4
462,368	6021,7
462,496	6021,3
462,624	6019,5
462,751	6021,1
462,879	6016,1
463,007	6048,5
463,135	6024,5
463,263	5992,8
463,391	5998,2
463,518	6005,7
463,646	6000,1
463,774	6022,1
463,902	6014,5
464,030	6006,9
464,158	6014,4
464,285	6029,1
464,413	6043,6
464,541	6042
464,669	6044,5
464,797	6034,2
464,925	6043,2
465,052	6052,2
465,180	6056,3
465,308	6054,6
465,436	6058,3
465,564	6037,6
465,692	6039,3
465,819	6047,4
465,947	6061,2
466,075	6062,7
466,203	6036,2
466,331	6080,5
466,459	6084,2
466,586	6077
466,714	6082,1
466,842	6090,6
466,970	6093,5
467,098	6090,3
467,226	6053,5
467,353	6064,9
467,481	6083,8
467,609	6093,6
467,737	6093,9
467,865	6086,9
467,993	6087,7
468,120	6095,9
468,248	6089,7
468,376	6090
468,504	6087,8
468,632	6094,8
468,760	6141,4
468,887	6110,2
469,015	6092,1
469,143	6108,2
469,271	6114,7
469,399	6108
469,527	6104,1
469,654	6095,5
469,782	6125,5
469,910	6099,3
470,038	6101,9
470,166	6115,5
470,294	6121,6
470,422	6115,3
470,549	6162
470,677	6139,4
470,805	6127,6
470,933	6133,8
471,061	6135,7
471,189	6127,6
471,316	6132,1
471,444	6140,7
471,572	6151,2
471,700	6144,1
471,828	6140,1
471,956	6137
472,083	6135
472,211	6155,3
472,339	6137,9
472,467	6159,7
472,595	6173,3
472,723	6167,4
472,850	6160,7
472,978	6178,3
473,106	6198
473,234	6196,8
473,362	6204,3
473,490	6204,8
473,617	6184,3
473,745	6165,2
473,873	6192,3
474,001	6182,9
474,129	6211,1
474,257	6189,8
474,384	6185,3
474,512	6194,6
474,640	6203,4
474,768	6217,1
474,896	6230,1
475,024	6193,6
475,151	6179,4
475,279	6199,2
475,407	6223,4
475,535	6219,1
475,663	6211,7
475,791	6203,4
475,918	6204,1
476,046	6215,8
476,174	6231,6
476,302	6236,2
476,430	6219,7
476,558	6243,6
476,685	6237,7
476,813	6244,3
476,941	6237,1
477,069	6228,9
477,197	6223,1
477,325	6205,6
477,452	6233,9
477,580	6218,8
477,708	6270
477,836	6263,3
477,964	6245
478,092	6266
478,220	6265,6
478,347	6240,5
478,475	6234,4
478,603	6257,6
478,731	6265,1
478,859	6257,4
478,987	6260,4
479,114	6300,2
479,242	6222,5
479,370	6249
479,498	6265
479,626	6279,6
479,754	6286,6
479,881	6270,1
480,009	6265,8
480,137	6296,6
480,265	6282,6
480,393	6272,1
480,521	6279,6
480,648	6298,3
480,776	6305,9
480,904	6318,4
481,032	6303,6
481,160	6318,3
481,288	6309,2
481,415	6297,6
481,543	6302,5
481,671	6308,2
481,799	6303,5
481,927	6308,2
482,055	6295,4
482,182	6316,8
482,310	6334,7
482,438	6316,3
482,566	6317,4
482,694	6360,9
482,822	6357,4
482,949	6337,4
483,077	6332,5
483,205	6341,2
483,333	6353
483,461	6388,8
483,589	6336,5
483,716	6367,3
483,844	6363,4
483,972	6359
484,100	6363,3
484,228	6362
484,356	6343,3
484,483	6375,7
484,611	6357,1
484,739	6371,5
484,867	6379,4
484,995	6386,2
485,123	6428,1
485,250	6410,5
485,378	6392,1
485,506	6384,9
485,634	6398,5
485,762	6410,4
485,890	6409,2
486,018	6404,1
486,145	6419,6
486,273	6406,9
486,401	6420,6
486,529	6423,7
486,657	6418,8
486,785	6418,8
486,912	6436,5
487,040	6463
487,168	6437,8
487,296	6439,4
487,424	6451,8
487,552	6453,9
487,679	6441,5
487,807	6438,4
487,935	6440,5
488,063	6435,6
488,191	6436,9
488,319	6461,3
488,446	6471
488,574	6452,7
488,702	6464,9
488,830	6431,7
488,958	6450,2
489,086	6435,6
489,213	6457,8
489,341	6480,1
489,469	6467
489,597	6465,4
489,725	6491,3
489,853	6440,6
489,980	6455,9
490,108	6470,5
490,236	6476,9
490,364	6485,8
490,492	6489
490,620	6478,2
490,747	6492,1
490,875	6498
491,003	6491,2
491,131	6482,1
491,259	6487,8
491,387	6524,7
491,514	6518,3
491,642	6554
491,770	6516
491,898	6493,1
492,026	6490,5
492,154	6488,2
492,281	6511,6
492,409	6489,9
492,537	6504,9
492,665	6538,8
492,793	6560,5
492,921	6553,1
493,048	6523,8
493,176	6514
493,304	6603,5
493,432	6520,6
493,560	6530,6
493,688	6547
493,816	6544,4
493,943	6538,3
494,071	6556,6
494,199	6574,9
494,327	6578,9
494,455	6560,1
494,583	6544,8
494,710	6538,6
494,838	6541,3
494,966	6562,4
495,094	6573,9
495,222	6575
495,350	6576
495,477	6570,6
495,605	6575,3
495,733	6592,3
495,861	6573,5
495,989	6602,9
496,117	6601,1
496,244	6573,2
496,372	6582,9
496,500	6591,2
496,628	6572,5
496,756	6607,1
496,884	6639,6
497,011	6599,1
497,139	6578,7
497,267	6583,1
497,395	6607,8
497,523	6630,2
497,651	6608,5
497,778	6591,4
497,906	6603,5
498,034	6647,1
498,162	6644,3
498,290	6626,5
498,418	6615,8
498,545	6573,2
498,673	6625,5
498,801	6612,3
498,929	6632,8
499,057	6660,4
499,185	6663,9
499,312	6643
499,440	6636,7
499,568	6659,7
499,696	6643,9
499,824	6640,5
499,952	6661,6
500,079	6672
500,207	6666
500,335	6678,6
500,463	6715,4
500,591	6648,2
500,719	6653,8
500,846	6674,7
500,974	6691,8
501,102	6706,1
501,230	6719,9
501,358	6664,5
501,486	6711,6
501,613	6723,8
501,741	6697,2
501,869	6690
501,997	6708,5
502,125	6717,8
502,253	6703
502,381	6696,8
502,508	6688,6
502,636	6717,1
502,764	6712
502,892	6694,9
503,020	6714
503,148	6730,4
503,275	6724,9
503,403	6740,1
503,531	6757,3
503,659	6755,9
503,787	6743,8
503,915	6734,3
504,042	6723,7
504,170	6740,1
504,298	6720,5
504,426	6745,8
504,554	6756,5
504,682	6758,5
504,809	6765,5
504,937	6768,5
505,065	6730,5
505,193	6743,9
505,321	6762,2
505,449	6772
505,576	6774,6
505,704	6777
505,832	6787,1
505,960	6807,9
506,088	6774,7
506,216	6789,6
506,343	6782,7
506,471	6781,4
506,599	6789,8
506,727	6796,5
506,855	6840,5
506,983	6801
507,110	6789,5
507,238	6792,3
507,366	6816,3
507,494	6829,3
507,622	6812,5
507,750	6825,8
507,877	6828,8
508,005	6821,1
508,133	6847,8
508,261	6851,3
508,389	6832
508,517	6820,3
508,644	6845,1
508,772	6804,5
508,900	6834,8
509,028	6870,4
509,156	6892,7
509,284	6895,5
509,411	6886,2
509,539	6882,1
509,667	6895
509,795	6873,6
509,923	6868,4
510,051	6895,9
510,179	6893,8
510,306	6860,2
510,434	6842,6
510,562	6883,7
510,690	6884,1
510,818	6898,7
510,946	6928
511,073	6912,6
511,201	6874,8
511,329	6862,6
511,457	6892,2
511,585	6893,5
511,713	6911,3
511,840	6934
511,968	6939,1
512,096	6943,5
512,224	6942,7
512,352	6911,5
512,480	6915
512,607	6915,4
512,735	6957,2
512,863	6969,6
512,991	6945,8
513,119	6921,8
513,247	6939,5
513,374	6984,9
513,502	6966,5
513,630	6950,8
513,758	6967,3
513,886	6949,9
514,014	6940,5
514,141	6964,4
514,269	6952,4
514,397	6964,3
514,525	6967,1
514,653	6982,8
514,781	6987,8
514,908	6993,6
515,036	7006,1
515,164	7015,2
515,292	6991,2
515,420	7021
515,548	7008,5
515,675	7025,5
515,803	7028,8
515,931	7005,4
516,059	6990
516,187	7056,9
516,315	7038
516,442	7012,1
516,570	7014,4
516,698	7033,6
516,826	7039
516,954	7037,8
517,082	7070,1
517,209	7032,4
517,337	7012,7
517,465	7030,9
517,593	7046,3
517,721	7049,5
517,849	7041,1
517,977	7036,3
518,104	7056,5
518,232	7049,6
518,360	7048,9
518,488	7074,8
518,616	7073
518,744	7060,4
518,871	7060,8
518,999	7056,4
519,127	7045,3
519,255	7069,9
519,383	7021,6
519,511	7053,1
519,638	7083,9
519,766	7086,7
519,894	7094
520,022	7113,3
520,150	7092
520,278	7088,2
520,405	7094,3
520,533	7113,3
520,661	7129,5
520,789	7131,8
520,917	7125,3
521,045	7134,8
521,172	7101,7
521,300	7108,2
521,428	7109,7
521,556	7141,5
521,684	7173
521,812	7156,8
521,939	7143,5
522,067	7139,3
522,195	7121,5
522,323	7147,6
522,451	7150,7
522,579	7129,7
522,706	7129,7
522,834	7170,2
522,962	7169,9
523,090	7127,7
523,218	7179,4
523,346	7188,8
523,473	7175,3
523,601	7171,9
523,729	7194,8
523,857	7175,5
523,985	7197,4
524,113	7179,8
524,240	7192,1
524,368	7209,1
524,496	7222,3
524,624	7223,7
524,752	7185,5
524,880	7206,5
525,007	7213,2
525,135	7206,5
525,263	7230,9
525,391	7237,8
525,519	7229,5
525,647	7217,8
525,774	7198,6
525,902	7258,8
526,030	7219,1
526,158	7241,9
526,286	7268,2
526,414	7285,3
526,542	7289,1
526,669	7279,3
526,797	7248,8
526,925	7267,2
527,053	7272,3
527,181	7261,5
527,309	7263,2
527,436	7268,9
527,564	7279,5
527,692	7304,7
527,820	7301,6
527,948	7311,7
528,076	7316,2
528,203	7297,1
528,331	7294,9
528,459	7305,1
528,587	7317,8
528,715	7289,2
528,843	7337
528,970	7320,3
529,098	7296,2
529,226	7299,3
529,354	7319,8
529,482	7323,1
529,610	7307,7
529,737	7317
529,865	7325,4
529,993	7290,7
530,121	7301,9
530,249	7316,2
530,377	7325,4
530,504	7352,8
530,632	7389,4
530,760	7337,5
530,888	7338,8
531,016	7365,2
531,144	7348,3
531,271	7337,9
531,399	7346,6
531,527	7357,2
531,655	7358,7
531,783	7381,2
531,911	7381
532,038	7409,6
532,166	7426,6
532,294	7401,9
532,422	7370,6
532,550	7379,8
532,678	7408,9
532,805	7383,8
532,933	7372,4
533,061	7411,8
533,189	7429,4
533,317	7430,6
533,445	7410,9
533,572	7422
533,700	7434,6
533,828	7410
533,956	7435,3
534,084	7419,6
534,212	7431,5
534,340	7450,2
534,467	7451,2
534,595	7435,8
534,723	7462,6
534,851	7446,8
534,979	7436,6
535,107	7464,2
535,234	7470,6
535,362	7476,2
535,490	7490,7
535,618	7467,8
535,746	7487
535,874	7487,7
536,001	7487,5
536,129	7507,2
536,257	7511,5
536,385	7499,4
536,513	7510,8
536,641	7530,9
536,768	7536,8
536,896	7506,8
537,024	7497,8
537,152	7534,7
537,280	7542,5
537,408	7528,2
537,535	7552
537,663	7545,9
537,791	7570,5
537,919	7564
538,047	7565,1
538,175	7575,5
538,302	7585,5
538,430	7585,6
538,558	7597,3
538,686	7571,4
538,814	7625,2
538,942	7592,3
539,069	7611,6
539,197	7631,6
539,325	7650,6
539,453	7646,2
539,581	7624,9
539,709	7645,4
539,836	7688,6
539,964	7676,1
540,092	7661,9
540,220	7704,5
540,348	7719,5
540,476	7722,6
540,603	7745,8
540,731	7774
540,859	7739,5
540,987	7750
541,115	7760,5
541,243	7772,1
541,370	7764,6
541,498	7751,9
541,626	7798,5
541,754	7794,3
541,882	7759
542,010	7768,8
542,138	7779,7
542,265	7797,9
542,393	7807,4
542,521	7795,3
542,649	7823,3
542,777	7809
542,905	7814,9
543,032	7789,8
543,160	7803,8
543,288	7820,7
543,416	7823,9
543,544	7841
543,672	7842,8
543,799	7870,2
543,927	7874,1
544,055	7882,4
544,183	7850,4
544,311	7877,5
544,439	7891,3
544,566	7868,5
544,694	7885,9
544,822	7882,7
544,950	7845,6
545,078	7858,4
545,206	7849,1
545,333	7836,3
545,461	7818,2
545,589	7816,4
545,717	7813
545,845	7781,5
545,973	7829,4
546,100	7796,4
546,228	7814,9
546,356	7828,6
546,484	7818,2
546,612	7800
546,740	7810,8
546,867	7817,4
546,995	7845,3
547,123	7790,6
547,251	7809,4
547,379	7822
547,507	7818,1
547,634	7845,2
547,762	7856,8
547,890	7879,9
548,018	7877,5
548,146	7899,3
548,274	7876,9
548,401	7860,7
548,529	7858,5
548,657	7852,7
548,785	7863,2
548,913	7884,7
549,041	7842,1
549,168	7867,3
549,296	7855,8
549,424	7867,3
549,552	7902,7
549,680	7888,8
549,808	7874,9
549,936	7891,5
550,063	7884,6
550,191	7875,8
550,319	7902,3
550,447	7910,3
550,575	7908,2
550,703	7906,4
550,830	7904,8
550,958	7914,6
551,086	7936
551,214	7912,9
551,342	7935,4
551,470	7927,5
551,597	7945,1
551,725	7957,3
551,853	7944,1
551,981	7936,4
552,109	7976,4
552,237	7928,5
552,364	7951,3
552,492	7954,8
552,620	7955,7
552,748	7962
552,876	7983,4
553,004	7979,1
553,131	7964,8
553,259	7981,9
553,387	7993,1
553,515	7993,7
553,643	8002,9
553,771	7995,2
553,898	8008,6
554,026	8012,5
554,154	7991,8
554,282	8001
554,410	8036,2
554,538	8047
554,665	8039
554,793	8043,1
554,921	8046,9
555,049	8033,7
555,177	8051,9
555,305	8055,6
555,432	8048,5
555,560	8059,4
555,688	8082
555,816	8070,3
555,944	8054,1
556,072	8076,6
556,199	8114,1
556,327	8081,4
556,455	8106,1
556,583	8107,4
556,711	8119,7
556,839	8104,3
556,966	8098,5
557,094	8124,6
557,222	8111,4
557,350	8125,1
557,478	8090,3
557,606	8138,9
557,734	8143,5
557,861	8134,7
557,989	8160,5
558,117	8153,9
558,245	8136,1
558,373	8157,9
558,501	8134,8
558,628	8156,3
558,756	8169,4
558,884	8180,7
559,012	8191,8
559,140	8194,9
559,268	8202,8
559,395	8197,2
559,523	8183,7
559,651	8175,8
559,779	8186,2
559,907	8214,9
560,035	8215,6
560,162	8219,1
560,290	8227,3
560,418	8251,5
560,546	8236,1
560,674	8276
560,802	8242,7
560,929	8256,3
561,057	8248,6
561,185	8243,1
561,313	8258,6
561,441	8277,7
561,569	8247,8
561,696	8248,8
561,824	8265,6
561,952	8306,9
562,080	8296,7
562,208	8293,4
562,336	8305,1
562,463	8290,3
562,591	8288,7
562,719	8273,7
562,847	8314,3
562,975	8324,5
563,103	8300,6
563,230	8313,6
563,358	8360,3
563,486	8308,8
563,614	8330
563,742	8326,7
563,870	8327,3
563,997	8328,7
564,125	8326,8
564,253	8342,8
564,381	8347,9
564,509	8377,6
564,637	8387,6
564,764	8361,8
564,892	8378,5
565,020	8374,2
565,148	8368,2
565,276	8338,4
565,404	8369,9
565,531	8371,8
565,659	8381,2
565,787	8388,2
565,915	8385,6
566,043	8418
566,171	8434,1
566,299	8423,1
566,426	8412,6
566,554	8399,2
566,682	8409,4
566,810	8434,6
566,938	8428,3
567,066	8421,1
567,193	8446,5
567,321	8476,7
567,449	8434,4
567,577	8431,3
567,705	8455
567,833	8464,2
567,960	8427,5
568,088	8424,7
568,216	8463,4
568,344	8485,8
568,472	8508,3
568,600	8512,1
568,727	8520,5
568,855	8526,6
568,983	8499,7
569,111	8502
569,239	8499,3
569,367	8486,5
569,494	8505,2
569,622	8515,5
569,750	8525,8
569,878	8512,3
570,006	8520,6
570,134	8520,9
570,261	8528,4
570,389	8558,4
570,517	8516
570,645	8528,9
570,773	8559,1
570,901	8544,8
571,028	8558,6
571,156	8557,4
571,284	8536,8
571,412	8549,9
571,540	8562,2
571,668	8579,5
571,795	8573,6
571,923	8582,5
572,051	8589,6
572,179	8592,7
572,307	8599,3
572,435	8593,7
572,562	8565,5
572,690	8586,2
572,818	8607,8
572,946	8602,8
573,074	8597,4
573,202	8614,7
573,329	8649,2
573,457	8596,4
573,585	8638,4
573,713	8618,9
573,841	8636,1
573,969	8640,7
574,097	8647,7
574,224	8649,4
574,352	8650,9
574,480	8676,4
574,608	8667,8
574,736	8689,4
574,864	8700,8
574,991	8691
575,119	8689,9
575,247	8651,9
575,375	8684
575,503	8704,8
575,631	8725
575,758	8720
575,886	8700,9
576,014	8719,1
576,142	8695,9
576,270	8725,2
576,398	8731,4
576,525	8724,3
576,653	8730,7
576,781	8738,6
576,909	8728,4
577,037	8762
577,165	8754,2
577,292	8721,8
577,420	8722,2
577,548	8755,8
577,676	8783,1
577,804	8767,9
577,932	8780
578,059	8834,8
578,187	8758,9
578,315	8756,2
578,443	8809,2
578,571	8800,9
578,699	8832,9
578,826	8790,8
578,954	8801
579,082	8815,3
579,210	8847,5
579,338	8836,2
579,466	8824
579,593	8865,6
579,721	8846,2
579,849	8882,3
579,977	8825,3
580,105	8838,8
580,233	8863,7
580,360	8873,8
580,488	8867,9
580,616	8842,7
580,744	8878,9
580,872	8904,7
581,000	8845,8
581,127	8900,2
581,255	8911,9
581,383	8889
581,511	8884,8
581,639	8887,5
581,767	8952,6
581,895	8889,6
582,022	8910
582,150	8927
582,278	8939,2
582,406	8942,2
582,534	8959,9
582,662	8962,3
582,789	8980,4
582,917	8993
583,045	8987,9
583,173	8972,4
583,301	8949,6
583,429	8957,5
583,556	8995,9
583,684	9007,6
583,812	8975,1
583,940	8992,2
584,068	9006,4
584,196	8991,7
584,323	8977,9
584,451	8980,6
584,579	8994,2
584,707	9016,1
584,835	9047,6
584,963	9048,4
585,090	9025,1
585,218	9005,9
585,346	9036,3
585,474	9088,1
585,602	9095,6
585,730	9049,3
585,857	9071,1
585,985	9072,6
586,113	9061,7
586,241	9077,4
586,369	9107,3
586,497	9080,8
586,624	9082
586,752	9085,7
586,880	9076,2
587,008	9078
587,136	9102,6
587,264	9106,2
587,391	9096,3
587,519	9121
587,647	9132,9
587,775	9139,8
587,903	9130,9
588,031	9122,4
588,158	9109
588,286	9119,2
588,414	9157,1
588,542	9104,9
588,670	9152,5
588,798	9151,2
588,925	9170,3
589,053	9172,9
589,181	9149,4
589,309	9138,1
589,437	9197,9
589,565	9136
589,693	9163,8
589,820	9179,6
589,948	9142
590,076	9141,1
590,204	9139,9
590,332	9194,3
590,460	9190,7
590,587	9214,2
590,715	9191,9
590,843	9170,9
590,971	9187,6
591,099	9217,2
591,227	9207,1
591,354	9202,2
591,482	9222,9
591,610	9234,7
591,738	9243
591,866	9257,3
591,994	9270,5
592,121	9248,4
592,249	9292,5
592,377	9290,5
592,505	9238
592,633	9231,2
592,761	9232,8
592,888	9261,2
593,016	9288,7
593,144	9282,7
593,272	9262
593,400	9318,3
593,528	9300,6
593,655	9270,2
593,783	9270
593,911	9304
594,039	9296,2
594,167	9281,3
594,295	9325,5
594,422	9349,5
594,550	9324,2
594,678	9327,8
594,806	9342
594,934	9338,7
595,062	9379,7
595,189	9356,5
595,317	9354,3
595,445	9330,6
595,573	9336,3
595,701	9356,3
595,829	9362,5
595,956	9350,2
596,084	9342,9
596,212	9405
596,340	9408,3
596,468	9411,2
596,596	9404,1
596,723	9397,6
596,851	9402
596,979	9402,4
597,107	9390,8
597,235	9433,2
597,363	9435,3
597,490	9438,3
597,618	9443
597,746	9448,9
597,874	9439,6
598,002	9424,1
598,130	9370,8
598,258	9434,5
598,385	9470,8
598,513	9479,2
598,641	9502,3
598,769	9509
598,897	9507,2
599,025	9471,6
599,152	9461,3
599,280	9531,6
599,408	9495,2
599,536	9523,4
599,664	9564,9
599,792	9555
599,919	9524,9
600,047	9503,2
600,175	9527,9
600,303	9530,9
600,431	9530,8
600,559	9536,7
600,686	9546
600,814	9561
600,942	9576,7
601,070	9564,4
601,198	9592
601,326	9558,6
601,453	9550,5
601,581	9565,2
601,709	9571
601,837	9562,2
601,965	9600,5
602,093	9555,3
602,220	9589,4
602,348	9597
602,476	9596,8
602,604	9607,6
602,732	9624,1
602,860	9630,2
602,987	9648,1
603,115	9636,5
603,243	9607,7
603,371	9585,4
603,499	9616,1
603,627	9642,5
603,754	9636,2
603,882	9629,9
604,010	9617,8
604,138	9668,2
604,266	9669,2
604,394	9703,4
604,521	9705,7
604,649	9675,2
604,777	9667,8
604,905	9724,3
605,033	9733,7
605,161	9645,3
605,288	9685
605,416	9704,8
605,544	9711,1
605,672	9712
605,800	9727,8
605,928	9761,6
606,056	9799,7
606,183	9733,7
606,311	9774,9
606,439	9764,9
606,567	9762,7
606,695	9792,5
606,823	9814,3
606,950	9753,9
607,078	9739,6
607,206	9753,7
607,334	9751,9
607,462	9777,4
607,590	9810,5
607,717	9810,5
607,845	9776
607,973	9785,4
608,101	9845,2
608,229	9883,6
608,357	9872,8
608,484	9871,6
608,612	9900,3
608,740	9918,2
608,868	9892,8
608,996	9906,3
609,124	9946,2
609,251	10009
609,379	10007
609,507	10025
609,635	10046
609,763	10054
609,891	10054
610,018	10055
610,146	10057
610,274	10053
610,402	10066
610,530	10093
610,658	10102
610,785	10090
610,913	10067
611,041	10013
611,169	10012
611,297	10034
611,425	10060
611,552	10031
611,680	10001
611,808	10000
611,936	10017
612,064	10018
612,192	9951,7
612,319	10006
612,447	10069
612,575	10085
612,703	10049
612,831	10027
612,959	10048
613,086	10018
613,214	10110
613,342	10033
613,470	10085
613,598	10117
613,726	10101
613,854	10082
613,981	10097
614,109	10106
614,237	10008
614,365	10062
614,493	10041
614,621	10031
614,748	10047
614,876	10056
615,004	10041
615,132	10048
615,260	10117
615,388	10108
615,515	10082
615,643	10090
615,771	10082
615,899	10073
616,027	10087
616,155	10104
616,282	10131
616,410	10162
616,538	10151
616,666	10169
616,794	10150
616,922	10160
617,049	10191
617,177	10133
617,305	10108
617,433	10133
617,561	10135
617,689	10156
617,816	10122
617,944	10120
618,072	10166
618,200	10185
618,328	10224
618,456	10158
618,583	10243
618,711	10178
618,839	10207
618,967	10211
619,095	10180
619,223	10211
619,350	10271
619,478	10205
619,606	10231
619,734	10187
619,862	10230
619,990	10260
620,117	10239
620,245	10218
620,373	10247
620,501	10246
620,629	10286
620,757	10287
620,884	10293
621,012	10308
621,140	10300
621,268	10270
621,396	10269
621,524	10275
621,651	10306
621,779	10305
621,907	10361
622,035	10302
622,163	10257
622,291	10274
622,419	10263
622,546	10277
622,674	10358
622,802	10307
622,930	10309
623,058	10297
623,186	10302
623,313	10308
623,441	10299
623,569	10336
623,697	10287
623,825	10312
623,953	10384
624,080	10381
624,208	10325
624,336	10312
624,464	10359
624,592	10376
624,720	10414
624,847	10342
624,975	10368
625,103	10323
625,231	10352
625,359	10386
625,487	10379
625,614	10369
625,742	10369
625,870	10397
625,998	10324
626,126	10382
626,254	10408
626,381	10396
626,509	10373
626,637	10391
626,765	10493
626,893	10442
627,021	10429
627,148	10420
627,276	10433
627,404	10432
627,532	10423
627,660	10438
627,788	10480
627,915	10446
628,043	10499
628,171	10491
628,299	10460
628,427	10474
628,555	10478
628,682	10484
628,810	10516
628,938	10523
629,066	10490
629,194	10529
629,322	10571
629,449	10506
629,577	10499
629,705	10505
629,833	10492
629,961	10518
630,089	10528
630,217	10551
630,344	10561
630,472	10517
630,600	10541
630,728	10583
630,856	10611
630,984	10605
631,111	10539
631,239	10551
631,367	10585
631,495	10574
631,623	10560
631,751	10565
631,878	10562
632,006	10557
632,134	10565
632,262	10512
632,390	10565
632,518	10552
632,645	10559
632,773	10586
632,901	10591
633,029	10595
633,157	10612
633,285	10615
633,412	10632
633,540	10584
633,668	10553
633,796	10545
633,924	10590
634,052	10635
634,179	10633
634,307	10608
634,435	10642
634,563	10595
634,691	10582
634,819	10663
634,946	10657
635,074	10660
635,202	10660
635,330	10636
635,458	10621
635,586	10659
635,713	10569
635,841	10606
635,969	10671
636,097	10630
636,225	10646
636,353	10689
636,480	10682
636,608	10656
636,736	10664
636,864	10689
636,992	10680
637,120	10693
637,247	10713
637,375	10723
637,503	10722
637,631	10696
637,759	10623
637,887	10690
638,015	10698
638,142	10714
638,270	10688
638,398	10715
638,526	10726
638,654	10721
638,782	10731
638,909	10677
639,037	10788
639,165	10769
639,293	10699
639,421	10739
639,549	10736
639,676	10762
639,804	10791
639,932	10735
640,060	10785
640,188	10802
640,316	10787
640,443	10792
640,571	10766
640,699	10802
640,827	10821
640,955	10788
641,083	10787
641,210	10802
641,338	10878
641,466	10836
641,594	10854
641,722	10807
641,850	10856
641,977	10902
642,105	10862
642,233	10836
642,361	10822
642,489	10869
642,617	10881
642,744	10905
642,872	10866
643,000	10872
643,128	10914
643,256	10915
643,384	10858
643,511	10839
643,639	10845
643,767	10857
643,895	10902
644,023	10902
644,151	10924
644,278	10931
644,406	10886
644,534	10859
644,662	10932
644,790	10905
644,918	10930
645,045	10966
645,173	10939
645,301	10927
645,429	10937
645,557	10922
645,685	10886
645,813	10983
645,940	11030
646,068	10940
646,196	10964
646,324	10946
646,452	10961
646,580	10988
646,707	11010
646,835	11047
646,963	11028
647,091	10973
647,219	10993
647,347	11051
647,474	11014
647,602	10985
647,730	11017
647,858	11079
647,986	11101
648,114	11042
648,241	11096
648,369	11116
648,497	11071
648,625	11066
648,753	11128
648,881	11129
649,008	11088
649,136	11113
649,264	11058
649,392	11159
649,520	11112
649,648	11125
649,775	11104
649,903	11119
650,031	11149
650,159	11133
650,287	11084
650,415	11094
650,542	11113
650,670	11166
650,798	11134
650,926	11080
651,054	11139
651,182	11132
651,309	11111
651,437	11193
651,565	11149
651,693	11143
651,821	11186
651,949	11145
652,076	11158
652,204	11124
652,332	11139
652,460	11162
652,588	11158
652,716	11213
652,843	11153
652,971	11182
653,099	11215
653,227	11172
653,355	11193
653,483	11249
653,611	11277
653,738	11248
653,866	11219
653,994	11205
654,122	11199
654,250	11125
654,378	11193
654,505	11202
654,633	11196
654,761	11192
654,889	11202
655,017	11224
655,145	11306
655,272	11228
655,400	11233
655,528	11220
655,656	11240
655,784	11243
655,912	11211
656,039	11220
656,167	11279
656,295	11248
656,423	11312
656,551	11278
656,679	11224
656,806	11228
656,934	11277
657,062	11315
657,190	11308
657,318	11288
657,446	11295
657,573	11282
657,701	11287
657,829	11288
657,957	11277
658,085	11269
658,213	11270
658,340	11291
658,468	11320
658,596	11301
658,724	11303
658,852	11308
658,980	11314
659,107	11345
659,235	11276
659,363	11258
659,491	11261
659,619	11274
659,747	11299
659,874	11284
660,002	11301
660,130	11341
660,258	11259
660,386	11294
660,514	11351
660,641	11379
660,769	11365
660,897	11361
661,025	11376
661,153	11294
661,281	11306
661,408	11307
661,536	11367
661,664	11371
661,792	11350
661,920	11385
662,048	11390
662,176	11339
662,303	11324
662,431	11343
662,559	11362
662,687	11350
662,815	11406
662,943	11359
663,070	11373
663,198	11372
663,326	11348
663,454	11358
663,582	11368
663,710	11378
663,837	11419
663,965	11424
664,093	11426
664,221	11371
664,349	11379
664,477	11406
664,604	11421
664,732	11400
664,860	11402
664,988	11375
665,116	11423
665,244	11448
665,371	11417
665,499	11427
665,627	11426
665,755	11419
665,883	11426
666,011	11432
666,138	11412
666,266	11397
666,394	11338
666,522	11406
666,650	11396
666,778	11433
666,905	11447
667,033	11450
667,161	11464
667,289	11434
667,417	11371
667,545	11477
667,672	11455
667,800	11472
667,928	11475
668,056	11436
668,184	11421
668,312	11420
668,439	11409
668,567	11407
668,695	11451
668,823	11507
668,951	11452
669,079	11485
669,206	11488
669,334	11490
669,462	11478
669,590	11502
669,718	11529
669,846	11487
669,974	11480
670,101	11469
670,229	11521
670,357	11490
670,485	11487
670,613	11529
670,741	11526
670,868	11491
670,996	11480
671,124	11507
671,252	11535
671,380	11465
671,508	11505
671,635	11524
671,763	11509
671,891	11523
672,019	11528
672,147	11512
672,275	11514
672,402	11524
672,530	11504
672,658	11493
672,786	11536
672,914	11456
673,042	11540
673,169	11551
673,297	11559
673,425	11587
673,553	11549
673,681	11527
673,809	11610
673,936	11589
674,064	11555
674,192	11594
674,320	11527
674,448	11499
674,576	11523
674,703	11554
674,831	11548
674,959	11514
675,087	11520
675,215	11522
675,343	11533
675,470	11548
675,598	11569
675,726	11556
675,854	11552
675,982	11549
676,110	11560
676,237	11606
676,365	11576
676,493	11565
676,621	11622
676,749	11599
676,877	11595
677,004	11574
677,132	11575
677,260	11587
677,388	11619
677,516	11640
677,644	11624
677,772	11622
677,899	11632
678,027	11605
678,155	11587
678,283	11567
678,411	11595
678,539	11634
678,666	11640
678,794	11617
678,922	11612
679,050	11591
679,178	11581
679,306	11620
679,433	11643
679,561	11640
679,689	11608
679,817	11626
679,945	11650
680,073	11635
680,200	11648
680,328	11646
680,456	11642
680,584	11699
680,712	11651
680,840	11678
680,967	11695
681,095	11718
681,223	11687
681,351	11629
681,479	11674
681,607	11709
681,734	11737
681,862	11761
681,990	11662
682,118	11688
682,246	11693
682,374	11702
682,501	11737
682,629	11724
682,757	11680
682,885	11697
683,013	11668
683,141	11681
683,268	11729
683,396	11729
683,524	11665
683,652	11665
683,780	11699
683,908	11727
684,035	11732
684,163	11719
684,291	11729
684,419	11708
684,547	11646
684,675	11715
684,802	11693
684,930	11698
685,058	11675
685,186	11698
685,314	11716
685,442	11692
685,570	11702
685,697	11717
685,825	11744
685,953	11768
686,081	11716
686,209	11707
686,337	11716
686,464	11691
686,592	11735
686,720	11727
686,848	11711
686,976	11716
687,104	11706
687,231	11649
687,359	11631
687,487	11710
687,615	11694
687,743	11674
687,871	11689
687,998	11705
688,126	11723
688,254	11731
688,382	11707
688,510	11705
688,638	11755
688,765	11692
688,893	11721
689,021	11721
689,149	11749
689,277	11757
689,405	11731
689,532	11735
689,660	11706
689,788	11702
689,916	11719
690,044	11736
690,172	11754
690,299	11752
690,427	11786
690,555	11744
690,683	11719
690,811	11725
690,939	11712
691,066	11699
691,194	11681
691,322	11715
691,450	11753
691,578	11753
691,706	11770
691,833	11771
691,961	11772
692,089	11767
692,217	11769
692,345	11759
692,473	11741
692,600	11758
692,728	11772
692,856	11758
692,984	11728
693,112	11769
693,240	11794
693,367	11811
693,495	11807
693,623	11773
693,751	11746
693,879	11777
694,007	11768
694,135	11769
694,262	11815
694,390	11780
694,518	11860
694,646	11863
694,774	11856
694,902	11841
695,029	11844
695,157	11825
695,285	11830
695,413	11867
695,541	11842
695,669	11825
695,796	11837
695,924	11840
696,052	11893
696,180	11878
696,308	11900
696,436	11852
696,563	11805
696,691	11811
696,819	11837
696,947	11819
697,075	11850
697,203	11828
697,330	11922
697,458	11832
697,586	11863
697,714	11915
697,842	11934
697,970	11919
698,097	11889
698,225	11910
698,353	11925
698,481	11898
698,609	11901
698,737	11898
698,864	11897
698,992	11928
699,120	11929
699,248	11906
699,376	11899
699,504	11910
699,631	11888
699,759	11912
699,887	11912
700,015	11922
700,143	11885
700,271	11873
700,398	11963
700,526	11892
700,654	11905
700,782	11928
700,910	11951
701,038	11946
701,165	11906
701,293	11891
701,421	11909
701,549	11919
701,677	11949
701,805	11981
701,933	11982
702,060	11979
702,188	11978
702,316	11954
702,444	11941
702,572	11970
702,700	11915
702,827	11931
702,955	11976
703,083	12003
703,211	12023
703,339	12010
703,467	11992
703,594	11971
703,722	11957
703,850	12003
703,978	11984
704,106	11989
704,234	12017
704,361	12024
704,489	12008
704,617	12014
704,745	12079
704,873	12019
705,001	12029
705,128	12012
705,256	12025
705,384	12076
705,512	12082
705,640	12052
705,768	12036
705,895	12054
706,023	12022
706,151	12077
706,279	12119
706,407	12070
706,535	12071
706,662	12090
706,790	12094
706,918	12104
707,046	12094
707,174	12077
707,302	12085
707,429	12076
707,557	12088
707,685	12128
707,813	12119
707,941	12089
708,069	12110
708,196	12149
708,324	12112
708,452	12121
708,580	12137
708,708	12122
708,836	12134
708,963	12162
709,091	12118
709,219	12106
709,347	12139
709,475	12140
709,603	12158
709,731	12151
709,858	12173
709,986	12187
710,114	12154
710,242	12123
710,370	12169
710,498	12133
710,625	12131
710,753	12120
710,881	12144
711,009	12172
711,137	12176
711,265	12178
711,392	12212
711,520	12193
711,648	12212
711,776	12169
711,904	12164
712,032	12224
712,159	12217
712,287	12159
712,415	12147
712,543	12161
712,671	12138
712,799	12132
712,926	12209
713,054	12211
713,182	12240
713,310	12223
713,438	12205
713,566	12221
713,693	12206
713,821	12185
713,949	12166
714,077	12238
714,205	12209
714,333	12223
714,460	12213
714,588	12212
714,716	12235
714,844	12246
714,972	12226
715,100	12237
715,227	12227
715,355	12241
715,483	12227
715,611	12222
715,739	12251
715,867	12283
715,994	12279
716,122	12278
716,250	12267
716,378	12264
716,506	12285
716,634	12220
716,761	12247
716,889	12305
717,017	12306
717,145	12268
717,273	12203
717,401	12288
717,529	12309
717,656	12239
717,784	12244
717,912	12278
718,040	12297
718,168	12271
718,296	12293
718,423	12359
718,551	12283
718,679	12302
718,807	12226
718,935	12240
719,063	12254
719,190	12267
719,318	12297
719,446	12335
719,574	12362
719,702	12301
719,830	12317
719,957	12363
720,085	12358
720,213	12302
720,341	12294
720,469	12279
720,597	12302
720,724	12326
720,852	12306
720,980	12332
721,108	12317
721,236	12317
721,364	12346
721,491	12343
721,619	12346
721,747	12359
721,875	12364
722,003	12374
722,131	12373
722,258	12367
722,386	12308
722,514	12366
722,642	12360
722,770	12328
722,898	12308
723,025	12350
723,153	12442
723,281	12402
723,409	12360
723,537	12371
723,665	12377
723,792	12379
723,920	12379
724,048	12365
724,176	12367
724,304	12362
724,432	12361
724,559	12386
724,687	12367
724,815	12398
724,943	12398
725,071	12377
725,199	12413
725,326	12406
725,454	12388
725,582	12377
725,710	12327
725,838	12396
725,966	12410
726,094	12364
726,221	12383
726,349	12365
726,477	12379
726,605	12405
726,733	12365
726,861	12399
726,988	12398
727,116	12296
727,244	12379
727,372	12436
727,500	12396
727,628	12437
727,755	12446
727,883	12390
728,011	12403
728,139	12392
728,267	12389
728,395	12439
728,522	12430
728,650	12405
728,778	12390
728,906	12414
729,034	12433
729,162	12410
729,289	12398
729,417	12450
729,545	12456
729,673	12382
729,801	12398
729,929	12404
730,056	12382
730,184	12410
730,312	12468
730,440	12492
730,568	12465
730,696	12433
730,823	12423
730,951	12428
731,079	12409
731,207	12441
731,335	12437
731,463	12406
731,590	12391
731,718	12408
731,846	12498
731,974	12453
732,102	12410
732,230	12447
732,357	12460
732,485	12460
732,613	12438
732,741	12406
732,869	12399
732,997	12414
733,124	12405
733,252	12433
733,380	12406
733,508	12355
733,636	12426
733,764	12449
733,892	12421
734,019	12416
734,147	12434
734,275	12415
734,403	12420
734,531	12454
734,659	12410
734,786	12404
734,914	12401
735,042	12381
735,170	12386
735,298	12374
735,426	12341
735,553	12413
735,681	12458
735,809	12482
735,937	12399
736,065	12439
736,193	12481
736,320	12483
736,448	12506
736,576	12485
736,704	12426
736,832	12483
736,960	12430
737,087	12421
737,215	12439
737,343	12392
737,471	12448
737,599	12425
737,727	12422
737,854	12442
737,982	12415
738,110	12408
738,238	12535
738,366	12433
738,494	12444
738,621	12453
738,749	12458
738,877	12452
739,005	12454
739,133	12429
739,261	12381
739,388	12394
739,516	12384
739,644	12356
739,772	12357
739,900	12439
740,028	12439
740,155	12430
740,283	12440
740,411	12435
740,539	12411
740,667	12413
740,795	12416
740,922	12350
741,050	12528
741,178	12443
741,306	12417
741,434	12390
741,562	12452
741,690	12493
741,817	12447
741,945	12418
742,073	12447
742,201	12395
742,329	12440
742,457	12440
742,584	12426
742,712	12434
742,840	12449
742,968	12437
743,096	12400
743,224	12389
743,351	12423
743,479	12417
743,607	12402
743,735	12415
743,863	12450
743,991	12455
744,118	12388
744,246	12409
744,374	12442
744,502	12396
744,630	12427
744,758	12391
744,885	12381
745,013	12404
745,141	12485
745,269	12355
745,397	12323
745,525	12393
745,652	12426
745,780	12382
745,908	12372
746,036	12461
746,164	12385
746,292	12465
746,419	12472
746,547	12440
746,675	12428
746,803	12422
746,931	12426
747,059	12436
747,186	12429
747,314	12411
747,442	12470
747,570	12395
747,698	12383
747,826	12415
747,953	12423
748,081	12464
748,209	12457
748,337	12415
748,465	12413
748,593	12470
748,720	12511
748,848	12354
748,976	12371
749,104	12388
749,232	12436
749,360	12451
749,487	12400
749,615	12376
749,743	12400
749,871	12406
749,999	12376
750,127	12391
750,255	12356
750,382	12399
750,510	12332
750,638	12427
750,766	12471
750,894	12448
751,022	12410
751,149	12396
751,277	12414
751,405	12450
751,533	12454
751,661	12364
751,789	12404
751,916	12375
752,044	12421
752,172	12428
752,300	12440
752,428	12444
752,556	12391
752,683	12332
752,811	12381
752,939	12418
753,067	12402
753,195	12442
753,323	12475
753,450	12405
753,578	12339
753,706	12384
753,834	12427
753,962	12386
754,090	12379
754,217	12439
754,345	12469
754,473	12428
754,601	12453
754,729	12331
754,857	12427
754,984	12416
755,112	12389
755,240	12404
755,368	12421
755,496	12463
755,624	12473
755,751	12435
755,879	12449
756,007	12422
756,135	12471
756,263	12429
756,391	12424
756,518	12432
756,646	12432
756,774	12435
756,902	12419
757,030	12390
757,158	12421
757,285	12389
757,413	12394
757,541	12408
757,669	12435
757,797	12413
757,925	12380
758,053	12396
758,180	12453
758,308	12461
758,436	12369
758,564	12445
758,692	12464
758,820	12435
758,947	12432
759,075	12409
759,203	12426
759,331	12394
759,459	12393
759,587	12461
759,714	12465
759,842	12419
759,970	12425
760,098	12458
760,226	12500
760,354	12426
760,481	12466
760,609	12442
760,737	12411
760,865	12391
760,993	12407
761,121	12450
761,248	12398
761,376	12401
761,504	12467
761,632	12429
761,760	12392
761,888	12377
762,015	12405
762,143	12441
762,271	12438
762,399	12416
762,527	12421
762,655	12435
762,782	12416
762,910	12443
763,038	12509
763,166	12404
763,294	12410
763,422	12403
763,549	12442
763,677	12433
763,805	12412
763,933	12427
764,061	12421
764,189	12418
764,316	12386
764,444	12374
764,572	12410
764,700	12432
764,828	12423
764,956	12406
765,083	12425
765,211	12410
765,339	12399
765,467	12446
765,595	12436
765,723	12430
765,851	12405
765,978	12476
766,106	12411
766,234	12388
766,362	12354
766,490	12376
766,618	12376
766,745	12391
766,873	12424
767,001	12401
767,129	12399
767,257	12306
767,385	12365
767,512	12406
767,640	12347
767,768	12371
767,896	12339
768,024	12348
768,152	12326
768,279	12318
768,407	12334
768,535	12297
768,663	12444
768,791	12428
768,919	12301
769,046	12322
769,174	12399
769,302	12328
769,430	12329
769,558	12364
769,686	12385
769,813	12375
769,941	12360
770,069	12374
770,197	12341
770,325	12424
770,453	12361
770,580	12330
770,708	12397
770,836	12392
770,964	12302
771,092	12315
771,220	12358
771,347	12325
771,475	12287
771,603	12310
771,731	12318
771,859	12360
771,987	12346
772,114	12311
772,242	12313
772,370	12320
772,498	12334
772,626	12283
772,754	12245
772,881	12274
773,009	12335
773,137	12385
773,265	12356
773,393	12297
773,521	12305
773,649	12226
773,776	12239
773,904	12253
774,032	12248
774,160	12265
774,288	12276
774,416	12268
774,543	12262
774,671	12285
774,799	12344
774,927	12253
775,055	12329
775,183	12330
775,310	12281
775,438	12283
775,566	12295
775,694	12283
775,822	12289
775,950	12266
776,077	12226
776,205	12263
776,333	12245
776,461	12273
776,589	12204
776,717	12203
776,844	12186
776,972	12214
777,100	12192
777,228	12165
777,356	12171
777,484	12203
777,611	12231
777,739	12227
777,867	12255
777,995	12294
778,123	12243
778,251	12235
778,378	12206
778,506	12189
778,634	12176
778,762	12160
778,890	12213
779,018	12209
779,145	12129
779,273	12118
779,401	12192
779,529	12212
779,657	12148
779,785	12195
779,912	12193
780,040	12090
780,168	12129
780,296	12111
780,424	12161
780,552	12174
780,679	12147
780,807	12140
780,935	12124
781,063	12118
781,191	12150
781,319	12138
781,447	12106
781,574	12158
781,702	12090
781,830	12122
781,958	12156
782,086	12131
782,214	12105
782,341	12097
782,469	12060
782,597	12066
782,725	12138
782,853	12102
782,981	12109
783,108	12061
783,236	12125
783,364	12086
783,492	12067
783,620	12108
783,748	12105
783,875	12087
784,003	12107
784,131	12118
784,259	12092
784,387	12080
784,515	12038
784,642	12065
784,770	12020
784,898	12011
785,026	12055
785,154	12052
785,282	12107
785,409	12095
785,537	12087
785,665	12066
785,793	12022
785,921	12043
786,049	11985
786,176	12007
786,304	12005
786,432	12014
786,560	12022
786,688	12026
786,816	12013
786,943	11951
787,071	11993
787,199	12008
787,327	11977
787,455	11974
787,583	11959
787,710	11971
787,838	11983
787,966	11984
788,094	12009
788,222	11979
788,350	11929
788,477	11961
788,605	11987
788,733	11981
788,861	11956
788,989	11967
789,117	11970
789,244	11928
789,372	11959
789,500	11990
789,628	11998
789,756	12002
789,884	11909
790,012	11978
790,139	11925
790,267	11901
790,395	11922
790,523	11890
790,651	11877
790,779	11909
790,906	11899
791,034	11911
791,162	11910
791,290	11894
791,418	11894
791,546	11879
791,673	11864
791,801	11897
791,929	11881
792,057	11930
792,185	11900
792,313	11853
792,440	11855
792,568	11883
792,696	11879
792,824	11832
792,952	11843
793,080	11876
793,207	11912
793,335	11838
793,463	11871
793,591	11841
793,719	11829
793,847	11857
793,974	11824
794,102	11810
794,230	11818
794,358	11834
794,486	11857
794,614	11843
794,741	11850
794,869	11839
794,997	11815
795,125	11818
795,253	11790
795,381	11771
795,508	11784
795,636	11803
795,764	11805
795,892	11772
796,020	11747
796,148	11764
796,275	11817
796,403	11757
796,531	11760
796,659	11772
796,787	11721
796,915	11710
797,042	11763
797,170	11761
797,298	11735
797,426	11750
797,554	11777
797,682	11740
797,810	11711
797,937	11707
798,065	11676
798,193	11676
798,321	11701
798,449	11736
798,577	11673
798,704	11690
798,832	11700
798,960	11701
799,088	11684
799,216	11689
799,344	11709
799,471	11711
799,599	11686
799,727	11656
799,855	11629
799,983	11600
800,111	11691
800,238	11661
800,366	11669
800,494	11722
800,622	11608
800,750	11620
800,878	11625
801,005	11689
801,133	11671
801,261	11640
801,389	11674
801,517	11651
801,645	11620
801,772	11627
801,900	11630
802,028	11581
802,156	11569
802,284	11639
802,412	11675
802,539	11611
802,667	11582
802,795	11578
802,923	11605
803,051	11631
803,179	11620
803,306	11598
803,434	11581
803,562	11584
803,690	11628
803,818	11597
803,946	11547
804,073	11583
804,201	11593
804,329	11576
804,457	11545
804,585	11541
804,713	11579
804,840	11585
804,968	11543
805,096	11493
805,224	11511
805,352	11512
805,480	11521
805,608	11519
805,735	11526
805,863	11562
805,991	11563
806,119	11486
806,247	11493
806,375	11523
806,502	11482
806,630	11448
806,758	11495
806,886	11508
807,014	11483
807,142	11475
807,269	11484
807,397	11487
807,525	11496
807,653	11493
807,781	11484
807,909	11491
808,036	11477
808,164	11473
808,292	11452
808,420	11430
808,548	11434
808,676	11456
808,803	11459
808,931	11471
809,059	11505
809,187	11452
809,315	11418
809,443	11455
809,570	11477
809,698	11446
809,826	11394
809,954	11468
810,082	11473
810,210	11454
810,337	11439
810,465	11453
810,593	11400
810,721	11422
810,849	11483
810,977	11464
811,104	11401
811,232	11380
811,360	11391
811,488	11381
811,616	11342
811,744	11428
811,871	11410
811,999	11427
812,127	11391
812,255	11400
812,383	11466
812,511	11446
812,638	11398
812,766	11384
812,894	11358
813,022	11372
813,150	11422
813,278	11386
813,406	11354
813,533	11353
813,661	11391
813,789	11364
813,917	11422
814,045	11388
814,173	11359
814,300	11396
814,428	11358
814,556	11348
814,684	11353
814,812	11344
814,940	11338
815,067	11340
815,195	11327
815,323	11322
815,451	11334
815,579	11345
815,707	11307
815,834	11351
815,962	11380
816,090	11339
816,218	11343
816,346	11338
816,474	11321
816,601	11299
816,729	11316
816,857	11326
816,985	11321
817,113	11303
817,241	11280
817,368	11287
817,496	11290
817,624	11273
817,752	11291
817,880	11281
818,008	11255
818,135	11253
818,263	11312
818,391	11301
818,519	11297
818,647	11274
818,775	11274
818,902	11273
819,030	11229
819,158	11226
819,286	11247
819,414	11233
819,542	11232
819,669	11261
819,797	11244
819,925	11301
820,053	11284
820,181	11244
820,309	11224
820,436	11249
820,564	11274
820,692	11259
820,820	11272
820,948	11235
821,076	11215
821,203	11244
821,331	11217
821,459	11222
821,587	11228
821,715	11200
821,843	11222
821,971	11230
822,098	11221
822,226	11229
822,354	11199
822,482	11206
822,610	11260
822,738	11240
822,865	11195
822,993	11226
823,121	11186
823,249	11155
823,377	11205
823,505	11217
823,632	11167
823,760	11160
823,888	11168
824,016	11184
824,144	11144
824,272	11177
824,399	11174
824,527	11147
824,655	11158
824,783	11219
824,911	11196
825,039	11136
825,166	11160
825,294	11176
825,422	11145
825,550	11168
825,678	11153
825,806	11149
825,933	11174
826,061	11147
826,189	11134
826,317	11138
826,445	11135
826,573	11170
826,700	11125
826,828	11140
826,956	11111
827,084	11180
827,212	11130
827,340	11133
827,467	11157
827,595	11151
827,723	11150
827,851	11140
827,979	11119
828,107	11102
828,234	11106
828,362	11089
828,490	11070
828,618	11111
828,746	11060
828,874	11103
829,001	11090
829,129	11074
829,257	11116
829,385	11116
829,513	11128
829,641	11091
829,769	11082
829,896	11098
830,024	11096
830,152	11097
830,280	11069
830,408	11097
830,536	11113
830,663	11100
830,791	11092
830,919	11086
831,047	11066
831,175	11041
831,303	11086
831,430	11113
831,558	11074
831,686	11077
831,814	11106
831,942	11107
832,070	11094
832,197	11074
832,325	11077
832,453	11103
832,581	11096
832,709	11110
832,837	11090
832,964	11071
833,092	11083
833,220	11096
833,348	11096
833,476	11054
833,604	11033
833,731	11074
833,859	11056
833,987	11073
834,115	11081
834,243	11054
834,371	11013
834,498	11002
834,626	11067
834,754	11065
834,882	11096
835,010	11075
835,138	11058
835,265	11059
835,393	11042
835,521	11068
835,649	11050
835,777	11045
835,905	11024
836,032	10996
836,160	11043
836,288	11064
836,416	11040
836,544	11037
836,672	11029
836,799	11014
836,927	11011
837,055	10986
837,183	11015
837,311	11016
837,439	10959
837,567	10999
837,694	11039
837,822	11037
837,950	11037
838,078	11046
838,206	11026
838,334	10992
838,461	11000
838,589	11036
838,717	11085
838,845	11040
838,973	11031
839,101	10978
839,228	11036
839,356	11056
839,484	11020
839,612	11032
839,740	11034
839,868	11010
839,995	11016
840,123	11041
840,251	11005
840,379	11024
840,507	11052
840,635	11025
840,762	11035
840,890	11010
841,018	11023
841,146	11034
841,274	11021
841,402	11008
841,529	11002
841,657	10957
841,785	10921
841,913	10936
842,041	10930
842,169	10967
842,296	10953
842,424	10964
842,552	10945
842,680	10980
842,808	11001
842,936	10959
843,063	10894
843,191	10902
843,319	10948
843,447	10908
843,575	10944
843,703	10989
843,830	10943
843,958	10982
844,086	10958
844,214	10943
844,342	10969
844,470	10968
844,597	10966
844,725	10935
844,853	10947
844,981	10971
845,109	10931
845,237	10956
845,365	10981
845,492	10901
845,620	10906
845,748	10937
845,876	10952
846,004	10956
846,132	10954
846,259	10947
846,387	10950
846,515	10948
846,643	10898
846,771	10956
846,899	10959
847,026	10994
847,154	10935
847,282	10942
847,410	10935
847,538	10913
847,666	10914
847,793	10908
847,921	10929
848,049	10935
848,177	10944
848,305	10927
848,433	10926
848,560	10897
848,688	10940
848,816	10923
848,944	10914
849,072	10938
849,200	10940
849,327	10915
849,455	10903
849,583	10904
849,711	10903
849,839	10951
849,967	10918
850,094	10904
850,222	10964
850,350	10855
850,478	10889
850,606	10878
850,734	10898
850,861	10918
850,989	10907
851,117	10909
851,245	10924
851,373	10917
851,501	10853
851,628	10873
851,756	10802
851,884	10861
852,012	10851
852,140	10806
852,268	10872
852,395	10860
852,523	10882
852,651	10910
852,779	10906
852,907	10898
853,035	10902
853,162	10880
853,290	10857
853,418	10883
853,546	10887
853,674	10898
853,802	10841
853,930	10834
854,057	10824
854,185	10844
854,313	10853
854,441	10850
854,569	10873
854,697	10905
854,824	10889
854,952	10909
855,080	10906
855,208	10851
855,336	10875
855,464	10925
855,591	10920
855,719	10875
855,847	10886
855,975	10880
856,103	10866
856,231	10857
856,358	10839
856,486	10857
856,614	10877
856,742	10865
856,870	10853
856,998	10912
857,125	10938
857,253	10959
857,381	10912
857,509	10887
857,637	10896
857,765	10873
857,892	10880
858,020	10924
858,148	10922
858,276	10882
858,404	10878
858,532	10838
858,659	10853
858,787	10970
858,915	10876
859,043	10841
859,171	10834
859,299	10807
859,426	10793
859,554	10810
859,682	10845
859,810	10868
859,938	10861
860,066	10844
860,193	10822
860,321	10787
860,449	10823
860,577	10781
860,705	10783
860,833	10827
860,960	10855
861,088	10839
861,216	10767
861,344	10744
861,472	10762
861,600	10808
861,728	10853
861,855	10849
861,983	10839
862,111	10840
862,239	10854
862,367	10868
862,495	10811
862,622	10842
862,750	10878
862,878	10886
863,006	10888
863,134	10897
863,262	10890
863,389	10885
863,517	10886
863,645	10875
863,773	10887
863,901	10878
864,029	10872
864,156	10857
864,284	10846
864,412	10900
864,540	10887
864,668	10885
864,796	10885
864,923	10870
865,051	10865
865,179	10850
865,307	10843
865,435	10866
865,563	10868
865,690	10843
865,818	10845
865,946	10846
866,074	10882
866,202	10821
866,330	10810
866,457	10827
866,585	10796
866,713	10810
866,841	10836
866,969	10822
867,097	10820
867,224	10840
867,352	10835
867,480	10832
867,608	10832
867,736	10854
867,864	10831
867,991	10844
868,119	10867
868,247	10847
868,375	10789
868,503	10766
868,631	10816
868,758	10816
868,886	10819
869,014	10825
869,142	10800
869,270	10811
869,398	10860
869,526	10819
869,653	10825
869,781	10823
869,909	10885
870,037	10927
870,165	10873
870,293	10937
870,420	10879
870,548	10863
870,676	10868
870,804	10854
870,932	10869
871,060	10912
871,187	10924
871,315	10899
871,443	10871
871,571	10861
871,699	10861
871,827	10812
871,954	10798
872,082	10864
872,210	10850
872,338	10794
872,466	10775
872,594	10769
872,721	10753
872,849	10730
872,977	10743
873,105	10759
873,233	10739
873,361	10755
873,488	10751
873,616	10795
873,744	10802
873,872	10737
874,000	10799
874,128	10707
874,255	10757
874,383	10757
874,511	10766
874,639	10776
874,767	10753
874,895	10732
875,022	10747
875,150	10770
875,278	10767
875,406	10745
875,534	10742
875,662	10809
875,789	10749
875,917	10739
876,045	10802
876,173	10796
876,301	10779
876,429	10778
876,556	10782
876,684	10769
876,812	10804
876,940	10789
877,068	10767
877,196	10825
877,323	10833
877,451	10781
877,579	10764
877,707	10768
877,835	10734
877,963	10748
878,091	10777
878,218	10792
878,346	10809
878,474	10787
878,602	10739
878,730	10738
878,858	10743
878,985	10736
879,113	10710
879,241	10699
879,369	10745
879,497	10774
879,625	10742
879,752	10727
879,880	10732
880,008	10687
880,136	10801
880,264	10742
880,392	10682
880,519	10771
880,647	10726
880,775	10723
880,903	10743
881,031	10709
881,159	10690
881,286	10735
881,414	10747
881,542	10712
881,670	10750
881,798	10705
881,926	10658
882,053	10786
882,181	10678
882,309	10817
882,437	10758
882,565	10740
882,693	10673
882,820	10682
882,948	10738
883,076	10775
883,204	10779
883,332	10737
883,460	10724
883,587	10754
883,715	10730
883,843	10734
883,971	10742
884,099	10726
884,227	10735
884,354	10689
884,482	10623
884,610	10664
884,738	10701
884,866	10615
884,994	10592
885,121	10632
885,249	10663
885,377	10646
885,505	10613
885,633	10620
885,761	10636
885,889	10622
886,016	10644
886,144	10641
886,272	10578
886,400	10548
886,528	10620
886,656	10566
886,783	10579
886,911	10635
887,039	10572
887,167	10640
887,295	10658
887,423	10626
887,550	10626
887,678	10641
887,806	10643
887,934	10643
888,062	10622
888,190	10574
888,317	10583
888,445	10619
888,573	10667
888,701	10653
888,829	10605
888,957	10657
889,084	10605
889,212	10654
889,340	10604
889,468	10577
889,596	10625
889,724	10646
889,851	10660
889,979	10648
890,107	10649
890,235	10661
890,363	10663
890,491	10706
890,618	10672
890,746	10637
890,874	10641
891,002	10591
891,130	10616
891,258	10658
891,385	10620
891,513	10680
891,641	10608
891,769	10623
891,897	10607
892,025	10589
892,152	10602
892,280	10633
892,408	10638
892,536	10649
892,664	10634
892,792	10576
892,919	10583
893,047	10635
893,175	10596
893,303	10619
893,431	10651
893,559	10620
893,687	10650
893,814	10583
893,942	10604
894,070	10518
894,198	10564
894,326	10585
894,454	10559
894,581	10571
894,709	10585
894,837	10559
894,965	10553
895,093	10590
895,221	10590
895,348	10549
895,476	10522
895,604	10554
895,732	10516
895,860	10537
895,988	10516
896,115	10418
896,243	10503
896,371	10543
896,499	10531
896,627	10528
896,755	10494
896,882	10497
897,010	10483
897,138	10509
897,266	10533
897,394	10514
897,522	10522
897,649	10549
897,777	10530
897,905	10515
898,033	10482
898,161	10497
898,289	10462
898,416	10521
898,544	10446
898,672	10497
898,800	10465
898,928	10578
899,056	10505
899,183	10533
899,311	10559
899,439	10525
899,567	10512
899,695	10522
899,823	10536
899,950	10549
900,078	10566
900,206	10550
900,334	10539
900,462	10536
900,590	10560
900,717	10544
900,845	10487
900,973	10529
901,101	10505
901,229	10539
901,357	10537
901,485	10525
901,612	10510
901,740	10509
901,868	10495
901,996	10537
902,124	10502
902,252	10452
902,379	10492
902,507	10540
902,635	10518
902,763	10520
902,891	10526
903,019	10485
903,146	10453
903,274	10454
903,402	10474
903,530	10463
903,658	10422
903,786	10454
903,913	10398
904,041	10384
904,169	10400
904,297	10356
904,425	10394
904,553	10361
904,680	10366
904,808	10364
904,936	10373
905,064	10388
905,192	10406
905,320	10382
905,447	10337
905,575	10345
905,703	10362
905,831	10343
905,959	10334
906,087	10347
906,214	10377
906,342	10375
906,470	10285
906,598	10342
906,726	10333
906,854	10321
906,981	10329
907,109	10319
907,237	10344
907,365	10342
907,493	10314
907,621	10293
907,748	10280
907,876	10292
908,004	10302
908,132	10268
908,260	10230
908,388	10240
908,515	10274
908,643	10248
908,771	10211
908,899	10249
909,027	10167
909,155	10174
909,283	10145
909,410	10202
909,538	10131
909,666	10121
909,794	10143
909,922	10129
910,050	10137
910,177	10106
910,305	10081
910,433	10089
910,561	10073
910,689	10095
910,817	10098
910,944	10074
911,072	10061
911,200	10066
911,328	10098
911,456	10104
911,584	10074
911,711	10068
911,839	10074
911,967	10054
912,095	10070
912,223	10108
912,351	10069
912,478	10034
912,606	10105
912,734	10077
912,862	10100
912,990	10093
913,118	10125
913,245	10121
913,373	10114
913,501	10124
913,629	10108
913,757	10086
913,885	10125
914,012	10143
914,140	10126
914,268	10143
914,396	10101
914,524	10073
914,652	10083
914,779	10095
914,907	10109
915,035	10068
915,163	10121
915,291	10058
915,419	10051
915,546	10064
915,674	10026
915,802	10027
915,930	10028
916,058	10045
916,186	10066
916,313	10079
916,441	10044
916,569	10038
916,697	10017
916,825	9979,3
916,953	9998,5
917,080	9985,3
917,208	9981,1
917,336	9982,8
917,464	9998,9
917,592	10004
917,720	9991,2
917,848	10004
917,975	9963,3
918,103	9996,6
918,231	9985,2
918,359	9958,9
918,487	9915,5
918,615	9980,4
918,742	10009
918,870	9989,7
918,998	9989,9
919,126	9985,8
919,254	9962,7
919,382	9977,5
919,509	9988,3
919,637	9986,6
919,765	9965,7
919,893	9950
920,021	9926,2
920,149	9940,4
920,276	10006
920,404	9981,6
920,532	9949,8
920,660	9949,3
920,788	9969,2
920,916	9979,7
921,043	9978,4
921,171	9963,3
921,299	9957,7
921,427	9956,7
921,555	9944,1
921,683	9953,3
921,810	9932,3
921,938	9934,1
922,066	9883,4
922,194	9903,5
922,322	9944,4
922,450	9934,6
922,577	9903,5
922,705	9870,9
922,833	9829,3
922,961	9844,2
923,089	9831,5
923,217	9819,6
923,344	9765,6
923,472	9785,9
923,600	9791,7
923,728	9791,3
923,856	9796,7
923,984	9776,5
924,111	9738,9
924,239	9731,1
924,367	9712,7
924,495	9709,2
924,623	9709,2
924,751	9675,6
924,878	9685,4
925,006	9657,3
925,134	9648,4
925,262	9672,2
925,390	9669,6
925,518	9656,4
925,646	9702,9
925,773	9710,6
925,901	9642,9
926,029	9677,7
926,157	9653,6
926,285	9631,6
926,413	9601,5
926,540	9633,9
926,668	9626,7
926,796	9658
926,924	9623,6
927,052	9636,1
927,180	9649,1
927,307	9629,5
927,435	9644,5
927,563	9645,8
927,691	9654,1
927,819	9602,2
927,947	9590,2
928,074	9637
928,202	9664,2
928,330	9603
928,458	9581
928,586	9617,5
928,714	9614,3
928,841	9589,1
928,969	9602,1
929,097	9605,8
929,225	9578,6
929,353	9585,5
929,481	9558,8
929,608	9591,4
929,736	9578,2
929,864	9586,5
929,992	9571,1
930,120	9594,6
930,248	9540,8
930,375	9592,1
930,503	9591,4
930,631	9573,6
930,759	9580,7
930,887	9589,5
931,015	9587,8
931,142	9569,8
931,270	9567,6
931,398	9563,6
931,526	9591,6
931,654	9615,8
931,782	9596,7
931,909	9565,4
932,037	9572,2
932,165	9564,2
932,293	9562,3
932,421	9556,3
932,549	9527
932,676	9519,7
932,804	9549,4
932,932	9510
933,060	9554,9
933,188	9540,5
933,316	9514,2
933,444	9489,9
933,571	9464,4
933,699	9494,7
933,827	9436,6
933,955	9426,6
934,083	9436,7
934,211	9498,4
934,338	9499,5
934,466	9429,7
934,594	9429,5
934,722	9423,9
934,850	9387,3
934,978	9359,9
935,105	9380
935,233	9373,2
935,361	9378,9
935,489	9424,8
935,617	9389,8
935,745	9379
935,872	9400,1
936,000	9383,7
936,128	9376,1
936,256	9365,3
936,384	9365
936,512	9379,5
936,639	9400,9
936,767	9434,4
936,895	9442,3
937,023	9442,9
937,151	9430,6
937,279	9465,7
937,406	9467,7
937,534	9477,9
937,662	9458,8
937,790	9473,6
937,918	9503
938,046	9508,8
938,173	9498,1
938,301	9480,6
938,429	9467,7
938,557	9480,1
938,685	9493
938,813	9484,9
938,940	9483,4
939,068	9511,7
939,196	9472,5
939,324	9503,4
939,452	9514,4
939,580	9447,3
939,707	9504,3
939,835	9504,5
939,963	9483,2
940,091	9476,9
940,219	9463,7
940,347	9485,2
940,474	9484,6
940,602	9486,5
940,730	9489
940,858	9471,7
940,986	9461,3
941,114	9466,5
941,241	9463,8
941,369	9464,5
941,497	9411,5
941,625	9418,9
941,753	9413,8
941,881	9400,6
942,009	9365,8
942,136	9356,8
942,264	9350,9
942,392	9348,8
942,520	9328,4
942,648	9331,2
942,776	9315,9
942,903	9322,4
943,031	9323,2
943,159	9322
943,287	9348,9
943,415	9328,7
943,543	9320,1
943,670	9316,1
943,798	9294
943,926	9288,5
944,054	9319,4
944,182	9299,1
944,310	9293,7
944,437	9259,6
944,565	9247,8
944,693	9259,9
944,821	9299,2
944,949	9285,1
945,077	9282,1
945,204	9328,9
945,332	9312,8
945,460	9276,1
945,588	9323,6
945,716	9319,4
945,844	9301,5
945,971	9287
946,099	9305
946,227	9327,9
946,355	9360,5
946,483	9332,4
946,611	9337,4
946,738	9350,8
946,866	9317,4
946,994	9303
947,122	9304
947,250	9292,8
947,378	9299,3
947,505	9322,3
947,633	9293,4
947,761	9342
947,889	9368
948,017	9336,4
948,145	9324,6
948,272	9343,3
948,400	9365,8
948,528	9380,5
948,656	9379,2
948,784	9349,7
948,912	9344,7
949,039	9346,5
949,167	9322,3
949,295	9306,8
949,423	9305,3
949,551	9303,5
949,679	9269
949,807	9264,2
949,934	9231,6
950,062	9206,9
950,190	9215,9
950,318	9218,3
950,446	9177,4
950,574	9174,8
950,701	9152,2
950,829	9154,3
950,957	9110,7
951,085	9104,2
951,213	9107,8
951,341	9084,8
951,468	9061,1
951,596	9068,5
951,724	9101,2
951,852	9096,1
951,980	9082,5
952,108	9106,7
952,235	9104,6
952,363	9052,1
952,491	9063,9
952,619	9042,9
952,747	9088,4
952,875	9045,4
953,002	9058,4
953,130	9062,9
953,258	9064,1
953,386	9088,7
953,514	9099,7
953,642	9083,5
953,769	9089,2
953,897	9121,5
954,025	9133,6
954,153	9105,2
954,281	9067,9
954,409	9131
954,536	9124,4
954,664	9120,1
954,792	9174,2
954,920	9158,6
955,048	9136,2
955,176	9154,5
955,303	9142,8
955,431	9147,5
955,559	9197,6
955,687	9168
955,815	9137,5
955,943	9134,4
956,070	9158,1
956,198	9182,7
956,326	9156
956,454	9126,3
956,582	9116
956,710	9110,7
956,837	9119,1
956,965	9127,3
957,093	9067,8
957,221	9125,8
957,349	9121,5
957,477	9089,7
957,605	9061,6
957,732	9046,1
957,860	8998,1
957,988	9000
958,116	8978,9
958,244	8977,9
958,372	8951,6
958,499	8952,2
958,627	8980,9
958,755	8947,4
958,883	8939,6
959,011	8913,9
959,139	8900,7
959,266	8920,3
959,394	8936,6
959,522	8863,8
959,650	8893,1
959,778	8903,3
959,906	8896,1
960,033	8873,5
960,161	8883,7
960,289	8881,6
960,417	8890
960,545	8924,9
960,673	8908,9
960,800	8910,6
960,928	8917,8
961,056	8910,8
961,184	8907,3
961,312	8914,9
961,440	8935,8
961,567	8927,6
961,695	8906,1
961,823	8874,3
961,951	8868
962,079	8885,1
962,207	8884,2
962,334	8849,2
962,462	8850,7
962,590	8907
962,718	8885,7
962,846	8887,5
962,974	8848,1
963,101	8845,7
963,229	8860,1
963,357	8856
963,485	8853,6
963,613	8848,3
963,741	8841,8
963,868	8831,3
963,996	8827,2
964,124	8860,3
964,252	8850,1
964,380	8866,6
964,508	8822,1
964,635	8842,3
964,763	8868,4
964,891	8786,1
965,019	8843,8
965,147	8829,4
965,275	8833,6
965,403	8821,4
965,530	8835,8
965,658	8839,3
965,786	8792,5
965,914	8808,7
966,042	8829
966,170	8820,1
966,297	8803,4
966,425	8787,9
966,553	8797,9
966,681	8806,7
966,809	8800,5
966,937	8761,8
967,064	8759,9
967,192	8780,2
967,320	8766,5
967,448	8763,8
967,576	8735,4
967,704	8770,6
967,831	8754
967,959	8773,3
968,087	8778,9
968,215	8790,5
968,343	8773
968,471	8797,4
968,598	8798,2
968,726	8788
968,854	8824,3
968,982	8845,5
969,110	8860,9
969,238	8881,3
969,365	8890,7
969,493	8857,2
969,621	8887,1
969,749	8889,1
969,877	8871,5
970,005	8897,6
970,132	8824,1
970,260	8854,5
970,388	8878,9
970,516	8895,4
970,644	8890,5
970,772	8880
970,899	8894,5
971,027	8864,9
971,155	8854,3
971,283	8894,3
971,411	8894,1
971,539	8853,3
971,666	8855
971,794	8826,5
971,922	8819,9
972,050	8820,2
972,178	8776,6
972,306	8752,7
972,433	8742,2
972,561	8733,9
972,689	8735,5
972,817	8734,2
972,945	8717,3
973,073	8761
973,201	8744,7
973,328	8674,7
973,456	8624,5
973,584	8683,6
973,712	8654,6
973,840	8664,1
973,968	8629,6
974,095	8577,3
974,223	8589,4
974,351	8590,4
974,479	8583,3
974,607	8547,3
974,735	8536,2
974,862	8544,2
974,990	8543,3
975,118	8548,6
975,246	8533,2
975,374	8494,3
975,502	8488,5
975,629	8521,1
975,757	8472,3
975,885	8478,4
976,013	8469,1
976,141	8473,7
976,269	8511,9
976,396	8472,2
976,524	8481,1
976,652	8493,3
976,780	8501,6
976,908	8514,4
977,036	8526,4
977,163	8523,3
977,291	8515,1
977,419	8551,1
977,547	8552,4
977,675	8543,2
977,803	8541,6
977,930	8541,6
978,058	8528,2
978,186	8530,5
978,314	8525,1
978,442	8503,4
978,570	8545,3
978,697	8556,6
978,825	8556,9
978,953	8573,9
979,081	8557,4
979,209	8596,4
979,337	8580,7
979,464	8586,3
979,592	8604,2
979,720	8651,4
979,848	8618,5
979,976	8564,6
980,104	8598,6
980,231	8643,2
980,359	8653,3
980,487	8625,2
980,615	8609,9
980,743	8555,2
980,871	8530,5
980,998	8540,6
981,126	8526,9
981,254	8557,6
981,382	8571,6
981,510	8532,4
981,638	8506,2
981,766	8491,1
981,893	8494,9
982,021	8447
982,149	8445,6
982,277	8420,7
982,405	8387
982,533	8387,8
982,660	8413,6
982,788	8402,5
982,916	8398,1
983,044	8414,5
983,172	8429,4
983,300	8371,9
983,427	8360,4
983,555	8309,4
983,683	8325
983,811	8333
983,939	8271
984,067	8255,7
984,194	8234,7
984,322	8233,7
984,450	8216,5
984,578	8218,9
984,706	8192,2
984,834	8191,9
984,961	8207,5
985,089	8179,9
985,217	8167
985,345	8165,7
985,473	8173,6
985,601	8181
985,728	8197,7
985,856	8202,8
985,984	8204,3
986,112	8191,6
986,240	8232,4
986,368	8232,5
986,495	8248,4
986,623	8249,1
986,751	8196,7
986,879	8203
987,007	8242,5
987,135	8205,4
987,262	8253
987,390	8238
987,518	8271,9
987,646	8252,7
987,774	8248
987,902	8235
988,029	8231,2
988,157	8248,2
988,285	8261,5
988,413	8256,6
988,541	8242,8
988,669	8227,6
988,796	8206,7
988,924	8191,9
989,052	8184,5
989,180	8176,4
989,308	8179,8
989,436	8171,3
989,564	8179,9
989,691	8184,3
989,819	8174,5
989,947	8122,5
990,075	8165,8
990,203	8125,3
990,331	8118,9
990,458	8169,8
990,586	8092,4
990,714	8137
990,842	8098,7
990,970	8128,6
991,098	8135,4
991,225	8110,8
991,353	8102,4
991,481	8079,1
991,609	8035,4
991,737	8039,5
991,865	8051,3
991,992	8072,4
992,120	8066,3
992,248	8060,6
992,376	8035,6
992,504	8019,6
992,632	8045,5
992,759	8048,7
992,887	8035,5
993,015	8024,6
993,143	7995,6
993,271	8006,9
993,399	8022,4
993,526	8002
993,654	7996,7
993,782	7978,8
993,910	7997
994,038	8030
994,166	7988,9
994,293	7981,1
994,421	8022,5
994,549	7955,1
994,677	7970,1
994,805	7948
994,933	7992,9
995,060	7973,5
995,188	7981,4
995,316	7994,1
995,444	7980,8
995,572	7952,2
995,700	7973,1
995,827	7984,2
995,955	8005,2
996,083	7997,9
996,211	7979
996,339	7991,8
996,467	7962,1
996,594	7980
996,722	7978,2
996,850	7976,2
996,978	7980,8
997,106	7968
997,234	7931,6
997,362	7946,3
997,489	7983,3
997,617	7934,9
997,745	7915,2
997,873	7922,1
998,001	7936,9
998,129	7959,6
998,256	7964,2
998,384	7893,4
998,512	7851,4
998,640	7853,2
998,768	7852,8
998,896	7852,4
999,023	7864,1
999,151	7848,7
999,279	7862,7
999,407	7825,9
999,535	7890,2
999,663	7826,9
999,790	7846,5
999,918	7871,2
1000,046	7855,8
1000,174	7830,9
1000,302	7817,4
1000,430	7789,7
1000,557	7771,2
1000,685	7754,1
1000,813	7785,4
1000,941	7789,3
1001,069	7740,1
1001,197	7748,7
1001,324	7756,2
1001,452	7764,8
1001,580	7782,1
1001,708	7759,4
1001,836	7718,6
1001,964	7699,9
1002,091	7702,1
1002,219	7688,7
1002,347	7662
1002,475	7678
1002,603	7677,5
1002,731	7648,4
1002,858	7683,2
1002,986	7693,1
1003,114	7665,8
1003,242	7655,1
1003,370	7661,1
1003,498	7677,3
1003,625	7646,7
1003,753	7626,7
1003,881	7648,9
1004,009	7645,4
1004,137	7673,1
1004,265	7669,8
1004,392	7659,7
1004,520	7699,8
1004,648	7679
1004,776	7661,1
1004,904	7634,2
1005,032	7671,4
1005,160	7614,3
1005,287	7609
1005,415	7608,2
1005,543	7626,6
1005,671	7614,5
1005,799	7588,8
1005,927	7637,2
1006,054	7600,2
1006,182	7610,5
1006,310	7600,2
1006,438	7585,5
1006,566	7571
1006,694	7580,7
1006,821	7577,9
1006,949	7587,8
1007,077	7587,2
1007,205	7574,5
1007,333	7561,2
1007,461	7579,5
1007,588	7588,6
1007,716	7574,9
1007,844	7545,8
1007,972	7555,6
1008,100	7569,8
1008,228	7555,8
1008,355	7553,9
1008,483	7552,4
1008,611	7537,6
1008,739	7527,6
1008,867	7543,4
1008,995	7514,9
1009,122	7517,4
1009,250	7524,4
1009,378	7540,1
1009,506	7554,7
1009,634	7526,1
1009,762	7494,7
1009,889	7512,6
1010,017	7514,8
1010,145	7489,4
1010,273	7487,6
1010,401	7529,4
1010,529	7522,1
1010,656	7486,7
1010,784	7511,1
1010,912	7465,7
1011,040	7496,6
1011,168	7496,5
1011,296	7483,9
1011,423	7486,2
1011,551	7475,1
1011,679	7439,8
1011,807	7451,6
1011,935	7455
1012,063	7425,5
1012,190	7468,5
1012,318	7445,9
1012,446	7433,6
1012,574	7435,5
1012,702	7396,3
1012,830	7403,6
1012,957	7396,7
1013,085	7381,7
1013,213	7392,3
1013,341	7407,7
1013,469	7404,8
1013,597	7380,8
1013,725	7390,5
1013,852	7406,2
1013,980	7402,9
1014,108	7383,8
1014,236	7369,7
1014,364	7369,2
1014,492	7342,5
1014,619	7364,3
1014,747	7371,5
1014,875	7347,4
1015,003	7327,9
1015,131	7316,7
1015,259	7318,7
1015,386	7303,5
1015,514	7294,3
1015,642	7296,9
1015,770	7279,3
1015,898	7282,7
1016,026	7284
1016,153	7271,6
1016,281	7264,2
1016,409	7263,4
1016,537	7256,9
1016,665	7235,4
1016,793	7237,8
1016,920	7253,5
1017,048	7243,8
1017,176	7236,6
1017,304	7206,5
1017,432	7211,3
1017,560	7222,7
1017,687	7188,9
1017,815	7199,9
1017,943	7166,1
1018,071	7197,3
1018,199	7183,7
1018,327	7156,2
1018,454	7151,7
1018,582	7170
1018,710	7154,4
1018,838	7149,4
1018,966	7139,7
1019,094	7143,8
1019,221	7152,4
1019,349	7127,6
1019,477	7110,1
1019,605	7112,8
1019,733	7128,8
1019,861	7095,3
1019,988	7118,6
1020,116	7101,2
1020,244	7080,9
1020,372	7103,8
1020,500	7095,3
1020,628	7108,2
1020,755	7104,8
1020,883	7085
1021,011	7112,5
1021,139	7097
1021,267	7095,6
1021,395	7106,5
1021,523	7094,5
1021,650	7091,4
1021,778	7081,6
1021,906	7071,5
1022,034	7064,2
1022,162	7058,3
1022,290	7072,6
1022,417	7079,8
1022,545	7088,8
1022,673	7107,4
1022,801	7102,1
1022,929	7077,8
1023,057	7082,4
1023,184	7097,3
1023,312	7078,1
1023,440	7080,6
1023,568	7066,6
1023,696	7061,2
1023,824	7058,6
1023,951	7049,2
1024,079	7040,8
1024,207	7052,3
1024,335	7084,3
1024,463	7057,7
1024,591	7034,9
1024,718	7046,6
1024,846	7027,4
1024,974	7040,3
1025,102	7059,6
1025,230	7046,5
1025,358	7034,6
1025,485	7034,4
1025,613	7025,6
1025,741	7036,4
1025,869	7047,2
1025,997	7032
1026,125	7030,2
1026,252	7031,9
1026,380	7035,4
1026,508	7024,5
1026,636	7012,7
1026,764	7022,8
1026,892	7001,6
1027,019	6997
1027,147	7032
1027,275	6993
1027,403	6991
1027,531	7007,5
1027,659	6992,8
1027,786	6974,9
1027,914	6970,8
1028,042	6972,9
1028,170	6970,7
1028,298	6953,4
1028,426	6958
1028,553	6975,1
1028,681	6979,6
1028,809	6979,5
1028,937	6948,9
1029,065	6947
1029,193	6957,9
1029,321	6953
1029,448	6949,8
1029,576	6957,8
1029,704	6931,4
1029,832	6928,5
1029,960	6913,2
1030,088	6914,7
1030,215	6923,2
1030,343	6916,3
1030,471	6912,8
1030,599	6910,2
1030,727	6928,1
1030,855	6938,1
1030,982	6916,4
1031,110	6910,1
1031,238	6925,7
1031,366	6913,8
1031,494	6904,6
1031,622	6896,8
1031,749	6909,2
1031,877	6918,3
1032,005	6891,2
1032,133	6898,1
1032,261	6893,1
1032,389	6896,9
1032,516	6903,5
1032,644	6891,6
1032,772	6884,6
1032,900	6903,5
1033,028	6885,7
1033,156	6873,8
1033,283	6887,8
1033,411	6885,6
1033,539	6917,5
1033,667	6895,2
1033,795	6869,7
1033,923	6891,2
1034,050	6865,1
1034,178	6881,2
1034,306	6870,4
1034,434	6886,8
1034,562	6883,9
1034,690	6864
1034,817	6883,8
1034,945	6862,3
1035,073	6882,1
1035,201	6866,6
1035,329	6871,1
1035,457	6886,4
1035,584	6859
1035,712	6850,8
1035,840	6849,2
1035,968	6858,2
1036,096	6857,1
1036,224	6842,1
1036,351	6847,1
1036,479	6835,3
1036,607	6829,2
1036,735	6838,9
1036,863	6817,8
1036,991	6818,7
1037,119	6823,8
1037,246	6819,9
1037,374	6835,1
1037,502	6808,2
1037,630	6814,3
1037,758	6823
1037,886	6800,3
1038,013	6798,2
1038,141	6778,2
1038,269	6799,8
1038,397	6807,7
1038,525	6805
1038,653	6798,6
1038,780	6782,1
1038,908	6784,6
1039,036	6803,2
1039,164	6773,1
1039,292	6759,8
1039,420	6724,5
1039,547	6727,1
1039,675	6749,4
1039,803	6742
1039,931	6755,7
1040,059	6738,8
1040,187	6740,3
1040,314	6735,9
1040,442	6727,7
1040,570	6724,7
1040,698	6725,4
1040,826	6698,6
1040,954	6695,3
1041,081	6716
1041,209	6729,1
1041,337	6721,7
1041,465	6717,7
1041,593	6698,3
1041,721	6701,7
1041,848	6722,4
1041,976	6711,2
1042,104	6695,1
1042,232	6700,6
1042,360	6705,2
1042,488	6701,1
1042,615	6698,1
1042,743	6687,4
1042,871	6678,5
1042,999	6680,1
1043,127	6687,4
1043,255	6686
1043,382	6663
1043,510	6657,8
1043,638	6657,7
1043,766	6674,4
1043,894	6682,4
1044,022	6671
1044,149	6673,1
1044,277	6677
1044,405	6658,5
1044,533	6649
1044,661	6655
1044,789	6660,8
1044,916	6685,1
1045,044	6687,5
1045,172	6657,4
1045,300	6664,3
1045,428	6675,2
1045,556	6681,3
1045,684	6663
1045,811	6678
1045,939	6673,8
1046,067	6665,6
1046,195	6674
1046,323	6651,5
1046,451	6659
1046,578	6675,5
1046,706	6674,5
1046,834	6663,5
1046,962	6656,5
1047,090	6664,2
1047,218	6665
1047,345	6667,6
1047,473	6655,8
1047,601	6658,5
1047,729	6666,6
1047,857	6653,9
1047,985	6646,3
1048,112	6649,2
1048,240	6650,2
1048,368	6658,1
1048,496	6648,8
1048,624	6661,8
1048,752	6647,3
1048,879	6655,1
1049,007	6664,1
1049,135	6654,7
1049,263	6654,9
1049,391	6650,2
1049,519	6646,5
1049,646	6630,1
1049,774	6647
1049,902	6649,9
1050,030	6636,1
1050,158	6635,9
1050,286	6649,3
1050,413	6643,4
1050,541	6632,7
1050,669	6633,1
1050,797	6632,7
1050,925	6621,1
1051,053	6620,4
1051,180	6628
1051,308	6631,3
1051,436	6630
1051,564	6623,1
1051,692	6610,9
1051,820	6613
1051,947	6615,2
1052,075	6615,9
1052,203	6612,7
1052,331	6606,7
1052,459	6604,7
1052,587	6616,7
1052,714	6607,2
1052,842	6599,4
1052,970	6599,7
1053,098	6602,6
1053,226	6610,6
1053,354	6611
1053,482	6596,6
1053,609	6611,5
1053,737	6609,6
1053,865	6590,8
1053,993	6590,4
1054,121	6591,9
1054,249	6601,8
1054,376	6585,6
1054,504	6599,6
1054,632	6591,6
1054,760	6578,6
1054,888	6582,1
1055,016	6590,2
1055,143	6588,2
1055,271	6596
1055,399	6586,3
1055,527	6591,3
1055,655	6609,7
1055,783	6581,5
1055,910	6584,9
1056,038	6587,1
1056,166	6578,5
1056,294	6600,7
1056,422	6581,1
1056,550	6586,7
1056,677	6588
1056,805	6590,1
1056,933	6591
1057,061	6599,5
1057,189	6602,5
1057,317	6579,9
1057,444	6608
1057,572	6581,5
1057,700	6586,9
1057,828	6594,2
1057,956	6590,5
1058,084	6588,2
1058,211	6587,1
1058,339	6587,5
1058,467	6591,1
1058,595	6596,1
1058,723	6581,9
1058,851	6583,1
1058,978	6588,1
1059,106	6567,3
1059,234	6578,5
1059,362	6588,8
1059,490	6588,6
1059,618	6580,9
1059,745	6572,6
1059,873	6574,3
1060,001	6576,2
1060,129	6571
1060,257	6572,9
1060,385	6574,4
1060,512	6571
1060,640	6567,1
1060,768	6572,6
1060,896	6573,6
1061,024	6561,5
1061,152	6563,1
1061,280	6559,5
1061,407	6561,4
1061,535	6548,1
1061,663	6547,5
1061,791	6557,5
1061,919	6571,8
1062,047	6545,2
1062,174	6540,3
1062,302	6556,6
1062,430	6534,9
1062,558	6546,2
1062,686	6525,6
1062,814	6525,7
1062,941	6531,3
1063,069	6553,6
1063,197	6554,4
1063,325	6530,8
1063,453	6527,3
1063,581	6544
1063,708	6534,4
1063,836	6555
1063,964	6550,7
1064,092	6527,2
1064,220	6537,8
1064,348	6528,9
1064,475	6526
1064,603	6520,7
1064,731	6519
1064,859	6532,4
1064,987	6524,9
1065,115	6526,9
1065,242	6533,5
1065,370	6533,5
1065,498	6534,3
1065,626	6535,8
1065,754	6540,8
1065,882	6542,6
1066,009	6525,2
1066,137	6522,9
1066,265	6543
1066,393	6541,9
1066,521	6539,7
1066,649	6545,9
1066,776	6542,5
1066,904	6552,7
1067,032	6555,7
1067,160	6548,4
1067,288	6524,7
1067,416	6535,3
1067,543	6547,5
1067,671	6540,3
1067,799	6524,5
1067,927	6532,9
1068,055	6546,8
1068,183	6537,8
1068,310	6540,3
1068,438	6540,3
1068,566	6544
1068,694	6539,9
1068,822	6544,7
1068,950	6520,7
1069,077	6539,8
1069,205	6528,3
1069,333	6534,6
1069,461	6518,7
1069,589	6526,2
1069,717	6521,5
1069,845	6529,9
1069,972	6525,2
1070,100	6525,9
1070,228	6531
1070,356	6502,6
1070,484	6540
1070,612	6526,7
1070,739	6517,4
1070,867	6527,6
1070,995	6518,4
1071,123	6517,2
1071,251	6514,2
1071,379	6508,7
1071,506	6505,2
1071,634	6485,9
1071,762	6492,1
1071,890	6498,2
1072,018	6488,1
1072,146	6501,3
1072,273	6511,3
1072,401	6510,7
1072,529	6501
1072,657	6499
1072,785	6508,2
1072,913	6501,7
1073,040	6484,5
1073,168	6494,3
1073,296	6508,3
1073,424	6485,2
1073,552	6485,1
1073,680	6481,9
1073,807	6474,7
1073,935	6489
1074,063	6489,2
1074,191	6496,7
1074,319	6496,7
1074,447	6506,8
1074,574	6511,5
1074,702	6511
1074,830	6500,2
1074,958	6497,1
1075,086	6491,9
1075,214	6497,8
1075,341	6507,9
1075,469	6489
1075,597	6474,1
1075,725	6486,3
1075,853	6509,1
1075,981	6509,6
1076,108	6486
1076,236	6501,5
1076,364	6483,5
1076,492	6505,2
1076,620	6486,7
1076,748	6494,9
1076,875	6488,4
1077,003	6482,4
1077,131	6486,3
1077,259	6503,4
1077,387	6487,3
1077,515	6506
1077,643	6494,9
1077,770	6484,7
1077,898	6489,4
1078,026	6492,3
1078,154	6487,5
1078,282	6510,7
1078,410	6500,5
1078,537	6494
1078,665	6482,2
1078,793	6476,8
1078,921	6491,3
1079,049	6495,7
1079,177	6498,7
1079,304	6491
1079,432	6480,3
1079,560	6489,7
1079,688	6473
1079,816	6475,3
1079,944	6492,4
1080,071	6481,6
1080,199	6469,5
1080,327	6460
1080,455	6477,5
1080,583	6481,3
1080,711	6480
1080,838	6485,1
1080,966	6483,1
1081,094	6472,4
1081,222	6463,9
1081,350	6464,3
1081,478	6463,9
1081,605	6457,8
1081,733	6449,7
1081,861	6456,6
1081,989	6457,1
1082,117	6456,6
1082,245	6466,3
1082,372	6466,7
1082,500	6478,7
1082,628	6487
1082,756	6473,3
1082,884	6468,1
1083,012	6469,9
1083,139	6469,9
1083,267	6460,4
1083,395	6458,8
1083,523	6465,3
1083,651	6466,2
1083,779	6449,9
1083,906	6436,6
1084,034	6457,3
1084,162	6447,2
1084,290	6448,3
1084,418	6461,6
1084,546	6449
1084,673	6444,9
1084,801	6449,2
1084,929	6450,2
1085,057	6462,8
1085,185	6466,8
1085,313	6469,9
1085,441	6458,4
1085,568	6470,9
1085,696	6442,9
1085,824	6462,3
1085,952	6446,4
1086,080	6434,9
1086,208	6457
1086,335	6452,5
1086,463	6471,3
1086,591	6454,4
1086,719	6447,7
1086,847	6437,9
1086,975	6456,3
1087,102	6448,5
1087,230	6443,7
1087,358	6460
1087,486	6440,2
1087,614	6466,2
1087,742	6452,9
1087,869	6460,9
1087,997	6449,7
1088,125	6446,6
1088,253	6459,5
1088,381	6447,5
1088,509	6462,1
1088,636	6462,6
1088,764	6444,4
1088,892	6461,8
1089,020	6477,8
1089,148	6453,3
1089,276	6452,2
1089,403	6460,1
1089,531	6454,7
1089,659	6439,5
1089,787	6452,8
1089,915	6451,5
1090,043	6448,5
1090,170	6477
1090,298	6439,3
1090,426	6455,8
1090,554	6438
1090,682	6448,4
1090,810	6429,4
1090,937	6468,5
1091,065	6448,9
1091,193	6430
1091,321	6427,8
1091,449	6446
1091,577	6443,9
1091,704	6434,9
1091,832	6442,8
1091,960	6427,4
1092,088	6414,8
1092,216	6432,4
1092,344	6412,7
1092,471	6454,2
1092,599	6424
1092,727	6442
1092,855	6441,2
1092,983	6439,8
1093,111	6430,1
1093,239	6429,3
1093,366	6420,9
1093,494	6424,4
1093,622	6431,8
1093,750	6434,1
1093,878	6439,9
1094,006	6430,9
1094,133	6399,2
1094,261	6420,7
1094,389	6430,6
1094,517	6437,3
1094,645	6433,8
1094,773	6402,1
1094,900	6440,9
1095,028	6450,6
1095,156	6417,8
1095,284	6436,8
1095,412	6412
1095,540	6433,1
1095,667	6438,5
1095,795	6433,3
1095,923	6426
1096,051	6396,6
1096,179	6414,8
1096,307	6438
1096,434	6427,2
1096,562	6412,6
1096,690	6416,1
1096,818	6423,6
1096,946	6410,4
1097,074	6399,8
1097,201	6408,3
1097,329	6422,7
1097,457	6424
1097,585	6450,3
1097,713	6420,8
1097,841	6449,3
1097,968	6433,3
1098,096	6420,6
1098,224	6427,3
1098,352	6398,5
1098,480	6436,2
1098,608	6427,9
1098,735	6436,7
1098,863	6430,9
1098,991	6447,7
1099,119	6434,3
1099,247	6447,1
1099,375	6423,7
1099,502	6416,8
1099,630	6435,8
1099,758	6440,8
1099,886	6414,9
1100,014	6435,8
