350,000	5367,53
350,128	5350,07
350,256	5350,66
350,384	5360,79
350,511	5368,23
350,639	5364,93
350,767	5356,45
350,895	5368,35
351,023	5365,8
351,151	5361,57
351,278	5361,02
351,406	5361,53
351,534	5338,69
351,662	5363,97
351,790	5356,03
351,918	5348,71
352,045	5350,05
352,173	5357,87
352,301	5350,97
352,429	5356,76
352,557	5364,8
352,685	5366,64
352,812	5363,77
352,940	5359,28
353,068	5357,4
353,196	5369,65
353,324	5355,23
353,452	5359,05
353,579	5367,4
353,707	5368,07
353,835	5357,17
353,963	5352,59
354,091	5358,46
354,219	5370,95
354,346	5377,13
354,474	5371,24
354,602	5357,76
354,730	5357,22
354,858	5357,44
354,986	5358,65
355,113	5356,96
355,241	5354,73
355,369	5361,7
355,497	5366,99
355,625	5351,18
355,753	5355,48
355,880	5363,73
356,008	5368,1
356,136	5368,78
356,264	5354,23
356,392	5366,08
356,520	5367,34
356,647	5366,27
356,775	5366,78
356,903	5369
357,031	5351,48
357,159	5365
357,287	5363,55
357,414	5366,95
357,542	5370
357,670	5358,1
357,798	5366,29
357,926	5365,1
358,054	5368,41
358,182	5374,63
358,309	5378,42
358,437	5375,18
358,565	5377,77
358,693	5364,05
358,821	5372,07
358,949	5367,01
359,076	5361,37
359,204	5372,82
359,332	5378,37
359,460	5359
359,588	5358,29
359,716	5354,29
359,843	5361,18
359,971	5383,78
360,099	5372,28
360,227	5352,36
360,355	5357,14
360,483	5374,47
360,610	5384,31
360,738	5377,5
360,866	5372,04
360,994	5359,53
361,122	5362,97
361,250	5370,09
361,377	5371,89
361,505	5370,19
361,633	5383,53
361,761	5381,34
361,889	5376,25
362,017	5376,56
362,144	5377,14
362,272	5379,13
362,400	5389,7
362,528	5365,99
362,656	5358,69
362,784	5363,53
362,911	5380,18
363,039	5392,51
363,167	5378,31
363,295	5384,19
363,423	5381,58
363,551	5394,53
363,678	5394,67
363,806	5384,09
363,934	5375,3
364,062	5355,46
364,190	5381,65
364,318	5377,75
364,445	5379,63
364,573	5383,12
364,701	5380,59
364,829	5391,27
364,957	5400,78
365,085	5381,12
365,212	5388,32
365,340	5398,03
365,468	5393,75
365,596	5406,13
365,724	5383,16
365,852	5388,73
365,979	5387,59
366,107	5382,77
366,235	5378,36
366,363	5376,55
366,491	5407,69
366,619	5398,69
366,747	5398,64
366,874	5390,02
367,002	5383,67
367,130	5410,48
367,258	5427,78
367,386	5421,67
367,514	5402,16
367,641	5404,74
367,769	5424,66
367,897	5437,78
368,025	5422,53
368,153	5441,33
368,281	5435,87
368,408	5432,49
368,536	5438,19
368,664	5445,91
368,792	5411,39
368,920	5445,92
369,048	5441,42
369,175	5434,42
369,303	5439,76
369,431	5460,1
369,559	5480,02
369,687	5477,04
369,815	5468,66
369,942	5475,44
370,070	5484,22
370,198	5489,21
370,326	5493,81
370,454	5479,27
370,582	5485,08
370,709	5494,51
370,837	5503,83
370,965	5512,01
371,093	5519,4
371,221	5523,59
371,349	5535,65
371,476	5542,16
371,604	5544,92
371,732	5555,9
371,860	5577,38
371,988	5562,06
372,116	5566,23
372,243	5604,59
372,371	5603,11
372,499	5601,94
372,627	5626,54
372,755	5648,46
372,883	5680,03
373,010	5657,73
373,138	5675,99
373,266	5687,55
373,394	5689,42
373,522	5720,06
373,650	5728,49
373,777	5729,46
373,905	5739,75
374,033	5749,93
374,161	5762,78
374,289	5783,88
374,417	5804,9
374,545	5850,52
374,672	5842,18
374,800	5859,6
374,928	5881,94
375,056	5886,38
375,184	5898,18
375,312	5925,8
375,439	5947,35
375,567	5958,07
375,695	5971,37
375,823	5988,56
375,951	5994,6
376,079	5993,09
376,206	6030,61
376,334	6055,55
376,462	6071,01
376,590	6085,61
376,718	6105,5
376,846	6091,05
376,973	6151,98
377,101	6181,95
377,229	6206,38
377,357	6227,95
377,485	6249,85
377,613	6299,63
377,740	6317,79
377,868	6377,07
377,996	6383,57
378,124	6402,16
378,252	6451,31
378,380	6471,48
378,507	6511,31
378,635	6524,47
378,763	6558,61
378,891	6604,48
379,019	6629,25
379,147	6608,66
379,274	6678,79
379,402	6749,47
379,530	6748,94
379,658	6770,07
379,786	6807,75
379,914	6845,92
380,041	6909,71
380,169	6931,86
380,297	6944,65
380,425	6974,88
380,553	7007,31
380,681	7034,08
380,808	7055,79
380,936	7112,39
381,064	7147,7
381,192	7160,88
381,320	7195,68
381,448	7248,41
381,575	7291,59
381,703	7337
381,831	7398,51
381,959	7409,67
382,087	7426,9
382,215	7460,39
382,343	7510,62
382,470	7582,69
382,598	7579,14
382,726	7636,25
382,854	7688,1
382,982	7734,03
383,110	7760,2
383,237	7777,45
383,365	7848,67
383,493	7909,74
383,621	7915,9
383,749	7939,32
383,877	7995,38
384,004	8058,22
384,132	8074,76
384,260	8146,35
384,388	8186,79
384,516	8239,21
384,644	8268,86
384,771	8290,02
384,899	8386,61
385,027	8339,98
385,155	8445,2
385,283	8519,6
385,411	8546,53
385,538	8559,55
385,666	8605,46
385,794	8663,49
385,922	8690,87
386,050	8765,26
386,178	8796,39
386,305	8840,88
386,433	8916,58
386,561	8896,84
386,689	8998,23
386,817	9015,5
386,945	8991,36
387,072	9014,8
387,200	9079,77
387,328	9131,25
387,456	9150,16
387,584	9211,56
387,712	9261,13
387,839	9333,37
387,967	9385,43
388,095	9372,58
388,223	9391,06
388,351	9453,94
388,479	9573,53
388,606	9582,23
388,734	9599,51
388,862	9658,84
388,990	9747,18
389,118	9757,55
389,246	9816,13
389,373	9870,86
389,501	9889,89
389,629	9926,97
389,757	10001,4
389,885	10049,1
390,013	10093,8
390,141	10176,6
390,268	10208,5
390,396	10266,1
390,524	10333,7
390,652	10347,4
390,780	10478,9
390,908	10486,9
391,035	10556,3
391,163	10556,6
391,291	10583,8
391,419	10696,1
391,547	10702,5
391,675	10790,6
391,802	10853,5
391,930	10901,8
392,058	10930,3
392,186	10943,5
392,314	10983,2
392,442	11067,7
392,569	11074,6
392,697	11149,9
392,825	11180,4
392,953	11232,1
393,081	11276,6
393,209	11284,8
393,336	11354,9
393,464	11432,3
393,592	11499,9
393,720	11506,8
393,848	11533,9
393,976	11640,6
394,103	11709,3
394,231	11699,6
394,359	11834,5
394,487	11875,5
394,615	11904,3
394,743	12010,3
394,870	12039
394,998	12093,8
395,126	12150,2
395,254	12204,7
395,382	12255,8
395,510	12310,6
395,637	12342
395,765	12405,8
395,893	12358,7
396,021	12459,8
396,149	12534,1
396,277	12580,4
396,404	12627,7
396,532	12740,5
396,660	12727,4
396,788	12840,3
396,916	12867,1
397,044	12880,1
397,171	12919,2
397,299	12983,3
397,427	13030,9
397,555	13066,2
397,683	13091,7
397,811	13142,6
397,938	13187,1
398,066	13233,3
398,194	13326,3
398,322	13305,2
398,450	13414,2
398,578	13465,8
398,706	13567,8
398,833	13628,8
398,961	13614,9
399,089	13681,6
399,217	13716,4
399,345	13785,8
399,473	13891,7
399,600	13942,1
399,728	13957,8
399,856	14029,8
399,984	14025,9
400,112	14150,8
400,240	14213,2
400,367	14276,3
400,495	14314,5
400,623	14360,4
400,751	14385,9
400,879	14502,8
401,007	14575,2
401,134	14681,9
401,262	14725
401,390	14726,3
401,518	14747,6
401,646	14874,9
401,774	14971,6
401,901	15033,2
402,029	15099
402,157	15148,7
402,285	15180,5
402,413	15196,5
402,541	15286,8
402,668	15402
402,796	15465,4
402,924	15564,3
403,052	15623
403,180	15635,3
403,308	15765,6
403,435	15863,4
403,563	15953,1
403,691	16015,7
403,819	16041
403,947	16093,7
404,075	16139,6
404,202	16176,8
404,330	16223,6
404,458	16349,3
404,586	16387,8
404,714	16405,7
404,842	16453,5
404,969	16527,5
405,097	16695,1
405,225	16759,4
405,353	16817,6
405,481	16873,5
405,609	16970,5
405,736	17049,8
405,864	17079,4
405,992	17118,3
406,120	17248,4
406,248	17256,4
406,376	17326,4
406,504	17424,5
406,631	17513,6
406,759	17605,2
406,887	17700,4
407,015	17666,6
407,143	17772
407,271	17876,2
407,398	17956,5
407,526	17971,9
407,654	18029,6
407,782	18040,5
407,910	18139
408,038	18195,7
408,165	18274,5
408,293	18368
408,421	18392,7
408,549	18488
408,677	18558,3
408,805	18637,2
408,932	18690
409,060	18779,1
409,188	18907,3
409,316	18883,3
409,444	18873,6
409,572	19046,4
409,699	19098,9
409,827	19129
409,955	19201,9
410,083	19247,9
410,211	19403,5
410,339	19464,6
410,466	19566
410,594	19640,4
410,722	19674,7
410,850	19743,3
410,978	19846,8
411,106	19944,9
411,233	20007
411,361	20111,3
411,489	20091,8
411,617	20194,4
411,745	20283,3
411,873	20313,2
412,000	20527,4
412,128	20567,1
412,256	20548,5
412,384	20678,7
412,512	20758,8
412,640	20795
412,767	20849,5
412,895	20970,7
413,023	21020,8
413,151	21092,4
413,279	21182,7
413,407	21263,5
413,534	21333,2
413,662	21460,8
413,790	21499
413,918	21615,8
414,046	21704,7
414,174	21820,9
414,302	21946,8
414,429	22033,9
414,557	22054,8
414,685	22211,8
414,813	22287,7
414,941	22352,9
415,069	22392,9
415,196	22466,1
415,324	22575,7
415,452	22769,7
415,580	22797,7
415,708	22892,4
415,836	23020,4
415,963	23176,2
416,091	23200,3
416,219	23292,5
416,347	23409,3
416,475	23462,9
416,603	23580,4
416,730	23653,1
416,858	23661,4
416,986	23752,6
417,114	23873,6
417,242	23985,9
417,370	24022,9
417,497	24132
417,625	24237,4
417,753	24328,3
417,881	24474,2
418,009	24569,6
418,137	24704
418,264	24727,6
418,392	24867,9
418,520	24971,3
418,648	25043
418,776	25070,4
418,904	25162,8
419,031	25301,6
419,159	25432,6
419,287	25535
419,415	25582,1
419,543	25661,9
419,671	25800,2
419,798	25784,5
419,926	26047,2
420,054	26144,5
420,182	26192,8
420,310	26237,4
420,438	26304,9
420,565	26339
420,693	26454,6
420,821	26553,9
420,949	26645,1
421,077	26755,8
421,205	26888,6
421,332	27001
421,460	27063,5
421,588	27155,1
421,716	27231,9
421,844	27342
421,972	27456,4
422,100	27535,1
422,227	27613,5
422,355	27674,1
422,483	27838,3
422,611	27977,5
422,739	28057,8
422,867	28086,6
422,994	28159,6
423,122	28177,2
423,250	28298,4
423,378	28487,1
423,506	28590,5
423,634	28776,9
423,761	28867,2
423,889	28905,5
424,017	28983
424,145	29084,2
424,273	29163,1
424,401	29322,7
424,528	29385
424,656	29525,8
424,784	29624,8
424,912	29765,4
425,040	29814,7
425,168	29911,3
425,295	30071,1
425,423	30126,4
425,551	30293,4
425,679	30413,3
425,807	30473,2
425,935	30594,1
426,062	30690,3
426,190	30852
426,318	30912,4
426,446	31005,4
426,574	31107
426,702	31200,9
426,829	31325,9
426,957	31507,4
427,085	31629
427,213	31786,6
427,341	31905,6
427,469	31975,4
427,596	32095
427,724	32011,1
427,852	32236,7
427,980	32367,4
428,108	32494,6
428,236	32622,3
428,363	32686,8
428,491	32790,9
428,619	32951,3
428,747	32988
428,875	33107,7
429,003	33220,6
429,130	33345,8
429,258	33474,2
429,386	33544,3
429,514	33670,7
429,642	33888,9
429,770	33877,8
429,898	34086,9
430,025	34131,2
430,153	34233
430,281	34383,3
430,409	34513
430,537	34532,2
430,665	34704,4
430,792	34832,4
430,920	34985,4
431,048	35053
431,176	35138,7
431,304	35300,5
431,432	35319,5
431,559	35499,2
431,687	35648,4
431,815	35732,5
431,943	35879,3
432,071	36072,1
432,199	36101,5
432,326	36189,2
432,454	36271,1
432,582	36492,4
432,710	36603,5
432,838	36703,7
432,966	36710,9
433,093	36862
433,221	37090,2
433,349	37248,3
433,477	37333,6
433,605	37451,9
433,733	37655,4
433,860	37714,1
433,988	37891,9
434,116	38013,7
434,244	38157,1
434,372	38214,6
434,500	38380
434,627	38542,7
434,755	38582,2
434,883	38749,7
435,011	38892
435,139	38978,3
435,267	39088,6
435,394	39240,9
435,522	39413,7
435,650	39593,2
435,778	39668
435,906	39698
436,034	39805,2
436,161	40104,8
436,289	40287,2
436,417	40369,4
436,545	40498,6
436,673	40639,1
436,801	40841,6
436,928	41025,3
437,056	41098,2
437,184	41127,4
437,312	41259,3
437,440	41363,9
437,568	41439,2
437,695	41642,4
437,823	41820,6
437,951	41958,5
438,079	42052,7
438,207	42165
438,335	42327,9
438,463	42529,7
438,590	42569,6
438,718	42852,8
438,846	42879
438,974	43044,8
439,102	43261,1
439,230	43399,6
439,357	43470,5
439,485	43520,4
439,613	43717,3
439,741	43946,1
439,869	44047,5
439,997	44102
440,124	44414,8
440,252	44557,5
440,380	44767,8
440,508	44864,8
440,636	44979,8
440,764	45087,2
440,891	45232,9
441,019	45469,2
441,147	45575,2
441,275	45644,3
441,403	45861
441,531	46123,1
441,658	46240,8
441,786	46285,2
441,914	46479,3
442,042	46565,6
442,170	46645,8
442,298	46738,8
442,425	46955,1
442,553	47155,3
442,681	47373,7
442,809	47419,7
442,937	47556,4
443,065	47777,6
443,192	47962,3
443,320	48149,6
443,448	48229,3
443,576	48356,4
443,704	48546,1
443,832	48747,8
443,959	48950,9
444,087	49064,5
444,215	49062,3
444,343	49312,3
444,471	49458,2
444,599	49597,3
444,726	49759,6
444,854	49891,1
444,982	49977,6
445,110	50176,8
445,238	50459,2
445,366	50629,8
445,493	50783,8
445,621	50905,7
445,749	51105
445,877	51219,8
446,005	51473,7
446,133	51638,9
446,261	51660,9
446,388	51747
446,516	52016,3
446,644	52300,7
446,772	52337,3
446,900	52481,2
447,028	52762,6
447,155	52923,4
447,283	53218,4
447,411	53375,9
447,539	53512,3
447,667	53690,1
447,795	53788,7
447,922	53854,7
448,050	54002,4
448,178	54328,1
448,306	54527,7
448,434	54672,8
448,562	54933,5
448,689	55141,2
448,817	55214,2
448,945	55518,8
449,073	55684,7
449,201	55866
449,329	55950,2
449,456	56164,6
449,584	56447,1
449,712	56579,8
449,840	56873
449,968	57239,4
450,096	57304,2
450,223	57433,7
450,351	57573,3
450,479	57701,4
450,607	57978,8
450,735	58193
450,863	58343,4
450,990	58480,1
451,118	58772,1
451,246	59059,3
451,374	59184,6
451,502	59319,7
451,630	59625,5
451,757	59759,2
451,885	59883,6
452,013	60069,5
452,141	60328,2
452,269	60506,5
452,397	60681,5
452,524	60921,9
452,652	60995,6
452,780	61120
452,908	61410,9
453,036	61627
453,164	61844,6
453,291	62063,8
453,419	62271,1
453,547	62467,3
453,675	62655,1
453,803	62875,4
453,931	63096,2
454,059	63332,3
454,186	63427,1
454,314	63631,6
454,442	63872,8
454,570	63977,2
454,698	64558,6
454,826	64565,3
454,953	64836,7
455,081	65072,5
455,209	65236,2
455,337	65364,7
455,465	65474,3
455,593	65992,4
455,720	66031,5
455,848	66314,6
455,976	66504,5
456,104	66644,2
456,232	66976,7
456,360	67175,7
456,487	67248,8
456,615	67419,5
456,743	67680,4
456,871	67948,4
456,999	68175,3
457,127	68425,1
457,254	68761,9
457,382	68889,9
457,510	69051,4
457,638	69295,4
457,766	69592,2
457,894	69780,1
458,021	69889,8
458,149	70097,1
458,277	70363,7
458,405	70647,4
458,533	70946,2
458,661	71213,9
458,788	71317
458,916	71296,3
459,044	71669
459,172	71826,8
459,300	72054,7
459,428	72397,1
459,555	72668,1
459,683	72802,8
459,811	72951,1
459,939	73205,7
460,067	73514,3
460,195	73773,1
460,322	73936,3
460,450	74052,4
460,578	74414,1
460,706	74533,2
460,834	74832,9
460,962	75084,7
461,089	75263,6
461,217	75532,7
461,345	75713,8
461,473	75901,3
461,601	76152
461,729	76167,2
461,856	76252,8
461,984	76632,2
462,112	76832,5
462,240	77176,6
462,368	77506,5
462,496	77535,5
462,624	77631,8
462,751	77834,3
462,879	78030,5
463,007	78528,4
463,135	78706,9
463,263	78956,1
463,391	79215,7
463,518	79439,9
463,646	79651,2
463,774	79932,4
463,902	80342
464,030	80539,3
464,158	80655,1
464,285	80995,4
464,413	81347,7
464,541	81519
464,669	81991,3
464,797	82142,7
464,925	82450,6
465,052	82728,4
465,180	82876,5
465,308	83011,9
465,436	83639,7
465,564	83731,4
465,692	84065,3
465,819	84355,8
465,947	84514,8
466,075	84706,9
466,203	85150,5
466,331	85399,1
466,459	85711,7
466,586	85813,1
466,714	86104,9
466,842	86400,4
466,970	86647,1
467,098	87078,3
467,226	87059,3
467,353	87241,7
467,481	87419,2
467,609	87794,3
467,737	88109,3
467,865	88195,5
467,993	88287,9
468,120	88574,8
468,248	88830
468,376	89043,1
468,504	89361,8
468,632	89643,6
468,760	89594,8
468,887	89695,5
469,015	90184,6
469,143	90572,9
469,271	90909,6
469,399	91119,2
469,527	91303,7
469,654	91650,2
469,782	91791,9
469,910	92403,5
470,038	92503,5
470,166	92705,5
470,294	93090
470,422	93395,7
470,549	93752,8
470,677	94441,9
470,805	94557,6
470,933	94908,6
471,061	95234,6
471,189	95454,3
471,316	95800,6
471,444	96212
471,572	96408,7
471,700	96603,9
471,828	96802,8
471,956	97061,8
472,083	97425,8
472,211	97833,4
472,339	98016,1
472,467	98097,3
472,595	98253,6
472,723	98452,3
472,850	98651,4
472,978	98859,1
473,106	99292,9
473,234	99139,9
473,362	99537,4
473,490	99774,6
473,617	99938,6
473,745	100132
473,873	100366
474,001	100754
474,129	101123
474,257	101155
474,384	101351
474,512	101824
474,640	102392
474,768	102461
474,896	102686
475,024	103223
475,151	103508
475,279	103656
475,407	103927
475,535	104402
475,663	104470
475,791	105110
475,918	105249
476,046	105478
476,174	105592
476,302	105602
476,430	105707
476,558	105818
476,685	106042
476,813	106115
476,941	106083
477,069	105993
477,197	105943
477,325	106067
477,452	106240
477,580	106501
477,708	106638
477,836	106628
477,964	106696
478,092	107030
478,220	107554
478,347	107906
478,475	108206
478,603	108094
478,731	108143
478,859	108383
478,987	108546
479,114	108420
479,242	108353
479,370	108440
479,498	108524
479,626	108503
479,754	108338
479,881	108068
480,009	107857
480,137	107602
480,265	107506
480,393	107289
480,521	107197
480,648	107239
480,776	107090
480,904	106602
481,032	106634
481,160	106646
481,288	106638
481,415	106478
481,543	106126
481,671	105745
481,799	105792
481,927	105267
482,055	104801
482,182	104432
482,310	104118
482,438	103715
482,566	102924
482,694	102522
482,822	101988
482,949	101506
483,077	101016
483,205	100513
483,333	99973,4
483,461	99169,1
483,589	98270
483,716	97931,2
483,844	97146,1
483,972	96474,5
484,100	95903,5
484,228	95049,4
484,356	93880,4
484,483	93144,5
484,611	92129,9
484,739	91405,4
484,867	90654,2
484,995	89775,2
485,123	88913,9
485,250	87806
485,378	86747,9
485,506	85833,7
485,634	85039,9
485,762	84047,7
485,890	82900,2
486,018	82028,9
486,145	81124,7
486,273	79864,2
486,401	79088
486,529	78231,8
486,657	77226,6
486,785	76202,7
486,912	75377,4
487,040	74163,2
487,168	73352,2
487,296	72413,6
487,424	71549,9
487,552	70735,4
487,679	69907
487,807	69064,8
487,935	68128,3
488,063	67400,8
488,191	66882,8
488,319	66158,4
488,446	65322,4
488,574	64657,6
488,702	64429,6
488,830	63451,4
488,958	63189,2
489,086	62772,3
489,213	62485,4
489,341	62107,3
489,469	61500,6
489,597	61067,6
489,725	60961,7
489,853	60660
489,980	60189,7
490,108	59958,2
490,236	59878,7
490,364	59735,5
490,492	59518,2
490,620	59497
490,747	59347,4
490,875	59244,5
491,003	59045,7
491,131	58931,2
491,259	58988,9
491,387	58763,5
491,514	58666,5
491,642	58711,4
491,770	58785,3
491,898	58803,5
492,026	58816,6
492,154	58904,8
492,281	59057,1
492,409	58872,9
492,537	59068,5
492,665	59303,8
492,793	59484,1
492,921	59597
493,048	59636,5
493,176	59509,5
493,304	59701,6
493,432	60063,2
493,560	60067,8
493,688	60105
493,816	60167,8
493,943	60191,6
494,071	60475,9
494,199	60606,4
494,327	60819,5
494,455	60822,7
494,583	60964,2
494,710	61173,5
494,838	61316,6
494,966	61598,2
495,094	61396,6
495,222	61634,6
495,350	61909,9
495,477	62037,2
495,605	62164,6
495,733	62358
495,861	62199,6
495,989	62575,8
496,117	62626,5
496,244	62779,4
496,372	62892
496,500	63028,5
496,628	63239,7
496,756	63386,1
496,884	63744,4
497,011	63760,1
497,139	63719,1
497,267	63781,2
497,395	64042,2
497,523	64394,5
497,651	64461,8
497,778	64366,8
497,906	64393,1
498,034	64793,6
498,162	64974,9
498,290	65062,2
498,418	65228,4
498,545	65343,2
498,673	65224,2
498,801	65547,1
498,929	65794,3
499,057	65967,9
499,185	66080,6
499,312	66139,1
499,440	66140
499,568	66180,2
499,696	66642,7
499,824	66560,7
499,952	66624
500,079	66690,9
500,207	66729,7
500,335	66987,2
500,463	67514,3
500,591	67396,9
500,719	67496,2
500,846	67468,3
500,974	67691,4
501,102	68022,8
501,230	67947,6
501,358	68042,6
501,486	68154,5
501,613	68470,2
501,741	68590,4
501,869	68776,6
501,997	69010,3
502,125	69082,5
502,253	69082,4
502,381	69431,6
502,508	69663,4
502,636	69758,5
502,764	69901,8
502,892	70108,9
503,020	70268,7
503,148	70251,1
503,275	70505,8
503,403	70528,3
503,531	70761,8
503,659	70967
503,787	71068,1
503,915	71156,7
504,042	71456,5
504,170	71817,7
504,298	71785,9
504,426	71796,9
504,554	71963,1
504,682	72219,2
504,809	72454,7
504,937	72609,9
505,065	72854,8
505,193	73066,8
505,321	73034,8
505,449	73143,6
505,576	73364,2
505,704	73586,3
505,832	73725,7
505,960	73747,1
506,088	73786,3
506,216	73907,1
506,343	74120,2
506,471	74358,3
506,599	74490,1
506,727	74490
506,855	74858,1
506,983	74922,3
507,110	75106,7
507,238	75191,5
507,366	75340,3
507,494	75531,2
507,622	75629,5
507,750	75535,7
507,877	76180,5
508,005	76293,2
508,133	76386,1
508,261	76444,3
508,389	76520,6
508,517	76686,3
508,644	76975
508,772	77164,8
508,900	77343,1
509,028	77248,9
509,156	77480,9
509,284	77759
509,411	77821,8
509,539	77733
509,667	78002,1
509,795	78229,4
509,923	78427,8
510,051	78645,9
510,179	78728,9
510,306	78812,3
510,434	79073
510,562	79163
510,690	79525,5
510,818	79579,4
510,946	79562,1
511,073	79623,2
511,201	79848,4
511,329	80164,5
511,457	80302,5
511,585	80311,3
511,713	80544,5
511,840	80631,5
511,968	80640,4
512,096	80745,2
512,224	81033,7
512,352	81374,8
512,480	81118,8
512,607	81391,4
512,735	81560,4
512,863	81741,8
512,991	81974,6
513,119	82181,1
513,247	82238,8
513,374	82124,8
513,502	82777,1
513,630	82736,6
513,758	82824,4
513,886	83145,1
514,014	83373,2
514,141	83407,4
514,269	83730,5
514,397	83814,1
514,525	84157,9
514,653	84152,1
514,781	84381,7
514,908	84629
515,036	84749
515,164	84862,8
515,292	85117,3
515,420	85366,9
515,548	85111,2
515,675	85588,8
515,803	85665,3
515,931	85629,9
516,059	86055,5
516,187	86047
516,315	86479,6
516,442	86352,5
516,570	86527,4
516,698	86648,1
516,826	86843,4
516,954	87119,3
517,082	87218,2
517,209	87438,7
517,337	87259,8
517,465	87816,4
517,593	87833,5
517,721	87951,1
517,849	88226,3
517,977	88320,2
518,104	88534,8
518,232	88503,8
518,360	88727,1
518,488	89014,1
518,616	89211,5
518,744	89332,9
518,871	89480,5
518,999	89777,2
519,127	89922,8
519,255	90273,5
519,383	90378,2
519,511	90452,1
519,638	90583
519,766	90729,1
519,894	90879,9
520,022	91383,9
520,150	90959
520,278	91585,9
520,405	91538,1
520,533	91737,6
520,661	92078,2
520,789	92311,9
520,917	92564,6
521,045	92674,5
521,172	92945,1
521,300	93380,7
521,428	93228
521,556	93202,6
521,684	93422,9
521,812	93535,2
521,939	93619,8
522,067	93909,4
522,195	94395,5
522,323	94507,7
522,451	94640,3
522,579	94884,6
522,706	95184,1
522,834	95365,5
522,962	95463
523,090	95732,4
523,218	95869,3
523,346	96054,2
523,473	96342,2
523,601	96517
523,729	96649
523,857	96827,3
523,985	96898,7
524,113	97177,3
524,240	97486,3
524,368	97723,5
524,496	97882,9
524,624	98049,5
524,752	98405,4
524,880	98320,1
525,007	98617,6
525,135	98763,6
525,263	99091,8
525,391	99091,4
525,519	99167,3
525,647	99645
525,774	99877,1
525,902	100071
526,030	100126
526,158	100355
526,286	100557
526,414	100752
526,542	100913
526,669	100984
526,797	101254
526,925	101628
527,053	101762
527,181	101617
527,309	101636
527,436	101897
527,564	102252
527,692	102369
527,820	102543
527,948	102739
528,076	103071
528,203	103216
528,331	103425
528,459	103786
528,587	104008
528,715	104142
528,843	104181
528,970	104504
529,098	104651
529,226	104949
529,354	105202
529,482	105364
529,610	105478
529,737	105648
529,865	105793
529,993	106043
530,121	106319
530,249	106426
530,377	106672
530,504	107024
530,632	107040
530,760	107390
530,888	107631
531,016	107681
531,144	107851
531,271	107928
531,399	108161
531,527	108563
531,655	108414
531,783	108515
531,911	109015
532,038	109098
532,166	109125
532,294	109259
532,422	109472
532,550	109463
532,678	109657
532,805	110131
532,933	110188
533,061	110388
533,189	110419
533,317	110612
533,445	110862
533,572	110944
533,700	111072
533,828	111332
533,956	111763
534,084	111935
534,212	112148
534,340	112317
534,467	112411
534,595	112490
534,723	112602
534,851	113118
534,979	113269
535,107	113497
535,234	113676
535,362	113936
535,490	114255
535,618	114457
535,746	114493
535,874	114634
536,001	115064
536,129	115267
536,257	115619
536,385	115960
536,513	116039
536,641	116247
536,768	116756
536,896	116918
537,024	116957
537,152	117343
537,280	117609
537,408	117610
537,535	117679
537,663	117821
537,791	118361
537,919	118827
538,047	118759
538,175	118919
538,302	119221
538,430	119476
538,558	119691
538,686	120164
538,814	120154
538,942	120193
539,069	120458
539,197	120728
539,325	120979
539,453	121268
539,581	121316
539,709	121498
539,836	122012
539,964	122146
540,092	122329
540,220	122611
540,348	122829
540,476	122978
540,603	123161
540,731	123434
540,859	123741
540,987	123861
541,115	124264
541,243	124519
541,370	124592
541,498	124661
541,626	125005
541,754	125405
541,882	125517
542,010	125711
542,138	125865
542,265	126090
542,393	126313
542,521	126726
542,649	127289
542,777	127131
542,905	127179
543,032	127827
543,160	127765
543,288	127917
543,416	128176
543,544	128389
543,672	128720
543,799	128987
543,927	129040
544,055	129372
544,183	129402
544,311	129617
544,439	129802
544,566	130042
544,694	130311
544,822	130696
544,950	130863
545,078	130961
545,206	131339
545,333	131679
545,461	131911
545,589	132124
545,717	132489
545,845	132497
545,973	132839
546,100	133054
546,228	133353
546,356	133544
546,484	133771
546,612	133995
546,740	133999
546,867	134243
546,995	134750
547,123	134992
547,251	135299
547,379	135435
547,507	135583
547,634	135887
547,762	136082
547,890	136228
548,018	136615
548,146	136874
548,274	137222
548,401	137381
548,529	137434
548,657	137720
548,785	138049
548,913	138378
549,041	138757
549,168	138673
549,296	138966
549,424	139147
549,552	139335
549,680	139610
549,808	140088
549,936	140444
550,063	140536
550,191	140613
550,319	140913
550,447	141216
550,575	141493
550,703	141595
550,830	141665
550,958	142276
551,086	142430
551,214	142707
551,342	143038
551,470	143302
551,597	143413
551,725	143480
551,853	143657
551,981	144000
552,109	144377
552,237	144549
552,364	144545
552,492	144716
552,620	144939
552,748	145233
552,876	145597
553,004	145748
553,131	146057
553,259	146318
553,387	146392
553,515	146560
553,643	146976
553,771	147192
553,898	147426
554,026	147784
554,154	147968
554,282	148218
554,410	148678
554,538	148685
554,665	148909
554,793	149346
554,921	149644
555,049	149873
555,177	150085
555,305	150385
555,432	150880
555,560	150895
555,688	151215
555,816	151528
555,944	151746
556,072	151939
556,199	152239
556,327	152654
556,455	152662
556,583	153125
556,711	153266
556,839	153524
556,966	153978
557,094	154361
557,222	154434
557,350	154772
557,478	154931
557,606	155226
557,734	155396
557,861	155500
557,989	155971
558,117	156185
558,245	156385
558,373	156546
558,501	156904
558,628	157150
558,756	157366
558,884	157615
559,012	157845
559,140	158152
559,268	158469
559,395	158840
559,523	158945
559,651	159247
559,779	159336
559,907	159518
560,035	159674
560,162	159963
560,290	160244
560,418	160467
560,546	160859
560,674	160999
560,802	161637
560,929	161741
561,057	161855
561,185	162050
561,313	162299
561,441	162641
561,569	163116
561,696	163206
561,824	163550
561,952	163795
562,080	164045
562,208	164258
562,336	164393
562,463	164803
562,591	164998
562,719	165069
562,847	165758
562,975	165810
563,103	166152
563,230	166467
563,358	166654
563,486	166927
563,614	167092
563,742	167215
563,870	167468
563,997	167614
564,125	168032
564,253	168568
564,381	168782
564,509	168911
564,637	169293
564,764	169585
564,892	169892
565,020	170079
565,148	170653
565,276	170792
565,404	171042
565,531	171475
565,659	171712
565,787	171781
565,915	171997
566,043	172302
566,171	172835
566,299	172929
566,426	173271
566,554	173477
566,682	173699
566,810	173970
566,938	174225
567,066	174269
567,193	174587
567,321	174961
567,449	175228
567,577	175512
567,705	175745
567,833	175809
567,960	176214
568,088	176442
568,216	176600
568,344	177007
568,472	176996
568,600	177484
568,727	177779
568,855	177992
568,983	178599
569,111	178520
569,239	178803
569,367	179360
569,494	179334
569,622	179275
569,750	179607
569,878	180083
570,006	180374
570,134	180645
570,261	181077
570,389	181289
570,517	181430
570,645	181893
570,773	182458
570,901	182529
571,028	182790
571,156	183136
571,284	183462
571,412	183787
571,540	183758
571,668	184420
571,795	184453
571,923	184815
572,051	184961
572,179	185231
572,307	185770
572,435	185915
572,562	186106
572,690	186788
572,818	186774
572,946	187246
573,074	187559
573,202	187658
573,329	187730
573,457	188133
573,585	188343
573,713	188737
573,841	189171
573,969	189711
574,097	189868
574,224	189879
574,352	190120
574,480	190387
574,608	190553
574,736	190851
574,864	191234
574,991	191499
575,119	191945
575,247	192062
575,375	192580
575,503	192618
575,631	192954
575,758	193299
575,886	193536
576,014	193962
576,142	194049
576,270	194256
576,398	194635
576,525	194982
576,653	195417
576,781	195802
576,909	196005
577,037	196313
577,165	196544
577,292	196972
577,420	197240
577,548	197542
577,676	197830
577,804	198251
577,932	198706
578,059	198638
578,187	198860
578,315	199192
578,443	199501
578,571	199813
578,699	200095
578,826	200295
578,954	200640
579,082	200826
579,210	201345
579,338	201643
579,466	202213
579,593	202289
579,721	202571
579,849	202677
579,977	203315
580,105	203456
580,233	203779
580,360	204063
580,488	204256
580,616	204527
580,744	204952
580,872	205543
581,000	205688
581,127	205875
581,255	206044
581,383	206311
581,511	206678
581,639	206904
581,767	207478
581,895	207659
582,022	207993
582,150	208303
582,278	208523
582,406	208788
582,534	209096
582,662	209431
582,789	209829
582,917	210050
583,045	210367
583,173	210746
583,301	211288
583,429	211421
583,556	211564
583,684	211841
583,812	212126
583,940	212293
584,068	212631
584,196	212880
584,323	212938
584,451	213519
584,579	214046
584,707	214611
584,835	214636
584,963	214944
585,090	215227
585,218	215255
585,346	215807
585,474	216103
585,602	216328
585,730	216920
585,857	217092
585,985	217373
586,113	217647
586,241	217697
586,369	217980
586,497	218318
586,624	218464
586,752	219094
586,880	219759
587,008	219986
587,136	219983
587,264	220404
587,391	220948
587,519	220819
587,647	221274
587,775	221651
587,903	221714
588,031	221963
588,158	222426
588,286	222652
588,414	223259
588,542	223472
588,670	223763
588,798	224023
588,925	224179
589,053	224438
589,181	224856
589,309	225179
589,437	225416
589,565	225785
589,693	225859
589,820	226236
589,948	226751
590,076	226721
590,204	226945
590,332	227623
590,460	227792
590,587	228095
590,715	228404
590,843	228612
590,971	228920
591,099	229448
591,227	229450
591,354	229959
591,482	230336
591,610	230785
591,738	230920
591,866	231105
591,994	231596
592,121	231810
592,249	232039
592,377	232472
592,505	232657
592,633	233015
592,761	233627
592,888	234164
593,016	234446
593,144	234608
593,272	234697
593,400	235005
593,528	235251
593,655	235857
593,783	236332
593,911	236524
594,039	236910
594,167	237338
594,295	237631
594,422	237855
594,550	237937
594,678	238341
594,806	238875
594,934	239168
595,062	239360
595,189	239597
595,317	239966
595,445	240162
595,573	240665
595,701	240940
595,829	240916
595,956	241389
596,084	242228
596,212	242084
596,340	242663
596,468	242550
596,596	242824
596,723	243237
596,851	243339
596,979	243744
597,107	244423
597,235	244650
597,363	245053
597,490	245527
597,618	245639
597,746	245607
597,874	245998
598,002	246310
598,130	246788
598,258	247202
598,385	247534
598,513	247911
598,641	248044
598,769	248254
598,897	248527
599,025	249015
599,152	249332
599,280	249583
599,408	250090
599,536	250367
599,664	250844
599,792	251284
599,919	251292
600,047	251757
600,175	252174
600,303	252222
600,431	252509
600,559	252966
600,686	253305
600,814	253402
600,942	253602
601,070	254237
601,198	254277
601,326	254809
601,453	255226
601,581	255569
601,709	256025
601,837	256552
601,965	256459
602,093	256863
602,220	257418
602,348	257850
602,476	258078
602,604	258151
602,732	258337
602,860	258727
602,987	259668
603,115	259496
603,243	259858
603,371	260200
603,499	260685
603,627	260984
603,754	261136
603,882	261688
604,010	262260
604,138	262676
604,266	262421
604,394	262830
604,521	263306
604,649	263738
604,777	264177
604,905	264380
605,033	265086
605,161	265390
605,288	265433
605,416	265622
605,544	266148
605,672	266614
605,800	266952
605,928	267717
606,056	267800
606,183	267940
606,311	268594
606,439	268910
606,567	269242
606,695	269531
606,823	269613
606,950	269818
607,078	270236
607,206	270812
607,334	271107
607,462	271487
607,590	271786
607,717	272055
607,845	272444
607,973	272834
608,101	272706
608,229	273736
608,357	273427
608,484	273945
608,612	274512
608,740	274733
608,868	274904
608,996	275597
609,124	275353
609,251	276113
609,379	276274
609,507	276251
609,635	276823
609,763	277541
609,891	277661
610,018	277818
610,146	277908
610,274	278623
610,402	278881
610,530	279266
610,658	279746
610,785	280229
610,913	280726
611,041	281346
611,169	280967
611,297	281383
611,425	282060
611,552	282411
611,680	282579
611,808	282893
611,936	283381
612,064	283498
612,192	283830
612,319	284481
612,447	284645
612,575	284642
612,703	284985
612,831	285550
612,959	285797
613,086	285487
613,214	286701
613,342	287060
613,470	287634
613,598	287825
613,726	288145
613,854	288541
613,981	288723
614,109	288876
614,237	289019
614,365	290042
614,493	289974
614,621	289953
614,748	290513
614,876	291127
615,004	291314
615,132	291567
615,260	292009
615,388	292544
615,515	292675
615,643	293192
615,771	293302
615,899	293395
616,027	293903
616,155	294349
616,282	294357
616,410	294634
616,538	295173
616,666	295309
616,794	295395
616,922	295628
617,049	296185
617,177	297070
617,305	297241
617,433	297031
617,561	297788
617,689	297639
617,816	298050
617,944	298586
618,072	298858
618,200	299157
618,328	299498
618,456	300402
618,583	300945
618,711	300742
618,839	300963
618,967	301471
619,095	301946
619,223	302192
619,350	302048
619,478	302337
619,606	302852
619,734	303150
619,862	303255
619,990	303425
620,117	304011
620,245	304759
620,373	304619
620,501	304559
620,629	304649
620,757	305371
620,884	305818
621,012	306063
621,140	306403
621,268	307003
621,396	307613
621,524	307271
621,651	307512
621,779	308183
621,907	308660
622,035	308842
622,163	309054
622,291	309301
622,419	309466
622,546	310321
622,674	309629
622,802	310233
622,930	310554
623,058	310543
623,186	310935
623,313	311440
623,441	311335
623,569	310953
623,697	312372
623,825	312861
623,953	313215
624,080	313683
624,208	313844
624,336	313904
624,464	314096
624,592	314338
624,720	315181
624,847	315405
624,975	316029
625,103	315791
625,231	315989
625,359	316285
625,487	316611
625,614	317128
625,742	316767
625,870	317687
625,998	317600
626,126	317857
626,254	318120
626,381	318421
626,509	318884
626,637	319440
626,765	319654
626,893	318877
627,021	320329
627,148	320526
627,276	320753
627,404	321169
627,532	321719
627,660	322243
627,788	322502
627,915	322203
628,043	322892
628,171	322982
628,299	323197
628,427	323895
628,555	324187
628,682	324194
628,810	324319
628,938	324215
629,066	325329
629,194	325911
629,322	325999
629,449	326653
629,577	326806
629,705	326882
629,833	327387
629,961	327967
630,089	327757
630,217	327792
630,344	328389
630,472	329007
630,600	328968
630,728	329263
630,856	329721
630,984	329942
631,111	330454
631,239	330069
631,367	331234
631,495	331139
631,623	331578
631,751	331724
631,878	331995
632,006	332431
632,134	332425
632,262	331991
632,390	332680
632,518	332675
632,645	333233
632,773	333442
632,901	333905
633,029	334519
633,157	334913
633,285	335131
633,412	335481
633,540	335997
633,668	335424
633,796	336291
633,924	336511
634,052	336326
634,179	336218
634,307	336406
634,435	337093
634,563	337551
634,691	337853
634,819	337770
634,946	337979
635,074	337808
635,202	337918
635,330	338563
635,458	339119
635,586	339444
635,713	340647
635,841	340037
635,969	340255
636,097	340181
636,225	340710
636,353	341207
636,480	341192
636,608	341443
636,736	341750
636,864	342328
636,992	342222
637,120	342962
637,247	343477
637,375	343645
637,503	343933
637,631	344368
637,759	344164
637,887	344111
638,015	343935
638,142	344563
638,270	344794
638,398	345358
638,526	345276
638,654	344983
638,782	345567
638,909	346196
639,037	346686
639,165	347108
639,293	347420
639,421	347628
639,549	347966
639,676	348246
639,804	348377
639,932	348611
640,060	349262
640,188	349312
640,316	350062
640,443	350175
640,571	350911
640,699	350585
640,827	350482
640,955	351417
641,083	352150
641,210	352105
641,338	352645
641,466	352995
641,594	353895
641,722	354214
641,850	354223
641,977	354243
642,105	354636
642,233	355498
642,361	355735
642,489	355719
642,617	356404
642,744	356796
642,872	357530
643,000	357889
643,128	357651
643,256	357601
643,384	358497
643,511	358616
643,639	358174
643,767	358285
643,895	358926
644,023	359788
644,151	359883
644,278	359755
644,406	360059
644,534	360481
644,662	361295
644,790	361863
644,918	362297
645,045	362635
645,173	362872
645,301	363160
645,429	363373
645,557	363516
645,685	363778
645,813	363785
645,940	364300
646,068	364828
646,196	364687
646,324	364475
646,452	364880
646,580	365417
646,707	365680
646,835	366002
646,963	366042
647,091	367090
647,219	366753
647,347	367291
647,474	367481
647,602	367642
647,730	368149
647,858	368717
647,986	368872
648,114	369277
648,241	369563
648,369	370024
648,497	370759
648,625	370945
648,753	371452
648,881	371625
649,008	371590
649,136	372248
649,264	372398
649,392	372937
649,520	373283
649,648	373600
649,775	373682
649,903	373857
650,031	374435
650,159	374969
650,287	374858
650,415	375163
650,542	375683
650,670	375477
650,798	376216
650,926	376017
651,054	376917
651,182	377731
651,309	378068
651,437	378433
651,565	378581
651,693	379977
651,821	379230
651,949	379939
652,076	380288
652,204	381190
652,332	380915
652,460	380625
652,588	381365
652,716	381370
652,843	381803
652,971	382026
653,099	382986
653,227	383203
653,355	383091
653,483	383302
653,611	383973
653,738	384444
653,866	384063
653,994	384063
654,122	385462
654,250	385218
654,378	385869
654,505	386127
654,633	386698
654,761	387450
654,889	387825
655,017	388044
655,145	388272
655,272	387567
655,400	388968
655,528	389511
655,656	389847
655,784	390190
655,912	390175
656,039	390452
656,167	391205
656,295	391406
656,423	391318
656,551	391535
656,679	392186
656,806	392808
656,934	392927
657,062	393310
657,190	393350
657,318	393250
657,446	393785
657,573	393659
657,701	394541
657,829	394350
657,957	394882
658,085	394943
658,213	395328
658,340	395952
658,468	396334
658,596	396471
658,724	396925
658,852	397243
658,980	397485
659,107	398081
659,235	398231
659,363	398288
659,491	398843
659,619	399493
659,747	399616
659,874	399487
660,002	399939
660,130	400154
660,258	400251
660,386	400200
660,514	400883
660,641	401212
660,769	401167
660,897	400942
661,025	400844
661,153	401178
661,281	401940
661,408	402266
661,536	401929
661,664	402285
661,792	402659
661,920	402839
662,048	403328
662,176	403742
662,303	403851
662,431	404484
662,559	404961
662,687	404558
662,815	405251
662,943	405959
663,070	406078
663,198	405964
663,326	406256
663,454	406722
663,582	406961
663,710	407166
663,837	406830
663,965	408407
664,093	407937
664,221	408263
664,349	408723
664,477	408778
664,604	408928
664,732	409013
664,860	408767
664,988	409286
665,116	408574
665,244	409644
665,371	410081
665,499	410630
665,627	410737
665,755	411234
665,883	411671
666,011	411675
666,138	412519
666,266	412936
666,394	413419
666,522	413740
666,650	413781
666,778	413689
666,905	413611
667,033	413912
667,161	414634
667,289	415176
667,417	415838
667,545	415109
667,672	415940
667,800	416357
667,928	416853
668,056	416814
668,184	416803
668,312	416981
668,439	417346
668,567	417695
668,695	417583
668,823	418378
668,951	418587
669,079	418931
669,206	418712
669,334	419146
669,462	419182
669,590	419273
669,718	419667
669,846	420288
669,974	420413
670,101	420331
670,229	421001
670,357	420874
670,485	421543
670,613	421711
670,741	422166
670,868	422761
670,996	423373
671,124	424344
671,252	424714
671,380	424345
671,508	425484
671,635	425668
671,763	425577
671,891	425858
672,019	426471
672,147	426756
672,275	426814
672,402	426479
672,530	426601
672,658	427071
672,786	426822
672,914	426113
673,042	427002
673,169	427236
673,297	427365
673,425	428051
673,553	428920
673,681	429332
673,809	428876
673,936	430315
674,064	430013
674,192	430794
674,320	431237
674,448	431885
674,576	432536
674,703	432889
674,831	433022
674,959	433070
675,087	432883
675,215	433896
675,343	434104
675,470	434232
675,598	434707
675,726	435443
675,854	435938
675,982	436620
676,110	437373
676,237	437597
676,365	437382
676,493	437742
676,621	437520
676,749	437666
676,877	438279
677,004	438414
677,132	438743
677,260	439472
677,388	439987
677,516	440269
677,644	440438
677,772	440785
677,899	441729
678,027	441840
678,155	442298
678,283	442634
678,411	442941
678,539	442992
678,666	443017
678,794	443150
678,922	443195
679,050	443060
679,178	444121
679,306	443841
679,433	444474
679,561	444844
679,689	444731
679,817	444473
679,945	444915
680,073	445594
680,200	445665
680,328	445963
680,456	446514
680,584	446610
680,712	447170
680,840	447373
680,967	447654
681,095	448114
681,223	448947
681,351	449226
681,479	449114
681,607	449531
681,734	450031
681,862	450701
681,990	450840
682,118	450300
682,246	450358
682,374	450529
682,501	450907
682,629	451111
682,757	451237
682,885	451905
683,013	452863
683,141	452832
683,268	453001
683,396	453870
683,524	454406
683,652	453847
683,780	453753
683,908	454077
684,035	454317
684,163	454501
684,291	454914
684,419	455305
684,547	455172
684,675	455384
684,802	455928
684,930	455674
685,058	455774
685,186	455819
685,314	455786
685,442	455819
685,570	455840
685,697	455814
685,825	456757
685,953	456801
686,081	457099
686,209	457573
686,337	457772
686,464	458088
686,592	458738
686,720	459453
686,848	459765
686,976	459673
687,104	459711
687,231	460490
687,359	459893
687,487	460243
687,615	460384
687,743	460319
687,871	460506
687,998	460946
688,126	461174
688,254	461165
688,382	461534
688,510	461643
688,638	461573
688,765	461876
688,893	462417
689,021	463120
689,149	462877
689,277	462767
689,405	463036
689,532	463552
689,660	463869
689,788	464337
689,916	464515
690,044	465068
690,172	465444
690,299	465518
690,427	465369
690,555	465698
690,683	465593
690,811	465713
690,939	465846
691,066	465641
691,194	466081
691,322	466040
691,450	466078
691,578	466115
691,706	466096
691,833	466589
691,961	467126
692,089	467511
692,217	467823
692,345	468163
692,473	468193
692,600	468148
692,728	468125
692,856	467920
692,984	467974
693,112	468491
693,240	468643
693,367	468863
693,495	469349
693,623	469540
693,751	469775
693,879	470418
694,007	470939
694,135	470827
694,262	471521
694,390	471686
694,518	472077
694,646	472279
694,774	472581
694,902	473023
695,029	473637
695,157	474172
695,285	474438
695,413	475025
695,541	474946
695,669	474697
695,796	475400
695,924	475324
696,052	475579
696,180	475516
696,308	475578
696,436	475980
696,563	476054
696,691	476290
696,819	477026
696,947	477174
697,075	478497
697,203	478344
697,330	478709
697,458	478658
697,586	479218
697,714	479581
697,842	479736
697,970	480216
698,097	480566
698,225	481047
698,353	480879
698,481	481594
698,609	481992
698,737	481802
698,864	482232
698,992	482484
699,120	482799
699,248	483000
699,376	482598
699,504	482821
699,631	483504
699,759	483673
699,887	483738
700,015	483775
700,143	484352
700,271	484675
700,398	485366
700,526	486285
700,654	486671
700,782	487344
700,910	487906
701,038	488538
701,165	489228
701,293	489328
701,421	489227
701,549	490274
701,677	489771
701,805	490130
701,933	490113
702,060	489775
702,188	489547
702,316	489877
702,444	489759
702,572	489856
702,700	490505
702,827	490313
702,955	490575
703,083	490805
703,211	491213
703,339	491853
703,467	492614
703,594	492694
703,722	493671
703,850	494182
703,978	494926
704,106	495366
704,234	496008
704,361	496725
704,489	497367
704,617	497675
704,745	498172
704,873	498375
705,001	498486
705,128	498857
705,256	499241
705,384	498919
705,512	498552
705,640	498578
705,768	498569
705,895	498860
706,023	498504
706,151	498903
706,279	498873
706,407	499562
706,535	499898
706,662	500204
706,790	500265
706,918	500333
707,046	500265
707,174	501026
707,302	500586
707,429	501169
707,557	501222
707,685	501496
707,813	501527
707,941	501911
708,069	502148
708,196	502770
708,324	503496
708,452	503819
708,580	504598
708,708	505506
708,836	506413
708,963	507205
709,091	507013
709,219	507763
709,347	508589
709,475	508994
709,603	508985
709,731	509566
709,858	509845
709,986	509982
710,114	510087
710,242	510130
710,370	510409
710,498	510422
710,625	509478
710,753	510196
710,881	509802
711,009	510161
711,137	510202
711,265	510187
711,392	510426
711,520	510554
711,648	510130
711,776	510510
711,904	510761
712,032	510682
712,159	511104
712,287	511024
712,415	511345
712,543	511920
712,671	511679
712,799	512182
712,926	512747
713,054	512967
713,182	513203
713,310	513855
713,438	514422
713,566	515176
713,693	516074
713,821	516348
713,949	516190
714,077	516829
714,205	517364
714,333	517750
714,460	518393
714,588	519278
714,716	519566
714,844	519253
714,972	519986
715,100	519540
715,227	520502
715,355	520594
715,483	520484
715,611	520181
715,739	520179
715,867	520003
715,994	519963
716,122	519799
716,250	520056
716,378	520321
716,506	520174
716,634	520131
716,761	520493
716,889	520568
717,017	520479
717,145	521029
717,273	521536
717,401	522018
717,529	522455
717,656	522659
717,784	522913
717,912	523653
718,040	524361
718,168	524641
718,296	524754
718,423	525519
718,551	525616
718,679	526254
718,807	526586
718,935	526203
719,063	526100
719,190	526752
719,318	527632
719,446	528236
719,574	528576
719,702	528211
719,830	529719
719,957	529271
720,085	529650
720,213	529710
720,341	529955
720,469	529857
720,597	529807
720,724	529890
720,852	529711
720,980	529428
721,108	530099
721,236	528999
721,364	528891
721,491	528773
721,619	528359
721,747	528109
721,875	528504
722,003	528909
722,131	529163
722,258	529066
722,386	528983
722,514	529562
722,642	530629
722,770	531220
722,898	531877
723,025	532817
723,153	533063
723,281	533755
723,409	534130
723,537	534513
723,665	534930
723,792	535693
723,920	536295
724,048	536602
724,176	536703
724,304	536662
724,432	537155
724,559	536935
724,687	536808
724,815	537074
724,943	537230
725,071	536460
725,199	535911
725,326	536330
725,454	537078
725,582	537702
725,710	537928
725,838	538221
725,966	537878
726,094	538165
726,221	538059
726,349	537657
726,477	537424
726,605	537660
726,733	538091
726,861	538708
726,988	539251
727,116	540775
727,244	541246
727,372	542218
727,500	542334
727,628	542490
727,755	542930
727,883	543066
728,011	542595
728,139	542449
728,267	542594
728,395	541961
728,522	541405
728,650	540648
728,778	540192
728,906	539991
729,034	540206
729,162	540571
729,289	541025
729,417	541312
729,545	542171
729,673	543379
729,801	543336
729,929	544419
730,056	545374
730,184	545737
730,312	546121
730,440	547297
730,568	548397
730,696	548869
730,823	548906
730,951	549105
731,079	548365
731,207	548141
731,335	548265
731,463	548373
731,590	548006
731,718	547140
731,846	546806
731,974	546513
732,102	546847
732,230	546109
732,357	545312
732,485	545165
732,613	545630
732,741	545481
732,869	545283
732,997	546417
733,124	547206
733,252	547857
733,380	548666
733,508	549915
733,636	549753
733,764	550536
733,892	551399
734,019	551757
734,147	552096
734,275	552452
734,403	552880
734,531	552964
734,659	553572
734,786	553699
734,914	553932
735,042	554157
735,170	554423
735,298	554545
735,426	554304
735,553	554261
735,681	553863
735,809	554377
735,937	553777
736,065	553644
736,193	553229
736,320	553126
736,448	552637
736,576	552150
736,704	552173
736,832	551739
736,960	551272
737,087	551748
737,215	551609
737,343	551620
737,471	551181
737,599	551330
737,727	551671
737,854	551794
737,982	551904
738,110	552564
738,238	552122
738,366	552269
738,494	552932
738,621	553724
738,749	554222
738,877	554489
739,005	554916
739,133	555882
739,261	557204
739,388	558004
739,516	557924
739,644	558909
739,772	560892
739,900	559532
740,028	559558
740,155	559414
740,283	559110
740,411	559065
740,539	559104
740,667	558937
740,795	559138
740,922	557866
741,050	557277
741,178	557886
741,306	556854
741,434	556777
741,562	556346
741,690	556081
741,817	556400
741,945	556359
742,073	556448
742,201	556224
742,329	556854
742,457	555599
742,584	555763
742,712	555557
742,840	555837
742,968	556421
743,096	556292
743,224	555407
743,351	555245
743,479	555553
743,607	556137
743,735	557407
743,863	557410
743,991	558572
744,118	558834
744,246	559446
744,374	560708
744,502	561286
744,630	561072
744,758	562107
744,885	562820
745,013	563670
745,141	564142
745,269	564030
745,397	564367
745,525	564308
745,652	564178
745,780	564401
745,908	564562
746,036	564562
746,164	563503
746,292	563283
746,419	563532
746,547	562262
746,675	562040
746,803	561936
746,931	561394
747,059	560551
747,186	559957
747,314	559981
747,442	559485
747,570	558463
747,698	558499
747,826	557895
747,953	557933
748,081	557942
748,209	558091
748,337	558365
748,465	558778
748,593	559173
748,720	558819
748,848	559787
748,976	560414
749,104	561643
749,232	562528
749,360	563574
749,487	564738
749,615	565320
749,743	565537
749,871	565823
749,999	565863
750,127	566071
750,255	566912
750,382	566102
750,510	566182
750,638	565447
750,766	564869
750,894	564586
751,022	564095
751,149	563858
751,277	564192
751,405	563526
751,533	561856
751,661	561780
751,789	562657
751,916	562379
752,044	562643
752,172	562123
752,300	561628
752,428	561061
752,556	560635
752,683	560989
752,811	560804
752,939	559661
753,067	559948
753,195	560126
753,323	560727
753,450	560743
753,578	561185
753,706	562190
753,834	563068
753,962	563813
754,090	564727
754,217	564618
754,345	565472
754,473	566485
754,601	567085
754,729	566757
754,857	567592
754,984	567873
755,112	567325
755,240	566730
755,368	566428
755,496	565969
755,624	565149
755,751	564315
755,879	562583
756,007	562366
756,135	562578
756,263	561843
756,391	561336
756,518	560831
756,646	560632
756,774	561218
756,902	561868
757,030	561727
757,158	562098
757,285	562640
757,413	563037
757,541	562861
757,669	563927
757,797	564163
757,925	563801
758,053	564051
758,180	564967
758,308	565382
758,436	564840
758,564	565209
758,692	565899
758,820	567244
758,947	567145
759,075	567945
759,203	568387
759,331	568022
759,459	567894
759,587	568538
759,714	568787
759,842	567682
759,970	567771
760,098	568469
760,226	567708
760,354	567545
760,481	567049
760,609	566917
760,737	566441
760,865	565984
760,993	565528
761,121	564723
761,248	564407
761,376	563380
761,504	563436
761,632	563555
761,760	563568
761,888	563298
762,015	562431
762,143	561857
762,271	561987
762,399	562153
762,527	562027
762,655	562432
762,782	563361
762,910	564588
763,038	565720
763,166	566821
763,294	567808
763,422	568373
763,549	568072
763,677	568160
763,805	568451
763,933	568064
764,061	567400
764,189	567331
764,316	567528
764,444	568471
764,572	568278
764,700	570108
764,828	570914
764,956	570934
765,083	570773
765,211	570391
765,339	569484
765,467	568269
765,595	567405
765,723	566740
765,851	565302
765,978	564421
766,106	563813
766,234	563535
766,362	563043
766,490	562220
766,618	562408
766,745	563556
766,873	564060
767,001	563551
767,129	564010
767,257	564738
767,385	564965
767,512	564792
767,640	565437
767,768	565973
767,896	566698
768,024	567918
768,152	568093
768,279	567928
768,407	568338
768,535	568022
768,663	567633
768,791	568152
768,919	568454
769,046	569002
769,174	568382
769,302	567728
769,430	567849
769,558	567801
769,686	567130
769,813	567181
769,941	567384
770,069	565308
770,197	564996
770,325	564495
770,453	564008
770,580	563518
770,708	561833
770,836	561158
770,964	560172
771,092	559765
771,220	559844
771,347	559737
771,475	559371
771,603	558989
771,731	558995
771,859	559782
771,987	558396
772,114	558841
772,242	558919
772,370	558532
772,498	559210
772,626	559849
772,754	560644
772,881	561669
773,009	562196
773,137	562644
773,265	563179
773,393	563590
773,521	563412
773,649	563080
773,776	563613
773,904	562204
774,032	562488
774,160	561819
774,288	561684
774,416	562303
774,543	561848
774,671	561759
774,799	562075
774,927	560564
775,055	560575
775,183	559095
775,310	559076
775,438	559465
775,566	558229
775,694	556958
775,822	555624
775,950	554724
776,077	554864
776,205	554917
776,333	554430
776,461	554544
776,589	554185
776,717	553118
776,844	554180
776,972	554367
777,100	554656
777,228	555094
777,356	554800
777,484	554307
777,611	553819
777,739	553255
777,867	552902
777,995	553364
778,123	552438
778,251	555524
778,378	554629
778,506	556272
778,634	556544
778,762	557412
778,890	556836
779,018	555951
779,145	556048
779,273	556404
779,401	555849
779,529	553916
779,657	553608
779,785	553657
779,912	552324
780,040	553521
780,168	553338
780,296	554306
780,424	554160
780,552	553546
780,679	553188
780,807	552658
780,935	551794
781,063	550812
781,191	551060
781,319	549549
781,447	549503
781,574	548877
781,702	548674
781,830	548629
781,958	548425
782,086	548166
782,214	547449
782,341	546989
782,469	547447
782,597	547258
782,725	545965
782,853	547451
782,981	547134
783,108	546747
783,236	547309
783,364	547031
783,492	547286
783,620	547453
783,748	548092
783,875	548131
784,003	548129
784,131	548915
784,259	549640
784,387	550377
784,515	550544
784,642	549611
784,770	550102
784,898	550501
785,026	551609
785,154	551649
785,282	550879
785,409	551220
785,537	550953
785,665	549840
785,793	549204
785,921	548979
786,049	548488
786,176	549196
786,304	548851
786,432	548993
786,560	548728
786,688	547156
786,816	546418
786,943	546266
787,071	545136
787,199	544189
787,327	543881
787,455	543606
787,583	543365
787,710	542256
787,838	542189
787,966	542473
788,094	544042
788,222	543288
788,350	542150
788,477	542010
788,605	542248
788,733	541683
788,861	541978
788,989	542581
789,117	541943
789,244	541502
789,372	541367
789,500	542637
789,628	542553
789,756	543168
789,884	543480
790,012	542773
790,139	543286
790,267	543545
790,395	543550
790,523	542956
790,651	542955
790,779	543320
790,906	542922
791,034	542451
791,162	541149
791,290	541217
791,418	541307
791,546	541222
791,673	542060
791,801	541450
791,929	542131
792,057	542173
792,185	541990
792,313	541744
792,440	540036
792,568	538206
792,696	537765
792,824	536223
792,952	537204
793,080	537449
793,207	537689
793,335	536388
793,463	536094
793,591	536210
793,719	535826
793,847	535705
793,974	535753
794,102	534961
794,230	534403
794,358	534324
794,486	534934
794,614	535548
794,741	535539
794,869	535252
794,997	535429
795,125	536097
795,253	535984
795,381	536162
795,508	536124
795,636	535836
795,764	534967
795,892	535244
796,020	536236
796,148	536751
796,275	537500
796,403	537484
796,531	537330
796,659	536819
796,787	536484
796,915	536501
797,042	536624
797,170	536902
797,298	537640
797,426	537309
797,554	537407
797,682	537665
797,810	537711
797,937	537748
798,065	537514
798,193	537979
798,321	537870
798,449	538769
798,577	538623
798,704	537934
798,832	537959
798,960	537765
799,088	537996
799,216	537477
799,344	536892
799,471	536981
799,599	537331
799,727	537167
799,855	536551
799,983	536347
800,111	536233
800,238	536652
800,366	536271
800,494	536087
800,622	535443
800,750	535016
800,878	533723
801,005	534070
801,133	533731
801,261	533107
801,389	533885
801,517	534251
801,645	534521
801,772	534880
801,900	536074
802,028	535105
802,156	535858
802,284	535183
802,412	534622
802,539	535552
802,667	533537
802,795	533798
802,923	534813
803,051	534661
803,179	534123
803,306	533933
803,434	533539
803,562	532991
803,690	533402
803,818	533190
803,946	532105
804,073	531792
804,201	532658
804,329	530922
804,457	530801
804,585	530740
804,713	531065
804,840	531620
804,968	531846
805,096	531456
805,224	530921
805,352	530700
805,480	529811
805,608	530771
805,735	530860
805,863	530580
805,991	529339
806,119	529038
806,247	530127
806,375	529566
806,502	529864
806,630	529423
806,758	529215
806,886	529234
807,014	529039
807,142	528759
807,269	528575
807,397	528426
807,525	528528
807,653	527687
807,781	527638
807,909	527785
808,036	527413
808,164	527995
808,292	527178
808,420	526636
808,548	526335
808,676	526102
808,803	525459
808,931	525085
809,059	525425
809,187	525710
809,315	525124
809,443	524851
809,570	524663
809,698	524984
809,826	523896
809,954	524773
810,082	524453
810,210	524054
810,337	523898
810,465	523728
810,593	523785
810,721	523887
810,849	523674
810,977	523181
811,104	522610
811,232	522532
811,360	522532
811,488	522249
811,616	522588
811,744	521874
811,871	522556
811,999	521869
812,127	521548
812,255	521817
812,383	521613
812,511	521271
812,638	521034
812,766	521328
812,894	521140
813,022	521232
813,150	521090
813,278	520693
813,406	520238
813,533	520480
813,661	520300
813,789	520584
813,917	520458
814,045	520024
814,173	519746
814,300	519647
814,428	519870
814,556	519640
814,684	519900
814,812	519833
814,940	519259
815,067	518853
815,195	518703
815,323	518709
815,451	518541
815,579	518293
815,707	518559
815,834	519312
815,962	518996
816,090	519469
816,218	518206
816,346	518538
816,474	518335
816,601	518419
816,729	519111
816,857	519202
816,985	519327
817,113	519264
817,241	519148
817,368	518935
817,496	518719
817,624	518254
817,752	518308
817,880	518544
818,008	518478
818,135	517825
818,263	517012
818,391	516885
818,519	517303
818,647	517312
818,775	517394
818,902	517091
819,030	517112
819,158	516997
819,286	516715
819,414	516683
819,542	516747
819,669	516296
819,797	516709
819,925	516609
820,053	516314
820,181	516220
820,309	515584
820,436	515845
820,564	516150
820,692	515734
820,820	515717
820,948	515792
821,076	515233
821,203	515548
821,331	515649
821,459	516100
821,587	516082
821,715	516080
821,843	516646
821,971	516444
822,098	515951
822,226	516240
822,354	516180
822,482	516693
822,610	516424
822,738	516938
822,865	517028
822,993	516592
823,121	516313
823,249	516204
823,377	515962
823,505	515340
823,632	515530
823,760	515901
823,888	514605
824,016	514395
824,144	514051
824,272	513300
824,399	513809
824,527	513456
824,655	512986
824,783	512873
824,911	512440
825,039	512246
825,166	512597
825,294	512684
825,422	512413
825,550	512277
825,678	511856
825,806	512510
825,933	512721
826,061	512485
826,189	512737
826,317	513039
826,445	513306
826,573	513308
826,700	513079
826,828	514113
826,956	514318
827,084	514787
827,212	514700
827,340	514679
827,467	515280
827,595	514738
827,723	514573
827,851	514740
827,979	514618
828,107	513812
828,234	513018
828,362	513605
828,490	513650
828,618	512844
828,746	512993
828,874	512987
829,001	513523
829,129	512558
829,257	511943
829,385	511583
829,513	511554
829,641	511820
829,769	511340
829,896	511485
830,024	510567
830,152	510148
830,280	510312
830,408	509778
830,536	509234
830,663	509127
830,791	509067
830,919	508967
831,047	508385
831,175	508493
831,303	507460
831,430	507818
831,558	507530
831,686	507725
831,814	507892
831,942	507704
832,070	507206
832,197	507501
832,325	507678
832,453	507608
832,581	508047
832,709	507947
832,837	508167
832,964	508286
833,092	508578
833,220	508389
833,348	508229
833,476	508104
833,604	508391
833,731	508982
833,859	509094
833,987	509160
834,115	509530
834,243	509889
834,371	510498
834,498	510448
834,626	511367
834,754	511674
834,882	511550
835,010	511542
835,138	512316
835,265	512406
835,393	512093
835,521	512236
835,649	511289
835,777	510796
835,905	511339
836,032	510432
836,160	509549
836,288	509934
836,416	509688
836,544	508741
836,672	509198
836,799	508951
836,927	508651
837,055	508084
837,183	507852
837,311	507182
837,439	506961
837,567	506524
837,694	506907
837,822	506301
837,950	505679
838,078	505556
838,206	505282
838,334	504583
838,461	504236
838,589	504164
838,717	503486
838,845	504025
838,973	504142
839,101	503856
839,228	504426
839,356	504775
839,484	504855
839,612	504803
839,740	505378
839,868	505339
839,995	505679
840,123	506392
840,251	507149
840,379	507674
840,507	506925
840,635	507472
840,762	507836
840,890	508004
841,018	507953
841,146	507601
841,274	507374
841,402	507904
841,529	507985
841,657	508610
841,785	508640
841,913	509717
842,041	509143
842,169	509378
842,296	508816
842,424	508576
842,552	508609
842,680	509311
842,808	509284
842,936	509012
843,063	509083
843,191	509303
843,319	509121
843,447	508319
843,575	509054
843,703	509129
843,830	508349
843,958	508149
844,086	507793
844,214	506815
844,342	506074
844,470	505022
844,597	504208
844,725	503880
844,853	503446
844,981	503383
845,109	502381
845,237	502067
845,365	501740
845,492	501708
845,620	501326
845,748	501371
845,876	500465
846,004	500074
846,132	499792
846,259	499739
846,387	500396
846,515	499984
846,643	499642
846,771	500544
846,899	502116
847,026	503377
847,154	503686
847,282	504042
847,410	506001
847,538	506589
847,666	506154
847,793	505056
847,921	503724
848,049	503451
848,177	505058
848,305	506781
848,433	506852
848,560	508241
848,688	508486
848,816	508196
848,944	507693
849,072	506495
849,200	506050
849,327	505032
849,455	503605
849,583	502771
849,711	502020
849,839	501137
849,967	499847
850,094	498618
850,222	498675
850,350	497393
850,478	496434
850,606	495970
850,734	495630
850,861	495370
850,989	496299
851,117	497159
851,245	497807
851,373	499109
851,501	499659
851,628	500397
851,756	501904
851,884	503072
852,012	503498
852,140	504040
852,268	505286
852,395	506592
852,523	507340
852,651	507749
852,779	508001
852,907	508606
853,035	509123
853,162	509206
853,290	509903
853,418	509397
853,546	509059
853,674	508326
853,802	507747
853,930	507716
854,057	507039
854,185	505005
854,313	503588
854,441	502390
854,569	500632
854,697	499144
854,824	497372
854,952	495934
855,080	494974
855,208	495205
855,336	494502
855,464	493913
855,591	494053
855,719	493768
855,847	493096
855,975	492790
856,103	492630
856,231	492138
856,358	491981
856,486	492255
856,614	492353
856,742	492807
856,870	493215
856,998	493552
857,125	493973
857,253	493796
857,381	496310
857,509	497024
857,637	497832
857,765	498765
857,892	499630
858,020	500547
858,148	501591
858,276	502636
858,404	504034
858,532	505388
858,659	505924
858,787	506535
858,915	508088
859,043	508355
859,171	509959
859,299	510466
859,426	510370
859,554	509974
859,682	510092
859,810	510747
859,938	510987
860,066	510716
860,193	510946
860,321	511032
860,449	511201
860,577	510965
860,705	510469
860,833	509377
860,960	508581
861,088	506724
861,216	505273
861,344	502605
861,472	500575
861,600	499090
861,728	497207
861,855	496135
861,983	495939
862,111	495560
862,239	494770
862,367	493118
862,495	492401
862,622	492110
862,750	491550
862,878	490997
863,006	490841
863,134	491435
863,262	491567
863,389	491441
863,517	491468
863,645	491041
863,773	490659
863,901	491389
864,029	490909
864,156	491746
864,284	491409
864,412	492174
864,540	491763
864,668	492012
864,796	493160
864,923	493882
865,051	494841
865,179	496053
865,307	497733
865,435	499618
865,563	501139
865,690	503055
865,818	504095
865,946	505851
866,074	505887
866,202	507600
866,330	508871
866,457	508980
866,585	509767
866,713	510202
866,841	510162
866,969	510804
867,097	511779
867,224	512559
867,352	513566
867,480	514422
867,608	514439
867,736	514803
867,864	514218
867,991	514586
868,119	514823
868,247	513754
868,375	512759
868,503	511910
868,631	510495
868,758	509384
868,886	508504
869,014	507282
869,142	505807
869,270	504416
869,398	502848
869,526	500957
869,653	499299
869,781	497781
869,909	495724
870,037	493470
870,165	492856
870,293	490667
870,420	489812
870,548	488658
870,676	487921
870,804	487276
870,932	487096
871,060	486998
871,187	486855
871,315	487173
871,443	486863
871,571	488433
871,699	489629
871,827	492379
871,954	494885
872,082	496122
872,210	495807
872,338	495947
872,466	495761
872,594	496374
872,721	498036
872,849	499120
872,977	500009
873,105	501305
873,233	501898
873,361	501890
873,488	502268
873,616	503473
873,744	505354
873,872	506378
874,000	507981
874,128	509266
874,255	510078
874,383	511141
874,511	511285
874,639	511346
874,767	511219
874,895	510020
875,022	509172
875,150	508670
875,278	506609
875,406	504909
875,534	503523
875,662	501498
875,789	498099
875,917	497384
876,045	493879
876,173	491180
876,301	488157
876,429	484652
876,556	483126
876,684	481997
876,812	480663
876,940	479640
877,068	478893
877,196	478593
877,323	478829
877,451	478984
877,579	480511
877,707	481465
877,835	484023
877,963	485566
878,091	488180
878,218	489772
878,346	491197
878,474	491785
878,602	491399
878,730	491575
878,858	491480
878,985	491767
879,113	493194
879,241	493845
879,369	493128
879,497	493608
879,625	494248
879,752	494856
879,880	495739
880,008	496993
880,136	497804
880,264	500495
880,392	500820
880,519	502162
880,647	503468
880,775	503419
880,903	505084
881,031	506300
881,159	505770
881,286	504810
881,414	504389
881,542	504459
881,670	503394
881,798	501058
881,926	498529
882,053	496204
882,181	494176
882,309	495552
882,437	496133
882,565	496295
882,693	495366
882,820	493542
882,948	491830
883,076	489959
883,204	486575
883,332	482548
883,460	479017
883,587	475931
883,715	473691
883,843	472783
883,971	473757
884,099	474313
884,227	475307
884,354	476279
884,482	477199
884,610	480542
884,738	482541
884,866	483558
884,994	485083
885,121	483914
885,249	480968
885,377	477823
885,505	475584
885,633	474205
885,761	474430
885,889	476485
886,016	477562
886,144	479632
886,272	482463
886,400	487775
886,528	491061
886,656	495495
886,783	496911
886,911	498842
887,039	498467
887,167	498680
887,295	498660
887,423	498726
887,550	498298
887,678	497300
887,806	496044
887,934	494481
888,062	492854
888,190	492159
888,317	492298
888,445	491121
888,573	488808
888,701	486630
888,829	484178
888,957	483115
889,084	480806
889,212	478763
889,340	477778
889,468	475979
889,596	473863
889,724	471273
889,851	469978
889,979	469624
890,107	468641
890,235	466813
890,363	465601
890,491	464835
890,618	462040
890,746	460718
890,874	460629
891,002	460301
891,130	459770
891,258	460204
891,385	460747
891,513	461839
891,641	462006
891,769	461048
891,897	460856
892,025	461763
892,152	461572
892,280	461744
892,408	463132
892,536	465284
892,664	467438
892,792	468929
892,919	470988
893,047	473765
893,175	479751
893,303	481620
893,431	483054
893,559	486455
893,687	488074
893,814	489531
893,942	489131
894,070	489747
894,198	490088
894,326	488878
894,454	487839
894,581	487694
894,709	487861
894,837	488565
894,965	489025
895,093	488881
895,221	489024
895,348	487713
895,476	485767
895,604	484034
895,732	482908
895,860	482217
895,988	480648
896,115	475015
896,243	469563
896,371	462699
896,499	457026
896,627	454424
896,755	453157
896,882	452746
897,010	453136
897,138	452439
897,266	451034
897,394	450273
897,522	449649
897,649	449057
897,777	449267
897,905	449294
898,033	450404
898,161	450799
898,289	449495
898,416	449128
898,544	448854
898,672	450262
898,800	451912
898,928	455664
899,056	459000
899,183	460847
899,311	463693
899,439	467173
899,567	470637
899,695	473760
899,823	476303
899,950	478590
900,078	479637
900,206	479288
900,334	477920
900,462	475815
900,590	474461
900,717	473788
900,845	475307
900,973	477042
901,101	478373
901,229	478811
901,357	481930
901,485	483452
901,612	485271
901,740	485581
901,868	486669
901,996	487439
902,124	487067
902,252	486896
902,379	486876
902,507	487072
902,635	487934
902,763	489561
902,891	489383
903,019	487633
903,146	486646
903,274	486280
903,402	485394
903,530	483426
903,658	480343
903,786	477784
903,913	477352
904,041	477699
904,169	473203
904,297	465097
904,425	456429
904,553	446828
904,680	440841
904,808	438408
904,936	438159
905,064	438379
905,192	438649
905,320	439301
905,447	439606
905,575	438757
905,703	436299
905,831	434342
905,959	433907
906,087	433710
906,214	433422
906,342	433073
906,470	433594
906,598	434196
906,726	435546
906,854	437863
906,981	438510
907,109	441094
907,237	444934
907,365	451481
907,493	456386
907,621	460315
907,748	463664
907,876	466718
908,004	466834
908,132	462679
908,260	456795
908,388	450751
908,515	446139
908,643	446222
908,771	449281
908,899	453692
909,027	457196
909,155	461075
909,283	464552
909,410	465898
909,538	469778
909,666	473095
909,794	476149
909,922	475676
910,050	476241
910,177	476675
910,305	476071
910,433	476098
910,561	475399
910,689	470817
910,817	464346
910,944	457865
911,072	453112
911,200	449990
911,328	449647
911,456	454951
911,584	461242
911,711	464103
911,839	464966
911,967	463497
912,095	458684
912,223	452001
912,351	446314
912,478	438394
912,606	434035
912,734	431982
912,862	430252
912,990	428084
913,118	425220
913,245	421966
913,373	417836
913,501	416295
913,629	415393
913,757	414168
913,885	414263
914,012	414401
914,140	414767
914,268	414956
914,396	414611
914,524	415081
914,652	413444
914,779	413013
914,907	413829
915,035	413464
915,163	413008
915,291	414411
915,419	416417
915,546	415620
915,674	416097
915,802	414712
915,930	414849
916,058	414406
916,186	415282
916,313	414795
916,441	415008
916,569	415189
916,697	416793
916,825	417336
916,953	417604
917,080	419704
917,208	422187
917,336	425616
917,464	428673
917,592	430395
917,720	432390
917,848	431401
917,975	428257
918,103	424743
918,231	421686
918,359	420360
918,487	419956
918,615	419706
918,742	422702
918,870	423931
918,998	424338
919,126	425998
919,254	425945
919,382	424512
919,509	422769
919,637	420853
919,765	420308
919,893	420205
920,021	420243
920,149	422843
920,276	424974
920,404	426546
920,532	429243
920,660	430472
920,788	429751
920,916	428683
921,043	426778
921,171	422417
921,299	416704
921,427	413334
921,555	412080
921,683	415924
921,810	420256
921,938	424779
922,066	428137
922,194	426189
922,322	423026
922,450	417094
922,577	414551
922,705	415406
922,833	417814
922,961	418668
923,089	420307
923,217	420962
923,344	421032
923,472	421408
923,600	422992
923,728	424156
923,856	425375
923,984	426636
924,111	427942
924,239	428769
924,367	427854
924,495	426226
924,623	424602
924,751	423777
924,878	423020
925,006	424249
925,134	424460
925,262	424553
925,390	422342
925,518	420509
925,646	418706
925,773	415495
925,901	409757
926,029	403231
926,157	395622
926,285	388476
926,413	383698
926,540	381069
926,668	379656
926,796	379820
926,924	380800
927,052	381665
927,180	378396
927,307	374276
927,435	371122
927,563	368226
927,691	366918
927,819	367346
927,947	368238
928,074	369613
928,202	370956
928,330	373489
928,458	376202
928,586	378031
928,714	378464
928,841	378062
928,969	378223
929,097	377121
929,225	376512
929,353	375594
929,481	375648
929,608	378927
929,736	382862
929,864	384457
929,992	384845
930,120	384110
930,248	384108
930,375	385975
930,503	388440
930,631	390536
930,759	391369
930,887	391629
931,015	392072
931,142	392180
931,270	392102
931,398	392460
931,526	392176
931,654	392390
931,782	393145
931,909	393694
932,037	393378
932,165	393007
932,293	393069
932,421	392649
932,549	392425
932,676	392515
932,804	392382
932,932	391752
933,060	391318
933,188	390603
933,316	391440
933,444	392926
933,571	394043
933,699	394747
933,827	394930
933,955	394362
934,083	394953
934,211	393765
934,338	392611
934,466	391213
934,594	389830
934,722	388175
934,850	386475
934,978	383474
935,105	381529
935,233	378948
935,361	376637
935,489	374928
935,617	372237
935,745	369230
935,872	365273
936,000	361760
936,128	358850
936,256	355893
936,384	353028
936,512	350506
936,639	348906
936,767	348568
936,895	349238
937,023	350971
937,151	352639
937,279	355687
937,406	358536
937,534	361493
937,662	363328
937,790	364678
937,918	365922
938,046	366858
938,173	368989
938,301	371853
938,429	373910
938,557	375352
938,685	376964
938,813	380080
938,940	383530
939,068	386244
939,196	389615
939,324	391652
939,452	392915
939,580	393845
939,707	395031
939,835	396226
939,963	397414
940,091	397624
940,219	397117
940,347	396414
940,474	395089
940,602	393237
940,730	390961
940,858	388786
940,986	387596
941,114	384919
941,241	381892
941,369	378586
941,497	373896
941,625	369159
941,753	364367
941,881	359879
942,009	355286
942,136	350894
942,264	346394
942,392	343003
942,520	339747
942,648	336787
942,776	333668
942,903	331165
943,031	330318
943,159	329739
943,287	328971
943,415	329620
943,543	331098
943,670	332506
943,798	333891
943,926	335125
944,054	335374
944,182	335826
944,310	336254
944,437	336498
944,565	336219
944,693	337080
944,821	337143
944,949	336822
945,077	336654
945,204	336434
945,332	336944
945,460	338660
945,588	341088
945,716	343488
945,844	346030
945,971	349677
946,099	353477
946,227	358579
946,355	363445
946,483	366863
946,611	369530
946,738	371632
946,866	373309
946,994	375241
947,122	377418
947,250	379250
947,378	381467
947,505	384374
947,633	386247
947,761	386859
947,889	387774
948,017	388804
948,145	389581
948,272	389515
948,400	390102
948,528	390398
948,656	389796
948,784	389421
948,912	388681
949,039	387695
949,167	387248
949,295	387343
949,423	387162
949,551	387197
949,679	387252
949,807	387202
949,934	386261
950,062	383784
950,190	380949
950,318	378763
950,446	376908
950,574	377010
950,701	375249
950,829	373468
950,957	371323
951,085	368052
951,213	364143
951,341	360245
951,468	356933
951,596	353587
951,724	351144
951,852	349393
951,980	348389
952,108	346561
952,235	344034
952,363	341140
952,491	338004
952,619	334725
952,747	331204
952,875	328326
953,002	325916
953,130	323228
953,258	320030
953,386	316824
953,514	314400
953,642	312813
953,769	311903
953,897	311539
954,025	311629
954,153	312853
954,281	313800
954,409	314687
954,536	317298
954,664	319630
954,792	321852
954,920	323557
955,048	325422
955,176	327662
955,303	330864
955,431	334307
955,559	337749
955,687	340450
955,815	342018
955,943	342181
956,070	341386
956,198	340259
956,326	338887
956,454	338245
956,582	339108
956,710	341198
956,837	343182
956,965	344656
957,093	346130
957,221	346175
957,349	347176
957,477	347690
957,605	348618
957,732	349473
957,860	351055
957,988	352042
958,116	351889
958,244	352825
958,372	353521
958,499	353358
958,627	353711
958,755	354356
958,883	355054
959,011	355425
959,139	355186
959,266	353753
959,394	352092
959,522	351878
959,650	350917
959,778	349652
959,906	347716
960,033	345093
960,161	342101
960,289	339077
960,417	336654
960,545	334099
960,673	331672
960,800	329306
960,928	326136
961,056	322188
961,184	318191
961,312	314434
961,440	309708
961,567	304649
961,695	300512
961,823	297673
961,951	297783
962,079	296861
962,207	295677
962,334	296777
962,462	299162
962,590	301023
962,718	302783
962,846	305152
962,974	303598
963,101	297736
963,229	292989
963,357	290909
963,485	290832
963,613	292056
963,741	294033
963,868	297346
963,996	301145
964,124	304599
964,252	308141
964,380	312041
964,508	315828
964,635	319152
964,763	321707
964,891	324568
965,019	326735
965,147	329696
965,275	332984
965,403	334980
965,530	336178
965,658	337630
965,786	337528
965,914	336114
966,042	333883
966,170	331347
966,297	329044
966,425	326354
966,553	322794
966,681	318611
966,809	314724
966,937	311477
967,064	308085
967,192	303658
967,320	299802
967,448	296541
967,576	293415
967,704	290271
967,831	285029
967,959	280650
968,087	277574
968,215	274048
968,343	272104
968,471	270967
968,598	270313
968,726	269898
968,854	269772
968,982	269542
969,110	269617
969,238	270716
969,365	272040
969,493	274624
969,621	277961
969,749	282051
969,877	285370
970,005	286679
970,132	286826
970,260	286355
970,388	287444
970,516	289591
970,644	291720
970,772	292862
970,899	294406
971,027	295298
971,155	297121
971,283	297996
971,411	298998
971,539	299683
971,666	300692
971,794	302388
971,922	304518
972,050	307026
972,178	309616
972,306	311017
972,433	311443
972,561	312346
972,689	313309
972,817	314230
972,945	315456
973,073	317252
973,201	317002
973,328	316366
973,456	315459
973,584	312957
973,712	311208
973,840	309519
973,968	308445
974,095	306593
974,223	306213
974,351	306875
974,479	308075
974,607	307208
974,735	305810
974,862	304121
974,990	301609
975,118	299201
975,246	296142
975,374	292543
975,502	288523
975,629	282627
975,757	276625
975,885	269673
976,013	263856
976,141	257915
976,269	253305
976,396	250892
976,524	248217
976,652	246440
976,780	244587
976,908	242153
977,036	239957
977,163	238097
977,291	236471
977,419	235299
977,547	234534
977,675	233796
977,803	233432
977,930	233374
978,058	233093
978,186	233217
978,314	233777
978,442	233848
978,570	233877
978,697	233374
978,825	232855
978,953	231819
979,081	229749
979,209	228813
979,337	227919
979,464	228338
979,592	229154
979,720	229901
979,848	231992
979,976	233759
980,104	235424
980,231	237384
980,359	239704
980,487	240195
980,615	241327
980,743	242311
980,871	242217
980,998	241955
981,126	241532
981,254	241421
981,382	242463
981,510	244345
981,638	246821
981,766	249873
981,893	252965
982,021	254745
982,149	255195
982,277	256844
982,405	257483
982,533	257629
982,660	258236
982,788	260084
982,916	260113
983,044	260398
983,172	260246
983,300	262599
983,427	263389
983,555	264180
983,683	264110
983,811	263197
983,939	262822
984,067	261849
984,194	260363
984,322	259577
984,450	258586
984,578	256907
984,706	254708
984,834	252264
984,961	249458
985,089	246974
985,217	244788
985,345	241234
985,473	237479
985,601	234522
985,728	230259
985,856	225251
985,984	220048
986,112	213959
986,240	208835
986,368	206061
986,495	203734
986,623	202026
986,751	200780
986,879	199072
987,007	197487
987,135	195157
987,262	193398
987,390	192365
987,518	191641
987,646	190719
987,774	188864
987,902	187722
988,029	186534
988,157	184850
988,285	183591
988,413	182828
988,541	181812
988,669	180764
988,796	180432
988,924	180833
989,052	181533
989,180	182159
989,308	182592
989,436	183307
989,564	184872
989,691	186559
989,819	188247
989,947	190501
990,075	192870
990,203	195872
990,331	199008
990,458	203134
990,586	207316
990,714	208982
990,842	211678
990,970	214010
991,098	215089
991,225	215767
991,353	215218
991,481	215022
991,609	214561
991,737	213373
991,865	212791
991,992	211526
992,120	209102
992,248	207478
992,376	206262
992,504	205007
992,632	204948
992,759	204871
992,887	204266
993,015	203567
993,143	202295
993,271	201817
993,399	201575
993,526	200970
993,654	200456
993,782	198883
993,910	196952
994,038	193273
994,166	190190
994,293	184952
994,421	180330
994,549	176147
994,677	171726
994,805	167820
994,933	164752
995,060	161599
995,188	158463
995,316	156147
995,444	153943
995,572	151555
995,700	148923
995,827	147140
995,955	144810
996,083	143096
996,211	142447
996,339	142307
996,467	141755
996,594	140992
996,722	140107
996,850	139227
996,978	138332
997,106	137292
997,234	136425
997,362	136145
997,489	136754
997,617	138270
997,745	140554
997,873	143325
998,001	145634
998,129	147128
998,256	148980
998,384	152056
998,512	154605
998,640	157396
998,768	158334
998,896	158062
999,023	154995
999,151	151508
999,279	146499
999,407	143239
999,535	141255
999,663	141454
999,790	142368
999,918	143547
1000,046	145989
1000,174	148063
1000,302	150283
1000,430	153107
1000,557	153955
1000,685	154363
1000,813	154186
1000,941	153407
1001,069	152121
1001,197	150801
1001,324	149164
1001,452	147462
1001,580	144891
1001,708	142640
1001,836	140940
1001,964	139224
1002,091	137735
1002,219	136319
1002,347	134275
1002,475	131895
1002,603	129784
1002,731	127592
1002,858	125217
1002,986	122787
1003,114	120917
1003,242	118846
1003,370	117021
1003,498	115586
1003,625	113838
1003,753	112888
1003,881	110903
1004,009	108641
1004,137	107095
1004,265	104996
1004,392	103574
1004,520	101774
1004,648	99971,7
1004,776	98728
1004,904	97227,3
1005,032	96034,5
1005,160	94976,4
1005,287	93902,8
1005,415	92983,9
1005,543	92194,8
1005,671	91591,5
1005,799	90950,4
1005,927	90576,8
1006,054	89954,2
1006,182	89367,8
1006,310	88815,5
1006,438	88414,9
1006,566	88347,3
1006,694	88725,3
1006,821	89137,7
1006,949	89737,7
1007,077	90247,4
1007,205	90630,1
1007,333	91063,1
1007,461	91700,5
1007,588	92741,2
1007,716	93808,2
1007,844	94809,6
1007,972	96065,4
1008,100	96474,2
1008,228	96065,5
1008,355	95350,4
1008,483	94100,7
1008,611	92972
1008,739	92067,6
1008,867	91722
1008,995	91723,9
1009,122	91569,6
1009,250	91157,6
1009,378	90457
1009,506	90153,1
1009,634	90540,2
1009,762	90390,4
1009,889	89671,8
1010,017	88013,6
1010,145	87198,3
1010,273	87319
1010,401	86830,4
1010,529	86289,3
1010,656	84698,4
1010,784	83250,5
1010,912	81246,6
1011,040	79803,5
1011,168	79753,8
1011,296	79938,5
1011,423	79920,7
1011,551	80344,2
1011,679	79329,8
1011,807	77599,1
1011,935	75422,3
1012,063	72768,8
1012,190	69735,7
1012,318	66656,1
1012,446	64254,9
1012,574	62340,1
1012,702	60956,3
1012,830	59527,4
1012,957	58095,7
1013,085	56951,3
1013,213	56187,1
1013,341	55449,1
1013,469	54864,1
1013,597	54696,2
1013,725	54743,7
1013,852	54860,2
1013,980	54691,3
1014,108	54413
1014,236	53990,6
1014,364	53454,5
1014,492	53066,3
1014,619	52741,1
1014,747	52270,6
1014,875	51809,4
1015,003	51339,4
1015,131	50994,3
1015,259	50852,7
1015,386	50434,4
1015,514	49928,4
1015,642	49453,9
1015,770	49154,8
1015,898	48855,9
1016,026	48349,7
1016,153	47912,8
1016,281	47587,9
1016,409	47211
1016,537	46828,1
1016,665	46527,1
1016,793	46497,1
1016,920	46242,7
1017,048	46109
1017,176	45774,6
1017,304	45134,9
1017,432	45197,8
1017,560	45510,8
1017,687	46994,3
1017,815	48853,8
1017,943	49710
1018,071	49334,1
1018,199	48198,2
1018,327	47018,4
1018,454	45967,3
1018,582	45120,3
1018,710	44980,1
1018,838	45177,3
1018,966	45279
1019,094	45605,3
1019,221	44963,2
1019,349	44274,6
1019,477	43345,8
1019,605	42924,9
1019,733	42569,7
1019,861	42301,7
1019,988	42195,3
1020,116	41869,4
1020,244	41921,6
1020,372	41407,2
1020,500	41095,7
1020,628	40176,9
1020,755	39488
1020,883	38798,5
1021,011	38044,2
1021,139	37685,3
1021,267	37714,5
1021,395	38024,8
1021,523	37770,8
1021,650	37257,1
1021,778	36808,2
1021,906	36305
1022,034	35952,7
1022,162	35639,2
1022,290	35340,9
1022,417	34670,6
1022,545	33870,5
1022,673	33091,9
1022,801	32190
1022,929	31077,7
1023,057	30317,5
1023,184	29867,6
1023,312	29728,8
1023,440	29549,4
1023,568	29160,7
1023,696	28447,6
1023,824	27430,5
1023,951	26514
1024,079	26047,1
1024,207	25725,9
1024,335	25535,2
1024,463	25640,8
1024,591	25813,1
1024,718	26096,2
1024,846	26205,7
1024,974	25902,5
1025,102	25220,4
1025,230	24417,4
1025,358	23845,6
1025,485	23374,6
1025,613	23005,8
1025,741	22761,5
1025,869	22529,4
1025,997	22259
1026,125	22076,9
1026,252	21965,8
1026,380	21853,3
1026,508	21749,3
1026,636	21634,7
1026,764	21408,9
1026,892	21147
1027,019	20934,9
1027,147	20692,6
1027,275	20525,5
1027,403	20352,1
1027,531	20130,1
1027,659	19951,4
1027,786	19824,3
1027,914	19614,2
1028,042	19264,9
1028,170	18941,2
1028,298	18726,1
1028,426	18585
1028,553	18370,2
1028,681	18148,9
1028,809	17989,9
1028,937	17826,6
1029,065	17532,1
1029,193	17270,5
1029,321	17029,4
1029,448	16784,7
1029,576	16597
1029,704	16357,3
1029,832	16273,6
1029,960	16284,9
1030,088	16208,3
1030,215	16214,8
1030,343	16114,9
1030,471	16035,5
1030,599	15839,3
1030,727	15565,2
1030,855	15164,1
1030,982	14830,2
1031,110	14673,1
1031,238	14413,8
1031,366	14318,1
1031,494	14282,5
1031,622	14142,8
1031,749	14187,6
1031,877	14053
1032,005	13891
1032,133	13735,4
1032,261	13562,9
1032,389	13403,8
1032,516	13238,5
1032,644	13140,6
1032,772	13023,2
1032,900	13053,1
1033,028	13036
1033,156	12988,7
1033,283	13008,8
1033,411	12845,6
1033,539	12598,8
1033,667	12413,2
1033,795	12226,9
1033,923	11857,8
1034,050	11549,5
1034,178	11418,1
1034,306	11361,2
1034,434	11317
1034,562	11270,9
1034,690	11275,9
1034,817	11116,7
1034,945	10926,7
1035,073	10739,9
1035,201	10596,7
1035,329	10520,4
1035,457	10478,4
1035,584	10346,9
1035,712	10304,5
1035,840	10287,5
1035,968	10137,1
1036,096	10073,3
1036,224	10011,2
1036,351	9941,89
1036,479	9917,49
1036,607	9876,42
1036,735	9898,88
1036,863	9904,94
1036,991	9877,79
1037,119	9844,04
1037,246	9763,14
1037,374	9679,67
1037,502	9607,29
1037,630	9554,92
1037,758	9461,29
1037,886	9442,46
1038,013	9309,58
1038,141	9290,39
1038,269	9225,92
1038,397	9176,12
1038,525	9079,24
1038,653	8990,41
1038,780	8862,92
1038,908	8812,13
1039,036	8794,21
1039,164	8700,25
1039,292	8669,28
1039,420	8667,88
1039,547	8580,6
1039,675	8511,84
1039,803	8430,22
1039,931	8328,95
1040,059	8241,89
1040,187	8142,17
1040,314	8068,07
1040,442	8046,36
1040,570	7995,83
1040,698	7940,97
1040,826	7886,18
1040,954	7834,31
1041,081	7802,94
1041,209	7801,38
1041,337	7781,26
1041,465	7748,85
1041,593	7717,42
1041,721	7690,89
1041,848	7633,4
1041,976	7576,05
1042,104	7581,67
1042,232	7541,68
1042,360	7511,15
1042,488	7515,11
1042,615	7489,05
1042,743	7466,29
1042,871	7436,37
1042,999	7436,25
1043,127	7424,57
1043,255	7399,19
1043,382	7377,62
1043,510	7366,9
1043,638	7370,2
1043,766	7344,02
1043,894	7332,11
1044,022	7330,06
1044,149	7320,54
1044,277	7319,8
1044,405	7270,38
1044,533	7263,64
1044,661	7251
1044,789	7256,05
1044,916	7239,51
1045,044	7234,49
1045,172	7243,41
1045,300	7235,35
1045,428	7207,49
1045,556	7203,85
1045,684	7181,58
1045,811	7156,23
1045,939	7155,82
1046,067	7157
1046,195	7168,98
1046,323	7169,03
1046,451	7174,93
1046,578	7142,71
1046,706	7134,58
1046,834	7133,17
1046,962	7145,44
1047,090	7138,71
1047,218	7148,16
1047,345	7136,45
1047,473	7113,78
1047,601	7102,98
1047,729	7100,41
1047,857	7106,68
1047,985	7103,47
1048,112	7084,07
1048,240	7080,71
1048,368	7073,64
1048,496	7057,85
1048,624	7065,03
1048,752	7063,95
1048,879	7063,42
1049,007	7068,02
1049,135	7024,71
1049,263	7029,83
1049,391	7043,75
1049,519	7026,18
1049,646	6995,95
1049,774	6973,6
1049,902	6977,66
1050,030	6975,73
1050,158	6980,32
1050,286	6977,38
1050,413	6961,29
1050,541	6948,7
1050,669	6949,15
1050,797	6936,75
1050,925	6942,12
1051,053	6929,31
1051,180	6919,74
1051,308	6926,06
1051,436	6914,14
1051,564	6898,03
1051,692	6910,21
1051,820	6912,52
1051,947	6904,31
1052,075	6886,78
1052,203	6867,39
1052,331	6888,31
1052,459	6903,51
1052,587	6897,65
1052,714	6893,87
1052,842	6896,35
1052,970	6887,82
1053,098	6876,39
1053,226	6872,14
1053,354	6863,02
1053,482	6861,04
1053,609	6854,67
1053,737	6847,52
1053,865	6846,47
1053,993	6843,58
1054,121	6836,1
1054,249	6850,82
1054,376	6839,68
1054,504	6818,1
1054,632	6831,2
1054,760	6841,02
1054,888	6847,71
1055,016	6841,98
1055,143	6846,08
1055,271	6849,83
1055,399	6841,49
1055,527	6842,77
1055,655	6840,64
1055,783	6830,83
1055,910	6832,95
1056,038	6812,61
1056,166	6810,2
1056,294	6819,28
1056,422	6824,83
1056,550	6825,28
1056,677	6832,93
1056,805	6823,91
1056,933	6828,92
1057,061	6803,78
1057,189	6817,87
1057,317	6808,14
1057,444	6828
1057,572	6811,35
1057,700	6793,3
1057,828	6808,32
1057,956	6813,98
1058,084	6789,1
1058,211	6784,16
1058,339	6788,74
1058,467	6802,26
1058,595	6819,25
1058,723	6795,79
1058,851	6793,08
1058,978	6793,79
1059,106	6801,38
1059,234	6815,34
1059,362	6807,96
1059,490	6807,01
1059,618	6800,37
1059,745	6792,19
1059,873	6792,01
1060,001	6799,85
1060,129	6801,75
1060,257	6801,97
1060,385	6807,37
1060,512	6797,69
1060,640	6806,15
1060,768	6806,62
1060,896	6804,49
1061,024	6806,19
1061,152	6790,24
1061,280	6798,47
1061,407	6815,14
1061,535	6798,5
1061,663	6785,48
1061,791	6781,96
1061,919	6786,41
1062,047	6799,2
1062,174	6797,5
1062,302	6800,77
1062,430	6786,59
1062,558	6798,3
1062,686	6812,8
1062,814	6787,85
1062,941	6792,79
1063,069	6793,29
1063,197	6795,41
1063,325	6807,78
1063,453	6802,56
1063,581	6787,48
1063,708	6794,12
1063,836	6803,82
1063,964	6790,86
1064,092	6779,18
1064,220	6819,39
1064,348	6785,73
1064,475	6769,13
1064,603	6782,32
1064,731	6789,21
1064,859	6782,07
1064,987	6797,19
1065,115	6800,59
1065,242	6796,68
1065,370	6783,56
1065,498	6786,68
1065,626	6793,93
1065,754	6803,75
1065,882	6795,61
1066,009	6786,86
1066,137	6782,55
1066,265	6795,16
1066,393	6793,36
1066,521	6774,87
1066,649	6775,36
1066,776	6792,25
1066,904	6803,37
1067,032	6793,86
1067,160	6794,64
1067,288	6783,26
1067,416	6788,63
1067,543	6796,95
1067,671	6809,75
1067,799	6809,14
1067,927	6795,3
1068,055	6789,42
1068,183	6802,53
1068,310	6776,71
1068,438	6780,5
1068,566	6792,23
1068,694	6817
1068,822	6768,04
1068,950	6824,94
1069,077	6792,86
1069,205	6791,5
1069,333	6798,29
1069,461	6770,13
1069,589	6786,29
1069,717	6782,14
1069,845	6797,5
1069,972	6816,94
1070,100	6796,43
1070,228	6797,3
1070,356	6809,51
1070,484	6783,17
1070,612	6795,87
1070,739	6782,73
1070,867	6798,85
1070,995	6815,89
1071,123	6812,67
1071,251	6805,27
1071,379	6788,54
1071,506	6802,19
1071,634	6791,31
1071,762	6792,78
1071,890	6794,78
1072,018	6805,8
1072,146	6799,33
1072,273	6794,11
1072,401	6793,93
1072,529	6795,43
1072,657	6798,38
1072,785	6797,13
1072,913	6792,12
1073,040	6784,51
1073,168	6789,02
1073,296	6797,32
1073,424	6795,43
1073,552	6790,35
1073,680	6792,51
1073,807	6789,45
1073,935	6795,01
1074,063	6801,77
1074,191	6811,84
1074,319	6805,48
1074,447	6798,24
1074,574	6802,13
1074,702	6825,68
1074,830	6822,29
1074,958	6805,84
1075,086	6797,86
1075,214	6807,72
1075,341	6805,93
1075,469	6803,97
1075,597	6771,51
1075,725	6775,33
1075,853	6813,15
1075,981	6794,38
1076,108	6799,28
1076,236	6797,97
1076,364	6787,8
1076,492	6800,76
1076,620	6797,36
1076,748	6806,64
1076,875	6802,74
1077,003	6794,44
1077,131	6806,06
1077,259	6805,96
1077,387	6784,55
1077,515	6765,78
1077,643	6805,21
1077,770	6800,83
1077,898	6810,84
1078,026	6809,52
1078,154	6802,66
1078,282	6815,52
1078,410	6763,93
1078,537	6784,91
1078,665	6794,75
1078,793	6806,69
1078,921	6811,36
1079,049	6830,05
1079,177	6800,97
1079,304	6792,08
1079,432	6799,64
1079,560	6804,65
1079,688	6805,79
1079,816	6810,89
1079,944	6804,47
1080,071	6799,27
1080,199	6817,96
1080,327	6795,45
1080,455	6797,74
1080,583	6816,87
1080,711	6804,7
1080,838	6803,93
1080,966	6814,61
1081,094	6803,73
1081,222	6789,88
1081,350	6799,6
1081,478	6805,7
1081,605	6798,03
1081,733	6789,08
1081,861	6793,64
1081,989	6802,08
1082,117	6814,06
1082,245	6824,67
1082,372	6831,63
1082,500	6820,57
1082,628	6816,79
1082,756	6832,89
1082,884	6814,04
1083,012	6801,94
1083,139	6818,96
1083,267	6827,06
1083,395	6816,54
1083,523	6810,8
1083,651	6806,63
1083,779	6817,61
1083,906	6823,43
1084,034	6806,45
1084,162	6799,77
1084,290	6805,55
1084,418	6811,82
1084,546	6817,54
1084,673	6834,33
1084,801	6828,08
1084,929	6817,39
1085,057	6820,43
1085,185	6812,98
1085,313	6829,79
1085,441	6812,15
1085,568	6829,34
1085,696	6814,48
1085,824	6830,82
1085,952	6816,37
1086,080	6802,72
1086,208	6807,47
1086,335	6846,35
1086,463	6838,47
1086,591	6822,64
1086,719	6815,66
1086,847	6809,71
1086,975	6824,46
1087,102	6828,75
1087,230	6837,6
1087,358	6848,62
1087,486	6835,87
1087,614	6849,14
1087,742	6832,19
1087,869	6804,69
1087,997	6821,53
1088,125	6834,79
1088,253	6845,39
1088,381	6841,92
1088,509	6854,85
1088,636	6846,58
1088,764	6799,45
1088,892	6837,96
1089,020	6827,46
1089,148	6828,84
1089,276	6853,06
1089,403	6823,03
1089,531	6812,44
1089,659	6842,6
1089,787	6831,46
1089,915	6832,56
1090,043	6820,17
1090,170	6852,75
1090,298	6830,98
1090,426	6843,71
1090,554	6847,39
1090,682	6852,23
1090,810	6836,78
1090,937	6811,66
1091,065	6801,17
1091,193	6847,82
1091,321	6815,91
1091,449	6846,16
1091,577	6810,48
1091,704	6829,03
1091,832	6841,62
1091,960	6823,01
1092,088	6826,18
1092,216	6838,54
1092,344	6876,61
1092,471	6821,69
1092,599	6830,11
1092,727	6831,91
1092,855	6855,36
1092,983	6861,58
1093,111	6882,76
1093,239	6839,72
1093,366	6845,43
1093,494	6833,46
1093,622	6815,2
1093,750	6863,81
1093,878	6817,21
1094,006	6842,24
1094,133	6846,93
1094,261	6832,19
1094,389	6816,4
1094,517	6833,88
1094,645	6825,94
1094,773	6862,6
1094,900	6850,35
1095,028	6855,81
1095,156	6854,42
1095,284	6847,27
1095,412	6842,63
1095,540	6817,56
1095,667	6822,25
1095,795	6851,86
1095,923	6819,21
1096,051	6855,04
1096,179	6893,54
1096,307	6842,36
1096,434	6840,42
1096,562	6868,28
1096,690	6860,14
1096,818	6853,56
1096,946	6867,06
1097,074	6842,91
1097,201	6858,2
1097,329	6859,75
1097,457	6835,72
1097,585	6857,82
1097,713	6859,68
1097,841	6872,71
1097,968	6846,33
1098,096	6830,31
1098,224	6832,13
1098,352	6871,2
1098,480	6866,85
1098,608	6866,25
1098,735	6886,13
1098,863	6857,6
1098,991	6868,74
1099,119	6866,89
1099,247	6876,19
1099,375	6885,88
1099,502	6871,14
1099,630	6936,03
1099,758	6848,82
1099,886	6872,23
1100,014	6854,56
