350,000	5490,7
350,139	5497,8
350,279	5495,4
350,418	5502
350,558	5496,9
350,697	5494,4
350,837	5493,4
350,976	5495,6
351,115	5486,2
351,255	5493,4
351,394	5496,3
351,534	5489,2
351,673	5493,8
351,813	5502,3
351,952	5502,4
352,091	5499,4
352,231	5505
352,370	5501
352,510	5502,5
352,649	5497,1
352,789	5505,8
352,928	5496,7
353,068	5507,8
353,207	5500,2
353,346	5504,3
353,486	5504,2
353,625	5507,7
353,765	5507,6
353,904	5502,8
354,044	5501,9
354,183	5507,3
354,322	5495,1
354,462	5504,1
354,601	5505,7
354,741	5493,6
354,880	5506,2
355,020	5502,7
355,159	5505,9
355,298	5508
355,438	5505,5
355,577	5507,7
355,717	5508,9
355,856	5499,4
355,996	5513,5
356,135	5506,5
356,274	5501,6
356,414	5505,7
356,553	5509,3
356,693	5502,8
356,832	5504,3
356,972	5508,1
357,111	5510
357,251	5511
357,390	5515,7
357,529	5506,6
357,669	5509
357,808	5509,4
357,948	5514,7
358,087	5517,4
358,227	5511,2
358,366	5518,3
358,505	5511,8
358,645	5520,2
358,784	5515,4
358,924	5512,3
359,063	5516,8
359,203	5510,8
359,342	5507,8
359,481	5511,6
359,621	5507,7
359,760	5513,9
359,900	5519,4
360,039	5517,3
360,179	5525,3
360,318	5515,5
360,457	5513,4
360,597	5511,9
360,736	5510,7
360,876	5510,5
361,015	5519
361,155	5520,5
361,294	5518
361,434	5520,5
361,573	5523,7
361,712	5527,3
361,852	5534,1
361,991	5520,4
362,131	5518,6
362,270	5523,2
362,410	5521,1
362,549	5522,4
362,688	5522,6
362,828	5525,9
362,967	5529,1
363,107	5523,3
363,246	5521
363,386	5524,6
363,525	5519,3
363,664	5530,8
363,804	5522,8
363,943	5533,1
364,083	5524,5
364,222	5537,1
364,362	5542,1
364,501	5543,2
364,640	5541,1
364,780	5539,2
364,919	5541,3
365,059	5536,9
365,198	5544,7
365,338	5541,7
365,477	5543,5
365,616	5547,4
365,756	5544,4
365,895	5553,3
366,035	5550,9
366,174	5547,5
366,314	5540,8
366,453	5548,9
366,593	5546,8
366,732	5548,6
366,871	5538,9
367,011	5547,4
367,150	5545,5
367,290	5539,2
367,429	5539,3
367,569	5543,6
367,708	5548,7
367,847	5543,6
367,987	5547,8
368,126	5542,8
368,266	5549
368,405	5553,1
368,545	5547,7
368,684	5554,2
368,823	5549,3
368,963	5551,2
369,102	5555,7
369,242	5551,3
369,381	5546,3
369,521	5542,7
369,660	5546,3
369,799	5553,8
369,939	5549,4
370,078	5549,3
370,218	5546
370,357	5554,1
370,497	5558,4
370,636	5547,7
370,776	5469,4
370,915	5472,4
371,054	5467,6
371,194	5466,4
371,333	5470,2
371,473	5461,9
371,612	5461,7
371,752	5473,4
371,891	5471,8
372,030	5473,8
372,170	5481,9
372,309	5482,5
372,449	5475,6
372,588	5476,4
372,728	5472,4
372,867	5479,6
373,006	5475,5
373,146	5481,1
373,285	5480,1
373,425	5474,3
373,564	5480,7
373,704	5484,2
373,843	5481,6
373,982	5483,8
374,122	5483
374,261	5474,9
374,401	5474,4
374,540	5488,2
374,680	5491,9
374,819	5496,2
374,959	5493,6
375,098	5487,8
375,237	5480,1
375,377	5478,4
375,516	5478,2
375,656	5470,6
375,795	5484
375,935	5501,7
376,074	5486,8
376,213	5490,4
376,353	5478,2
376,492	5479,8
376,632	5490,2
376,771	5487,1
376,911	5482,6
377,050	5492,6
377,189	5501,1
377,329	5489,6
377,468	5497,4
377,608	5506,2
377,747	5490,8
377,887	5498,3
378,026	5497,7
378,165	5499,8
378,305	5511,8
378,444	5502,1
378,584	5491,3
378,723	5500,7
378,863	5494,5
379,002	5503,1
379,141	5532
379,281	5519,6
379,420	5509,1
379,560	5511,3
379,699	5514,8
379,839	5515,6
379,978	5516,5
380,118	5523,2
380,257	5529,7
380,396	5525,3
380,536	5518
380,675	5526,4
380,815	5533,6
380,954	5526
381,094	5537
381,233	5536,2
381,372	5536,3
381,512	5539,5
381,651	5538,1
381,791	5544,4
381,930	5548,8
382,070	5525,5
382,209	5531,8
382,348	5539,5
382,488	5545,2
382,627	5544,6
382,767	5547,1
382,906	5545,1
383,046	5553,9
383,185	5543,8
383,324	5543,8
383,464	5556,3
383,603	5555,4
383,743	5564,1
383,882	5559,2
384,022	5552,8
384,161	5563,1
384,301	5565,9
384,440	5571,6
384,579	5572,5
384,719	5579,3
384,858	5578
384,998	5577,8
385,137	5585,6
385,277	5588,5
385,416	5591
385,555	5598,9
385,695	5584,5
385,834	5578,6
385,974	5587,5
386,113	5596,9
386,253	5604,4
386,392	5591,7
386,531	5590,4
386,671	5602,7
386,810	5611,6
386,950	5616,5
387,089	5606,4
387,229	5616,8
387,368	5613,6
387,507	5604,3
387,647	5620,6
387,786	5617,2
387,926	5613,7
388,065	5615,3
388,205	5624,8
388,344	5636,2
388,484	5636,4
388,623	5626,3
388,762	5631,9
388,902	5644,2
389,041	5645,4
389,181	5629,2
389,320	5639,5
389,460	5638,1
389,599	5657,6
389,738	5666,8
389,878	5660,5
390,017	5652,9
390,157	5652,1
390,296	5661,5
390,436	5679,1
390,575	5665,4
390,714	5678,1
390,854	5672,4
390,993	5671,5
391,133	5678,6
391,272	5693,4
391,412	5689,6
391,551	5691,6
391,690	5703,4
391,830	5702,7
391,969	5691,7
392,109	5684,6
392,248	5679,8
392,388	5711,8
392,527	5715,6
392,666	5716,9
392,806	5720,8
392,945	5723,4
393,085	5718,3
393,224	5714,5
393,364	5720,4
393,503	5730,6
393,643	5738,9
393,782	5749,5
393,921	5727,3
394,061	5734,6
394,200	5750,8
394,340	5759,7
394,479	5757,6
394,619	5753,7
394,758	5761,5
394,897	5763,8
395,037	5758,9
395,176	5755,6
395,316	5759,5
395,455	5777,5
395,595	5766,3
395,734	5767,5
395,873	5777,7
396,013	5765,8
396,152	5778
396,292	5781,5
396,431	5789,9
396,571	5788,5
396,710	5788,7
396,849	5798,2
396,989	5806,2
397,128	5815,2
397,268	5820,1
397,407	5835
397,547	5810,8
397,686	5831,5
397,826	5849,6
397,965	5837,2
398,104	5826,7
398,244	5815,3
398,383	5822,3
398,523	5840,8
398,662	5840,6
398,802	5834,9
398,941	5864,1
399,080	5857,5
399,220	5862,2
399,359	5855,4
399,499	5877,1
399,638	5884,9
399,778	5879,9
399,917	5871,3
400,056	5877,8
400,196	5888,9
400,335	5888
400,475	5885,5
400,614	5891,5
400,754	5879,5
400,893	5900,7
401,032	5908,4
401,172	5907
401,311	5914
401,451	5910,2
401,590	5911,1
401,730	5927,4
401,869	5938,7
402,009	5942
402,148	5949,9
402,287	5954,6
402,427	5946
402,566	5944,6
402,706	5956,2
402,845	5949,4
402,985	5966,5
403,124	5952,9
403,263	5968,1
403,403	5956,5
403,542	5972
403,682	5993,1
403,821	5985,4
403,961	5979,6
404,100	5983,2
404,239	5966,5
404,379	5979,2
404,518	6013,6
404,658	5997,4
404,797	6012,5
404,937	6041,1
405,076	6036,9
405,215	6016,2
405,355	6021,5
405,494	6034,8
405,634	6037,4
405,773	6041,8
405,913	6041,8
406,052	6079,2
406,191	6057,9
406,331	6066,5
406,470	6054,8
406,610	6056,5
406,749	6073,3
406,889	6071,3
407,028	6072,9
407,168	6070,6
407,307	6071,1
407,446	6077,5
407,586	6080,1
407,725	6100,1
407,865	6093,3
408,004	6108
408,144	6094,5
408,283	6097,3
408,422	6097,9
408,562	6107,2
408,701	6095,2
408,841	6113,5
408,980	6136,5
409,120	6131,4
409,259	6130,1
409,398	6156,3
409,538	6162,8
409,677	6165,4
409,817	6156,4
409,956	6130
410,096	6159,8
410,235	6166,7
410,374	6187,2
410,514	6176,1
410,653	6161,1
410,793	6169,7
410,932	6193
411,072	6206
411,211	6205,1
411,351	6209,9
411,490	6214,9
411,629	6207,7
411,769	6227,3
411,908	6245,6
412,048	6237,3
412,187	6251,8
412,327	6247
412,466	6235,2
412,605	6244,6
412,745	6256,5
412,884	6255,8
413,024	6259,7
413,163	6271,7
413,303	6305,3
413,442	6293
413,581	6281,7
413,721	6304,1
413,860	6281,4
414,000	6301
414,139	6297,4
414,279	6295,6
414,418	6291,4
414,557	6300,3
414,697	6322,5
414,836	6326,6
414,976	6313,3
415,115	6311,9
415,255	6335,3
415,394	6321,8
415,534	6348,1
415,673	6385,8
415,812	6350,4
415,952	6358,5
416,091	6355,6
416,231	6361,7
416,370	6382
416,510	6394,1
416,649	6391,6
416,788	6396,4
416,928	6409,6
417,067	6400,5
417,207	6379,3
417,346	6431
417,486	6431,6
417,625	6440,7
417,764	6417,1
417,904	6452,3
418,043	6454,2
418,183	6463,3
418,322	6484,1
418,462	6483,2
418,601	6467,8
418,740	6462,1
418,880	6478,3
419,019	6473,7
419,159	6493,5
419,298	6492,6
419,438	6483,8
419,577	6514,3
419,717	6505,4
419,856	6505
419,995	6496,8
420,135	6503,1
420,274	6525,8
420,414	6536
420,553	6540,3
420,693	6536,2
420,832	6529,3
420,971	6562,6
421,111	6552,3
421,250	6584,6
421,390	6572,8
421,529	6607
421,669	6608,7
421,808	6604,4
421,947	6591,4
422,087	6581,9
422,226	6588,1
422,366	6610,7
422,505	6623,5
422,645	6621,1
422,784	6616,3
422,923	6624,2
423,063	6660,3
423,202	6654,3
423,342	6636,7
423,481	6667,6
423,621	6665,9
423,760	6657,6
423,899	6666,1
424,039	6690,3
424,178	6703
424,318	6685,9
424,457	6713,7
424,597	6727,7
424,736	6696,7
424,876	6708,6
425,015	6707,1
425,154	6718,5
425,294	6716,3
425,433	6737,9
425,573	6747,9
425,712	6727,8
425,852	6745,9
425,991	6763,5
426,130	6772,9
426,270	6805,4
426,409	6812
426,549	6815,7
426,688	6780,8
426,828	6808,7
426,967	6809,2
427,106	6809
427,246	6797,6
427,385	6831,4
427,525	6829,2
427,664	6820,7
427,804	6832,3
427,943	6849,2
428,082	6858
428,222	6864,2
428,361	6900,8
428,501	6879,9
428,640	6860,7
428,780	6886,6
428,919	6903,2
429,059	6924,8
429,198	6892,3
429,337	6915,8
429,477	6929,5
429,616	6915,1
429,756	6913,5
429,895	6926,6
430,035	6934,4
430,174	6933,5
430,313	6934,5
430,453	6948,6
430,592	6965,1
430,732	6959,6
430,871	6957,7
431,011	6967,1
431,150	6957,6
431,289	7006,5
431,429	7001,7
431,568	7009,1
431,708	7031
431,847	7042,5
431,987	7035,3
432,126	7031,1
432,265	7038,5
432,405	7042,2
432,544	7080,7
432,684	7095,7
432,823	7062,7
432,963	7099,9
433,102	7045,7
433,242	7066,4
433,381	7116,9
433,520	7103,3
433,660	7105,2
433,799	7122,8
433,939	7116,8
434,078	7123,4
434,218	7132,5
434,357	7153,2
434,496	7156,9
434,636	7157,5
434,775	7194,4
434,915	7179,2
435,054	7172,6
435,194	7204
435,333	7198,1
435,472	7210,5
435,612	7223,9
435,751	7244,3
435,891	7233,1
436,030	7222,9
436,170	7226,6
436,309	7263,3
436,448	7287,9
436,588	7264,4
436,727	7285,4
436,867	7310,4
437,006	7293,5
437,146	7342,7
437,285	7298,4
437,424	7323
437,564	7343,2
437,703	7337,2
437,843	7356,6
437,982	7378
438,122	7379
438,261	7357,5
438,401	7345
438,540	7376,4
438,679	7389
438,819	7391,7
438,958	7397,8
439,098	7445,8
439,237	7424
439,377	7431,9
439,516	7426,1
439,655	7430,9
439,795	7461,3
439,934	7462,8
440,074	7456
440,213	7500,8
440,353	7529,7
440,492	7529,1
440,631	7545,8
440,771	7551,6
440,910	7524,1
441,050	7526,8
441,189	7565,1
441,329	7594,3
441,468	7576,7
441,607	7604,1
441,747	7607,6
441,886	7612,5
442,026	7611,1
442,165	7623,8
442,305	7644,7
442,444	7660,6
442,584	7650,9
442,723	7642,7
442,862	7632,1
443,002	7684,9
443,141	7673,3
443,281	7688,3
443,420	7693,6
443,560	7700,1
443,699	7699,2
443,838	7706,4
443,978	7716,9
444,117	7714,3
444,257	7743
444,396	7774,4
444,536	7774,2
444,675	7768
444,814	7786,6
444,954	7800,8
445,093	7817
445,233	7796,6
445,372	7790,2
445,512	7819,5
445,651	7856,9
445,790	7841,6
445,930	7831,5
446,069	7852,1
446,209	7835,5
446,348	7854,4
446,488	7906,8
446,627	7943
446,767	7921,5
446,906	7937,4
447,045	7916,5
447,185	7919,8
447,324	7952,5
447,464	7960,8
447,603	7995,8
447,743	8025,4
447,882	7993,7
448,021	8014
448,161	8025,8
448,300	8021
448,440	8047,1
448,579	8050,9
448,719	8049,7
448,858	8069,7
448,997	8073,4
449,137	8071,5
449,276	8119,8
449,416	8080,4
449,555	8114,5
449,695	8116,4
449,834	8139,6
449,973	8155,6
450,113	8168,5
450,252	8180,6
450,392	8185,4
450,531	8191
450,671	8224,7
450,810	8221,1
450,949	8188,6
451,089	8208,5
451,228	8212,1
451,368	8222,6
451,507	8227,2
451,647	8242,9
451,786	8267,2
451,926	8221,9
452,065	8259
452,204	8286,4
452,344	8298,8
452,483	8318,6
452,623	8360,2
452,762	8335,7
452,902	8379,6
453,041	8392,7
453,180	8393,1
453,320	8422
453,459	8424,5
453,599	8446,2
453,738	8472,6
453,878	8456,2
454,017	8469,6
454,156	8453
454,296	8511,8
454,435	8518,3
454,575	8551,5
454,714	8551
454,854	8530,8
454,993	8534
455,132	8552,9
455,272	8573,7
455,411	8591,1
455,551	8589,4
455,690	8583,1
455,830	8574,8
455,969	8585,8
456,109	8581,7
456,248	8617,7
456,387	8623,9
456,527	8642,5
456,666	8652,2
456,806	8681
456,945	8654,8
457,085	8682,9
457,224	8688,4
457,363	8683,5
457,503	8712,6
457,642	8742,8
457,782	8741,5
457,921	8738
458,061	8755,9
458,200	8784,5
458,339	8795,2
458,479	8810,6
458,618	8805,7
458,758	8851,7
458,897	8873,7
459,037	8889,4
459,176	8949,4
459,315	8939
459,455	8940,3
459,594	8920,5
459,734	8949,9
459,873	8969,8
460,013	8935,1
460,152	8930,5
460,292	8957,8
460,431	8973,5
460,570	9001,2
460,710	8976
460,849	9013,6
460,989	9033,8
461,128	9075,1
461,268	9053,3
461,407	9059,7
461,546	9076,2
461,686	9137,7
461,825	9140,9
461,965	9157,8
462,104	9177,9
462,244	9218,7
462,383	9223,1
462,522	9210,3
462,662	9235,7
462,801	9237
462,941	9224,4
463,080	9269,4
463,220	9302,6
463,359	9285,7
463,498	9309,5
463,638	9336,7
463,777	9318,9
463,917	9304,8
464,056	9307,8
464,196	9356,2
464,335	9311
464,474	9346,1
464,614	9392,9
464,753	9398,1
464,893	9403,5
465,032	9424,9
465,172	9430,3
465,311	9431,7
465,451	9457,8
465,590	9475,1
465,729	9496,9
465,869	9502,6
466,008	9520,4
466,148	9524
466,287	9510
466,427	9541
466,566	9534,5
466,705	9547,9
466,845	9565,3
466,984	9528,3
467,124	9519,5
467,263	9562,8
467,403	9581,4
467,542	9628,8
467,681	9679,1
467,821	9685,2
467,960	9656,8
468,100	9724,9
468,239	9777,1
468,379	9796,3
468,518	9829
468,657	9854,2
468,797	9878,1
468,936	9863,9
469,076	9873,2
469,215	9914,2
469,355	9940,9
469,494	9926,7
469,634	9925,6
469,773	9963,4
469,912	9975,9
470,052	9976,3
470,191	9989,5
470,331	9973,2
470,470	9972,9
470,610	9977,8
470,749	10005
470,888	10040
471,028	10052
471,167	10033
471,307	10103
471,446	10076
471,586	10086
471,725	10144
471,864	10182
472,004	10174
472,143	10173
472,283	10203
472,422	10230
472,562	10256
472,701	10295
472,840	10286
472,980	10285
473,119	10264
473,259	10286
473,398	10339
473,538	10359
473,677	10381
473,817	10358
473,956	10382
474,095	10402
474,235	10420
474,374	10426
474,514	10432
474,653	10459
474,793	10470
474,932	10477
475,071	10497
475,211	10482
475,350	10499
475,490	10488
475,629	10528
475,769	10562
475,908	10563
476,047	10565
476,187	10575
476,326	10627
476,466	10625
476,605	10670
476,745	10667
476,884	10693
477,023	10674
477,163	10725
477,302	10760
477,442	10754
477,581	10757
477,721	10769
477,860	10794
477,999	10830
478,139	10827
478,278	10856
478,418	10849
478,557	10877
478,697	10893
478,836	10878
478,976	10871
479,115	10879
479,254	10913
479,394	10955
479,533	10996
479,673	10955
479,812	10966
479,952	10980
480,091	10985
480,230	10997
480,370	10986
480,509	11000
480,649	11025
480,788	11050
480,928	11032
481,067	11013
481,206	11011
481,346	11026
481,485	11057
481,625	11045
481,764	11050
481,904	11087
482,043	11041
482,182	11073
482,322	11088
482,461	11086
482,601	11084
482,740	11102
482,880	11103
483,019	11103
483,159	11124
483,298	11113
483,437	11096
483,577	11129
483,716	11146
483,856	11102
483,995	11101
484,135	11112
484,274	11107
484,413	11103
484,553	11063
484,692	11057
484,832	11068
484,971	11074
485,111	11075
485,250	11055
485,389	11061
485,529	11057
485,668	11053
485,808	11107
485,947	11037
486,087	11051
486,226	11028
486,365	11035
486,505	11023
486,644	11044
486,784	11035
486,923	11006
487,063	11005
487,202	11031
487,342	11005
487,481	11017
487,620	10984
487,760	10996
487,899	11006
488,039	10978
488,178	10961
488,318	10959
488,457	10979
488,596	10973
488,736	10940
488,875	10957
489,015	10978
489,154	10940
489,294	10947
489,433	10982
489,572	10930
489,712	10933
489,851	10950
489,991	10937
490,130	10946
490,270	11005
490,409	11002
490,548	10957
490,688	10946
490,827	10981
490,967	11023
491,106	11039
491,246	11009
491,385	11035
491,524	11045
491,664	11057
491,803	11118
491,943	11100
492,082	11105
492,222	11129
492,361	11128
492,501	11145
492,640	11186
492,779	11191
492,919	11180
493,058	11221
493,198	11189
493,337	11246
493,477	11265
493,616	11295
493,755	11327
493,895	11333
494,034	11308
494,174	11323
494,313	11341
494,453	11338
494,592	11401
494,731	11432
494,871	11412
495,010	11437
495,150	11435
495,289	11441
495,429	11524
495,568	11529
495,707	11549
495,847	11574
495,986	11564
496,126	11613
496,265	11657
496,405	11638
496,544	11649
496,684	11635
496,823	11707
496,962	11690
497,102	11687
497,241	11728
497,381	11753
497,520	11776
497,660	11762
497,799	11789
497,938	11817
498,078	11826
498,217	11834
498,357	11824
498,496	11818
498,636	11866
498,775	11853
498,914	11867
499,054	11920
499,193	11854
499,333	11907
499,472	11981
499,612	11953
499,751	11927
499,890	11955
500,030	11967
500,169	11960
500,309	11985
500,448	12039
500,588	12075
500,727	12058
500,867	12127
501,006	12146
501,145	12166
501,285	12177
501,424	12136
501,564	12195
501,703	12205
501,843	12221
501,982	12227
502,121	12222
502,261	12208
502,400	12229
502,540	12278
502,679	12293
502,819	12328
502,958	12425
503,097	12365
503,237	12387
503,376	12386
503,516	12379
503,655	12411
503,795	12461
503,934	12501
504,073	12538
504,213	12515
504,352	12506
504,492	12560
504,631	12569
504,771	12558
504,910	12616
505,049	12566
505,189	12628
505,328	12617
505,468	12715
505,607	12718
505,747	12717
505,886	12705
506,026	12749
506,165	12829
506,304	12835
506,444	12843
506,583	12900
506,723	12864
506,862	12914
507,002	12954
507,141	12901
507,280	12852
507,420	13010
507,559	13080
507,699	13034
507,838	13026
507,978	13058
508,117	13139
508,256	13160
508,396	13134
508,535	13152
508,675	13196
508,814	13199
508,954	13185
509,093	13200
509,232	13227
509,372	13216
509,511	13332
509,651	13338
509,790	13350
509,930	13409
510,069	13376
510,209	13409
510,348	13457
510,487	13425
510,627	13405
510,766	13500
510,906	13565
511,045	13484
511,185	13589
511,324	13533
511,463	13543
511,603	13627
511,742	13653
511,882	13703
512,021	13666
512,161	13694
512,300	13717
512,439	13761
512,579	13769
512,718	13755
512,858	13758
512,997	13773
513,137	13808
513,276	13812
513,415	13807
513,555	13827
513,694	13884
513,834	13888
513,973	13921
514,113	13864
514,252	13906
514,392	13908
514,531	13957
514,670	13989
514,810	13950
514,949	13981
515,089	14068
515,228	14052
515,368	14040
515,507	14041
515,646	14110
515,786	14054
515,925	14168
516,065	14224
516,204	14239
516,344	14197
516,483	14195
516,622	14250
516,762	14265
516,901	14216
517,041	14214
517,180	14267
517,320	14297
517,459	14337
517,598	14389
517,738	14377
517,877	14461
518,017	14409
518,156	14297
518,296	14303
518,435	14352
518,574	14373
518,714	14432
518,853	14435
518,993	14416
519,132	14412
519,272	14438
519,411	14491
519,551	14531
519,690	14529
519,829	14508
519,969	14506
520,108	14573
520,248	14511
520,387	14619
520,527	14614
520,666	14604
520,805	14556
520,945	14572
521,084	14614
521,224	14618
521,363	14630
521,503	14636
521,642	14626
521,781	14625
521,921	14662
522,060	14735
522,200	14745
522,339	14703
522,479	14783
522,618	14833
522,757	14788
522,897	14795
523,036	14802
523,176	14784
523,315	14856
523,455	14886
523,594	14902
523,734	14854
523,873	14820
524,012	14835
524,152	14888
524,291	14994
524,431	14965
524,570	14925
524,710	14964
524,849	15005
524,988	14991
525,128	14976
525,267	15046
525,407	14928
525,546	14939
525,686	15007
525,825	15016
525,964	15025
526,104	15019
526,243	15062
526,383	15112
526,522	15060
526,662	15025
526,801	15038
526,940	15092
527,080	15090
527,219	15094
527,359	15054
527,498	14997
527,638	15043
527,777	15049
527,917	15096
528,056	15124
528,195	15125
528,335	15131
528,474	15157
528,614	15176
528,753	15156
528,893	15163
529,032	15210
529,171	15152
529,311	15207
529,450	15153
529,590	15269
529,729	15227
529,869	15208
530,008	15362
530,147	15256
530,287	15252
530,426	15262
530,566	15329
530,705	15343
530,845	15297
530,984	15303
531,123	15364
531,263	15407
531,402	15400
531,542	15357
531,681	15409
531,821	15392
531,960	15426
532,099	15458
532,239	15512
532,378	15450
532,518	15511
532,657	15454
532,797	15524
532,936	15544
533,076	15519
533,215	15553
533,354	15610
533,494	15618
533,633	15587
533,773	15588
533,912	15613
534,052	15564
534,191	15632
534,330	15646
534,470	15609
534,609	15734
534,749	15744
534,888	15666
535,028	15677
535,167	15682
535,306	15717
535,446	15781
535,585	15827
535,725	15836
535,864	15860
536,004	15853
536,143	15844
536,282	15871
536,422	15849
536,561	15929
536,701	15952
536,840	16040
536,980	16051
537,119	16058
537,259	16131
537,398	16142
537,537	16140
537,677	16152
537,816	16208
537,956	16215
538,095	16151
538,235	16179
538,374	16190
538,513	16164
538,653	16244
538,792	16345
538,932	16338
539,071	16348
539,211	16379
539,350	16370
539,489	16423
539,629	16355
539,768	16424
539,908	16360
540,047	16366
540,187	16371
540,326	16431
540,465	16444
540,605	16473
540,744	16542
540,884	16513
541,023	16468
541,163	16509
541,302	16533
541,442	16514
541,581	16547
541,720	16541
541,860	16533
541,999	16574
542,139	16579
542,278	16488
542,418	16547
542,557	16636
542,696	16575
542,836	16565
542,975	16564
543,115	16688
543,254	16698
543,394	16634
543,533	16672
543,672	16705
543,812	16690
543,951	16724
544,091	16736
544,230	16688
544,370	16677
544,509	16665
544,648	16799
544,788	16694
544,927	16750
545,067	16698
545,206	16716
545,346	16811
545,485	16866
545,624	16871
545,764	16896
545,903	16884
546,043	16861
546,182	16902
546,322	16929
546,461	16945
546,601	16996
546,740	16995
546,879	16947
547,019	16983
547,158	17027
547,298	17036
547,437	16968
547,577	17104
547,716	17134
547,855	17160
547,995	17055
548,134	17080
548,274	17181
548,413	17140
548,553	17136
548,692	17165
548,831	17216
548,971	17239
549,110	17201
549,250	17196
549,389	17256
549,529	17303
549,668	17342
549,807	17367
549,947	17457
550,086	17488
550,226	17325
550,365	17435
550,505	17478
550,644	17487
550,784	17480
550,923	17507
551,062	17572
551,202	17512
551,341	17545
551,481	17610
551,620	17627
551,760	17695
551,899	17713
552,038	17701
552,178	17757
552,317	17774
552,457	17752
552,596	17740
552,736	17744
552,875	17693
553,014	17872
553,154	17854
553,293	17809
553,433	17867
553,572	17870
553,712	17869
553,851	17938
553,990	18001
554,130	18005
554,269	18020
554,409	17978
554,548	18063
554,688	18174
554,827	18163
554,967	18176
555,106	18242
555,245	18240
555,385	18215
555,524	18268
555,664	18227
555,803	18331
555,943	18359
556,082	18444
556,221	18337
556,361	18395
556,500	18524
556,640	18443
556,779	18466
556,919	18425
557,058	18531
557,197	18517
557,337	18482
557,476	18536
557,616	18557
557,755	18608
557,895	18698
558,034	18709
558,173	18684
558,313	18650
558,452	18640
558,592	18714
558,731	18671
558,871	18721
559,010	18761
559,149	18747
559,289	18843
559,428	18781
559,568	18838
559,707	18911
559,847	18858
559,986	18864
560,126	19025
560,265	19004
560,404	18900
560,544	18911
560,683	18952
560,823	18935
560,962	18954
561,102	18960
561,241	18967
561,380	18990
561,520	18976
561,659	18955
561,799	19103
561,938	19103
562,078	19069
562,217	19045
562,356	19091
562,496	19154
562,635	19194
562,775	19164
562,914	19187
563,054	19167
563,193	19076
563,332	19078
563,472	19102
563,611	19159
563,751	19205
563,890	19194
564,030	19181
564,169	19210
564,309	19207
564,448	19257
564,587	19248
564,727	19202
564,866	19312
565,006	19256
565,145	19283
565,285	19366
565,424	19336
565,563	19372
565,703	19238
565,842	19443
565,982	19490
566,121	19382
566,261	19383
566,400	19475
566,539	19510
566,679	19501
566,818	19493
566,958	19482
567,097	19521
567,237	19505
567,376	19470
567,515	19523
567,655	19551
567,794	19647
567,934	19621
568,073	19548
568,213	19622
568,352	19612
568,492	19594
568,631	19706
568,770	19738
568,910	19716
569,049	19706
569,189	19765
569,328	19864
569,468	19733
569,607	19812
569,746	19795
569,886	19868
570,025	19883
570,165	19883
570,304	19900
570,444	19969
570,583	20008
570,722	19959
570,862	20013
571,001	20106
571,141	20095
571,280	20105
571,420	20174
571,559	20091
571,698	20093
571,838	20175
571,977	20216
572,117	20265
572,256	20290
572,396	20198
572,535	20325
572,675	20372
572,814	20306
572,953	20365
573,093	20351
573,232	20447
573,372	20463
573,511	20433
573,651	20459
573,790	20520
573,929	20500
574,069	20552
574,208	20557
574,348	20548
574,487	20538
574,627	20527
574,766	20571
574,905	20563
575,045	20659
575,184	20658
575,324	20649
575,463	20667
575,603	20533
575,742	20717
575,881	20701
576,021	20783
576,160	20762
576,300	20759
576,439	20830
576,579	20832
576,718	20861
576,857	20895
576,997	20854
577,136	20850
577,276	20874
577,415	20885
577,555	20874
577,694	20893
577,834	20925
577,973	20893
578,112	20940
578,252	21020
578,391	21031
578,531	20925
578,670	20941
578,810	21003
578,949	20996
579,088	20966
579,228	21011
579,367	21042
579,507	21068
579,646	21051
579,786	21042
579,925	21073
580,064	21133
580,204	21174
580,343	21175
580,483	21146
580,622	21205
580,762	21225
580,901	21238
581,040	21265
581,180	21247
581,319	21237
581,459	21311
581,598	21331
581,738	21322
581,877	21372
582,017	21372
582,156	21482
582,295	21434
582,435	21469
582,574	21494
582,714	21464
582,853	21573
582,993	21586
583,132	21531
583,271	21553
583,411	21673
583,550	21667
583,690	21728
583,829	21754
583,969	21723
584,108	21753
584,247	21785
584,387	21776
584,526	21812
584,666	21899
584,805	21909
584,945	21899
585,084	21895
585,223	21941
585,363	22001
585,502	22044
585,642	22065
585,781	22049
585,921	22127
586,060	22143
586,200	22156
586,339	22138
586,478	22100
586,618	22125
586,757	22190
586,897	22223
587,036	22163
587,176	22298
587,315	22247
587,454	22179
587,594	22313
587,733	22310
587,873	22297
588,012	22367
588,152	22363
588,291	22345
588,430	22393
588,570	22430
588,709	22466
588,849	22493
588,988	22459
589,128	22511
589,267	22560
589,406	22578
589,546	22519
589,685	22581
589,825	22648
589,964	22605
590,104	22637
590,243	22630
590,382	22681
590,522	22712
590,661	22776
590,801	22675
590,940	22673
591,080	22713
591,219	22754
591,359	22663
591,498	22751
591,637	22751
591,777	22786
591,916	22778
592,056	22824
592,195	22780
592,335	22776
592,474	22835
592,613	22859
592,753	22898
592,892	22858
593,032	22843
593,171	22791
593,311	22879
593,450	22821
593,589	22830
593,729	22870
593,868	22927
594,008	22883
594,147	22872
594,287	22829
594,426	22883
594,565	22864
594,705	22891
594,844	22824
594,984	22855
595,123	22854
595,263	22890
595,402	22903
595,542	22922
595,681	22871
595,820	22876
595,960	22880
596,099	22851
596,239	22862
596,378	22870
596,518	22869
596,657	22919
596,796	22956
596,936	22888
597,075	22882
597,215	22914
597,354	22940
597,494	22889
597,633	22874
597,772	22959
597,912	22984
598,051	22896
598,191	22982
598,330	22955
598,470	22929
598,609	22945
598,748	23026
598,888	22985
599,027	22987
599,167	23009
599,306	23045
599,446	23082
599,585	23096
599,725	23153
599,864	23065
600,003	23202
600,143	23092
600,282	23212
600,422	23186
600,561	23219
600,701	23307
600,840	23230
600,979	23310
601,119	23316
601,258	23306
601,398	23317
601,537	23318
601,677	23325
601,816	23358
601,955	23386
602,095	23389
602,234	23375
602,374	23420
602,513	23454
602,653	23467
602,792	23487
602,931	23437
603,071	23497
603,210	23465
603,350	23459
603,489	23475
603,629	23493
603,768	23505
603,907	23609
604,047	23591
604,186	23628
604,326	23602
604,465	23667
604,605	23692
604,744	23680
604,884	23642
605,023	23698
605,162	23676
605,302	23760
605,441	23729
605,581	23715
605,720	23818
605,860	23769
605,999	23833
606,138	23822
606,278	23756
606,417	23765
606,557	23785
606,696	23840
606,836	23854
606,975	23854
607,114	23860
607,254	23859
607,393	23834
607,533	23826
607,672	23861
607,812	23930
607,951	23859
608,090	23886
608,230	23749
608,369	23788
608,509	23824
608,648	23846
608,788	23758
608,927	23832
609,067	23792
609,206	23809
609,345	23839
609,485	23824
609,624	23800
609,764	23839
609,903	23868
610,043	23767
610,182	23774
610,321	23800
610,461	23752
610,600	23742
610,740	23842
610,879	23778
611,019	23705
611,158	23707
611,297	23795
611,437	23801
611,576	23810
611,716	23808
611,855	23828
611,995	23798
612,134	23779
612,273	23876
612,413	23909
612,552	23837
612,692	23833
612,831	23787
612,971	23876
613,110	23857
613,250	23834
613,389	23886
613,528	23931
613,668	23906
613,807	23901
613,947	23924
614,086	23898
614,226	23925
614,365	23892
614,504	23876
614,644	23924
614,783	23956
614,923	23917
615,062	23912
615,202	23914
615,341	23886
615,480	23938
615,620	23902
615,759	23950
615,899	23995
616,038	23959
616,178	23940
616,317	23935
616,456	23862
616,596	23924
616,735	24028
616,875	23966
617,014	24048
617,154	24072
617,293	24039
617,432	23990
617,572	24027
617,711	24083
617,851	24098
617,990	24094
618,130	24093
618,269	24019
618,409	23993
618,548	24040
618,687	24098
618,827	24075
618,966	24034
619,106	24074
619,245	24081
619,385	24045
619,524	24020
619,663	24077
619,803	24173
619,942	24156
620,082	24113
620,221	24099
620,361	24070
620,500	24099
620,639	24166
620,779	24078
620,918	23954
621,058	24074
621,197	24142
621,337	24166
621,476	24132
621,615	24051
621,755	24049
621,894	24162
622,034	24074
622,173	24110
622,313	24094
622,452	24107
622,592	24051
622,731	24035
622,870	24107
623,010	24079
623,149	24076
623,289	24038
623,428	23998
623,568	24020
623,707	24044
623,846	24022
623,986	24073
624,125	24010
624,265	24077
624,404	23951
624,544	23931
624,683	24002
624,822	23909
624,962	23945
625,101	24040
625,241	23985
625,380	24016
625,520	23991
625,659	23977
625,798	24001
625,938	23974
626,077	23938
626,217	23944
626,356	23968
626,496	23947
626,635	23907
626,775	23957
626,914	24002
627,053	24048
627,193	23948
627,332	23877
627,472	23867
627,611	24001
627,751	23972
627,890	23891
628,029	23899
628,169	23875
628,308	23951
628,448	23949
628,587	23957
628,727	23878
628,866	23857
629,005	23826
629,145	23825
629,284	23867
629,424	23924
629,563	23974
629,703	23943
629,842	23942
629,981	23829
630,121	23868
630,260	23935
630,400	23817
630,539	23919
630,679	23965
630,818	23942
630,957	23796
631,097	23848
631,236	23782
631,376	23797
631,515	23790
631,655	23816
631,794	23846
631,934	23832
632,073	23713
632,212	23731
632,352	23760
632,491	23804
632,631	23884
632,770	23873
632,910	23788
633,049	23850
633,188	23764
633,328	23805
633,467	23740
633,607	23798
633,746	23783
633,886	23654
634,025	23684
634,164	23732
634,304	23745
634,443	23809
634,583	23792
634,722	23787
634,862	23728
635,001	23643
635,140	23637
635,280	23675
635,419	23682
635,559	23663
635,698	23687
635,838	23686
635,977	23642
636,117	23720
636,256	23696
636,395	23632
636,535	23606
636,674	23510
636,814	23507
636,953	23749
637,093	23628
637,232	23571
637,371	23558
637,511	23491
637,650	23491
637,790	23564
637,929	23447
638,069	23470
638,208	23470
638,347	23398
638,487	23395
638,626	23401
638,766	23436
638,905	23475
639,045	23432
639,184	23415
639,323	23432
639,463	23352
639,602	23339
639,742	23308
639,881	23331
640,021	23313
640,160	23350
640,300	23343
640,439	23218
640,578	23260
640,718	23230
640,857	23275
640,997	23281
641,136	23157
641,276	23141
641,415	23240
641,554	23268
641,694	23269
641,833	23165
641,973	23128
642,112	23138
642,252	23142
642,391	23184
642,530	23258
642,670	23255
642,809	23167
642,949	23084
643,088	23121
643,228	23129
643,367	23112
643,506	23034
643,646	23162
643,785	23072
643,925	23096
644,064	23192
644,204	23073
644,343	23095
644,482	23050
644,622	23077
644,761	23100
644,901	23091
645,040	23096
645,180	22977
645,319	23030
645,459	23039
645,598	23035
645,737	23064
645,877	23025
646,016	22949
646,156	22965
646,295	22978
646,435	22940
646,574	23032
646,713	23016
646,853	22928
646,992	22912
647,132	22958
647,271	22942
647,411	22876
647,550	22840
647,689	22873
647,829	22946
647,968	22979
648,108	22809
648,247	22810
648,387	22764
648,526	22793
648,665	22784
648,805	22825
648,944	22832
649,084	22831
649,223	22793
649,363	22814
649,502	22891
649,642	22885
649,781	22869
649,920	22886
650,060	22902
650,199	22958
650,339	22969
650,478	22996
650,618	22967
650,757	22839
650,896	22900
651,036	22786
651,175	22895
651,315	22965
651,454	22911
651,594	22986
651,733	22895
651,872	22828
652,012	22939
652,151	22979
652,291	23002
652,430	22868
652,570	22878
652,709	22773
652,848	22902
652,988	22877
653,127	22869
653,267	22867
653,406	22819
653,546	22781
653,685	22793
653,825	22866
653,964	22869
654,103	22849
654,243	22925
654,382	22885
654,522	22867
654,661	22912
654,801	22900
654,940	22858
655,079	22804
655,219	22732
655,358	22872
655,498	22809
655,637	22828
655,777	22888
655,916	22787
656,055	22819
656,195	22732
656,334	22783
656,474	22787
656,613	22855
656,753	22834
656,892	22822
657,031	22738
657,171	22786
657,310	22845
657,450	22858
657,589	22822
657,729	22804
657,868	22824
658,007	22875
658,147	22846
658,286	22789
658,426	22863
658,565	22854
658,705	22901
658,844	22901
658,984	22801
659,123	22760
659,262	22697
659,402	22764
659,541	22793
659,681	22845
659,820	22694
659,960	22726
660,099	22688
660,238	22829
660,378	22767
660,517	22779
660,657	22778
660,796	22857
660,936	22844
661,075	22764
661,214	22751
661,354	22794
661,493	22753
661,633	22699
661,772	22748
661,912	22779
662,051	22803
662,190	22839
662,330	22805
662,469	22771
662,609	22809
662,748	22852
662,888	22858
663,027	22810
663,167	22773
663,306	22770
663,445	22785
663,585	22792
663,724	22883
663,864	22899
664,003	22806
664,143	22881
664,282	22894
664,421	22849
664,561	22908
664,700	22849
664,840	22920
664,979	22880
665,119	22868
665,258	22916
665,397	22895
665,537	22957
665,676	22761
665,816	22838
665,955	22832
666,095	22781
666,234	22783
666,373	22807
666,513	22883
666,652	22915
666,792	22894
666,931	22862
667,071	22830
667,210	22923
667,350	22991
667,489	22920
667,628	22931
667,768	22899
667,907	22825
668,047	22866
668,186	22856
668,326	22852
668,465	22830
668,604	22834
668,744	22842
668,883	22877
669,023	22737
669,162	22807
669,302	22847
669,441	22889
669,580	22907
669,720	22770
669,859	22709
669,999	22769
670,138	22766
670,278	22794
670,417	22699
670,556	22892
670,696	22876
670,835	22855
670,975	22851
671,114	22996
671,254	22944
671,393	22948
671,532	22917
671,672	22850
671,811	22831
671,951	22831
672,090	22827
672,230	22834
672,369	22855
672,509	22842
672,648	22822
672,787	22850
672,927	22887
673,066	22910
673,206	22860
673,345	22818
673,485	22765
673,624	22784
673,763	22827
673,903	22891
674,042	22909
674,182	22936
674,321	22898
674,461	22959
674,600	22865
674,739	22859
674,879	23012
675,018	22836
675,158	22883
675,297	22967
675,437	22857
675,576	22767
675,715	22736
675,855	22825
675,994	22788
676,134	22800
676,273	22846
676,413	22848
676,552	22825
676,692	22750
676,831	22811
676,970	22805
677,110	22839
677,249	22780
677,389	22795
677,528	22816
677,668	22769
677,807	22779
677,946	22852
678,086	22878
678,225	22853
678,365	22857
678,504	22863
678,644	22829
678,783	22807
678,922	22814
679,062	22824
679,201	22762
679,341	22678
679,480	22680
679,620	22671
679,759	22597
679,898	22741
680,038	22663
680,177	22689
680,317	22678
680,456	22739
680,596	22723
680,735	22643
680,875	22695
681,014	22740
681,153	22721
681,293	22519
681,432	22684
681,572	22563
681,711	22655
681,851	22669
681,990	22615
682,129	22588
682,269	22624
682,408	22634
682,548	22505
682,687	22499
682,827	22488
682,966	22528
683,105	22526
683,245	22475
683,384	22393
683,524	22347
683,663	22370
683,803	22377
683,942	22388
684,081	22404
684,221	22415
684,360	22381
684,500	22300
684,639	22264
684,779	22267
684,918	22323
685,057	22438
685,197	22453
685,336	22335
685,476	22257
685,615	22252
685,755	22340
685,894	22305
686,034	22291
686,173	22271
686,312	22253
686,452	22157
686,591	22187
686,731	22196
686,870	22123
687,010	22131
687,149	22134
687,288	22115
687,428	22075
687,567	22058
687,707	22046
687,846	22137
687,986	22070
688,125	21894
688,264	22150
688,404	22113
688,543	22107
688,683	22131
688,822	22156
688,962	22110
689,101	22132
689,240	22001
689,380	22085
689,519	22119
689,659	22150
689,798	21982
689,938	22085
690,077	22056
690,217	22044
690,356	22036
690,495	21988
690,635	21930
690,774	21953
690,914	21936
691,053	21960
691,193	21953
691,332	21890
691,471	21920
691,611	21884
691,750	21871
691,890	21841
692,029	21824
692,169	21855
692,308	21890
692,447	21878
692,587	21822
692,726	21810
692,866	21864
693,005	21901
693,145	21881
693,284	21828
693,423	21847
693,563	21910
693,702	21937
693,842	21822
693,981	21869
694,121	21853
694,260	21766
694,400	21778
694,539	21755
694,678	21785
694,818	21631
694,957	21685
695,097	21740
695,236	21695
695,376	21754
695,515	21649
695,654	21611
695,794	21690
695,933	21633
696,073	21703
696,212	21665
696,352	21661
696,491	21692
696,630	21708
696,770	21595
696,909	21670
697,049	21701
697,188	21705
697,328	21658
697,467	21671
697,606	21661
697,746	21639
697,885	21593
698,025	21515
698,164	21512
698,304	21532
698,443	21526
698,582	21572
698,722	21508
698,861	21458
699,001	21450
699,140	21510
699,280	21507
699,419	21406
699,559	21379
699,698	21378
699,837	21307
699,977	21374
700,116	21337
700,256	21337
700,395	21269
700,535	21272
700,674	21298
700,813	21374
700,953	21321
701,092	21267
701,232	21318
701,371	21337
701,511	21312
701,650	21247
701,789	21246
701,929	21254
702,068	21289
702,208	21276
702,347	21261
702,487	21350
702,626	21315
702,765	21251
702,905	21273
703,044	21251
703,184	21251
703,323	21260
703,463	21267
703,602	21240
703,742	21231
703,881	21215
704,020	21128
704,160	21085
704,299	21110
704,439	21093
704,578	21108
704,718	21053
704,857	21039
704,996	21093
705,136	21050
705,275	21074
705,415	21010
705,554	21109
705,694	21067
705,833	20994
705,972	20972
706,112	21005
706,251	21061
706,391	21114
706,530	21022
706,670	20998
706,809	21119
706,948	21095
707,088	21141
707,227	21031
707,367	20995
707,506	21041
707,646	21050
707,785	21063
707,925	21029
708,064	21003
708,203	21080
708,343	20989
708,482	21016
708,622	21029
708,761	20996
708,901	20917
709,040	20907
709,179	20937
709,319	20875
709,458	20888
709,598	20929
709,737	20904
709,877	20910
710,016	20897
710,155	20990
710,295	20893
710,434	20879
710,574	20838
710,713	20854
710,853	20911
710,992	20871
711,131	20891
711,271	20897
711,410	20837
711,550	20886
711,689	20830
711,829	20888
711,968	20798
712,108	20805
712,247	20776
712,386	20714
712,526	20748
712,665	20724
712,805	20768
712,944	20712
713,084	20709
713,223	20602
713,362	20703
713,502	20695
713,641	20724
713,781	20757
713,920	20791
714,060	20664
714,199	20704
714,338	20733
714,478	20643
714,617	20657
714,757	20691
714,896	20657
715,036	20734
715,175	20668
715,314	20668
715,454	20666
715,593	20611
715,733	20610
715,872	20586
716,012	20540
716,151	20567
716,290	20570
716,430	20576
716,569	20555
716,709	20568
716,848	20571
716,988	20601
717,127	20617
717,267	20559
717,406	20469
717,545	20452
717,685	20508
717,824	20512
717,964	20458
718,103	20456
718,243	20429
718,382	20410
718,521	20377
718,661	20391
718,800	20362
718,940	20349
719,079	20329
719,219	20331
719,358	20361
719,497	20276
719,637	20288
719,776	20328
719,916	20305
720,055	20299
720,195	20344
720,334	20336
720,473	20298
720,613	20293
720,752	20283
720,892	20301
721,031	20306
721,171	20273
721,310	20298
721,450	20258
721,589	20247
721,728	20254
721,868	20260
722,007	20249
722,147	20231
722,286	20214
722,426	20264
722,565	20244
722,704	20249
722,844	20203
722,983	20235
723,123	20300
723,262	20291
723,402	20225
723,541	20195
723,680	20166
723,820	20200
723,959	20264
724,099	20278
724,238	20263
724,378	20251
724,517	20275
724,656	20207
724,796	20157
724,935	20175
725,075	20164
725,214	20144
725,354	20165
725,493	20161
725,633	20099
725,772	20098
725,911	20134
726,051	20116
726,190	20115
726,330	20093
726,469	20170
726,609	20139
726,748	20045
726,887	20108
727,027	20140
727,166	20058
727,306	20058
727,445	20098
727,585	20108
727,724	20101
727,863	20031
728,003	20035
728,142	20082
728,282	20078
728,421	20017
728,561	20006
728,700	20071
728,839	20068
728,979	20017
729,118	20034
729,258	20059
729,397	20092
729,537	20010
729,676	20019
729,815	20013
729,955	19968
730,094	20051
730,234	20032
730,373	19985
730,513	19946
730,652	20000
730,792	19922
730,931	19959
731,070	19920
731,210	19911
731,349	19916
731,489	19866
731,628	19881
731,768	19885
731,907	19862
732,046	19837
732,186	19873
732,325	19829
732,465	19808
732,604	19815
732,744	19794
732,883	19811
733,022	19820
733,162	19810
733,301	19845
733,441	19816
733,580	19812
733,720	19736
733,859	19719
733,998	19719
734,138	19746
734,277	19677
734,417	19718
734,556	19715
734,696	19645
734,835	19656
734,975	19590
735,114	19663
735,253	19689
735,393	19663
735,532	19682
735,672	19688
735,811	19694
735,951	19708
736,090	19688
736,229	19628
736,369	19674
736,508	19667
736,648	19658
736,787	19610
736,927	19595
737,066	19578
737,205	19573
737,345	19551
737,484	19466
737,624	19446
737,763	19422
737,903	19449
738,042	19415
738,181	19335
738,321	19324
738,460	19363
738,600	19389
738,739	19337
738,879	19314
739,018	19315
739,158	19268
739,297	19252
739,436	19249
739,576	19256
739,715	19300
739,855	19300
739,994	19292
740,134	19276
740,273	19241
740,412	19348
740,552	19270
740,691	19255
740,831	19306
740,970	19205
741,110	19391
741,249	19328
741,388	19401
741,528	19269
741,667	19271
741,807	19252
741,946	19275
742,086	19237
742,225	19275
742,364	19228
742,504	19235
742,643	19198
742,783	19141
742,922	19055
743,062	19029
743,201	19004
743,340	19020
743,480	19055
743,619	18993
743,759	18955
743,898	18901
744,038	18872
744,177	18873
744,317	18910
744,456	18859
744,595	18900
744,735	18824
744,874	18785
745,014	18840
745,153	18787
745,293	18812
745,432	18777
745,571	18839
745,711	18731
745,850	18776
745,990	18704
746,129	18777
746,269	18751
746,408	18696
746,547	18650
746,687	18665
746,826	18655
746,966	18680
747,105	18711
747,245	18699
747,384	18701
747,523	18685
747,663	18657
747,802	18668
747,942	18576
748,081	18520
748,221	18556
748,360	18517
748,500	18499
748,639	18508
748,778	18522
748,918	18479
749,057	18396
749,197	18366
749,336	18389
749,476	18344
749,615	18270
749,754	18279
749,894	18270
750,033	18265
750,173	18246
750,312	18247
750,452	18281
750,591	18287
750,730	18218
750,870	18213
751,009	18258
751,149	18218
751,288	18225
751,428	18256
751,567	18136
751,706	18146
751,846	18163
751,985	18131
752,125	18119
752,264	18083
752,404	18079
752,543	17993
752,683	18053
752,822	18032
752,961	18053
753,101	17964
753,240	17840
753,380	17941
753,519	18035
753,659	17904
753,798	17918
753,937	17891
754,077	17865
754,216	17818
754,356	17769
754,495	17731
754,635	17709
754,774	17660
754,913	17618
755,053	17650
755,192	17591
755,332	17508
755,471	17522
755,611	17513
755,750	17468
755,889	17473
756,029	17448
756,168	17464
756,308	17492
756,447	17381
756,587	17341
756,726	17393
756,865	17421
757,005	17444
757,144	17431
757,284	17368
757,423	17336
757,563	17304
757,702	17260
757,842	17275
757,981	17283
758,120	17240
758,260	17221
758,399	17193
758,539	17087
758,678	17110
758,818	17096
758,957	17066
759,096	17049
759,236	17029
759,375	16889
759,515	16865
759,654	16835
759,794	16854
759,933	16883
760,072	16811
760,212	16778
760,351	16848
760,491	16793
760,630	16743
760,770	16758
760,909	16794
761,048	16687
761,188	16731
761,327	16784
761,467	16654
761,606	16594
761,746	16643
761,885	16601
762,025	16532
762,164	16495
762,303	16391
762,443	16417
762,582	16410
762,722	16342
762,861	16296
763,001	16339
763,140	16262
763,279	16283
763,419	16192
763,558	16194
763,698	16217
763,837	16166
763,977	16189
764,116	16173
764,255	16061
764,395	16130
764,534	16099
764,674	16099
764,813	16133
764,953	16041
765,092	15975
765,231	15964
765,371	15965
765,510	15968
765,650	15905
765,789	15826
765,929	15798
766,068	15772
766,208	15773
766,347	15783
766,486	15769
766,626	15731
766,765	15654
766,905	15585
767,044	15571
767,184	15592
767,323	15533
767,462	15455
767,602	15486
767,741	15445
767,881	15423
768,020	15404
768,160	15348
768,299	15331
768,438	15368
768,578	15354
768,717	15355
768,857	15292
768,996	15279
769,136	15303
769,275	15252
769,414	15243
769,554	15218
769,693	15200
769,833	15199
769,972	15206
770,112	15185
770,251	15187
770,390	15132
770,530	15134
770,669	15015
770,809	15092
770,948	15056
771,088	14988
771,227	15019
771,367	15019
771,506	14983
771,645	14946
771,785	14949
771,924	14865
772,064	14775
772,203	14791
772,343	14747
772,482	14689
772,621	14652
772,761	14629
772,900	14619
773,040	14581
773,179	14551
773,319	14641
773,458	14602
773,597	14546
773,737	14499
773,876	14486
774,016	14519
774,155	14582
774,295	14354
774,434	14457
774,573	14513
774,713	14424
774,852	14371
774,992	14365
775,131	14353
775,271	14325
775,410	14342
775,550	14287
775,689	14184
775,828	14249
775,968	14268
776,107	14224
776,247	14258
776,386	14272
776,526	14201
776,665	14192
776,804	14151
776,944	14117
777,083	14092
777,223	14081
777,362	14038
777,502	14100
777,641	13988
777,780	13919
777,920	13894
778,059	13873
778,199	13891
778,338	13883
778,478	13802
778,617	13785
778,756	13842
778,896	13798
779,035	13791
779,175	13752
779,314	13725
779,454	13657
779,593	13636
779,733	13656
779,872	13603
780,011	13563
780,151	13567
780,290	13558
780,430	13594
780,569	13580
780,709	13537
780,848	13561
780,987	13480
781,127	13449
781,266	13498
781,406	13517
781,545	13471
781,685	13503
781,824	13507
781,963	13441
782,103	13419
782,242	13393
782,382	13338
782,521	13315
782,661	13302
782,800	13283
782,939	13263
783,079	13231
783,218	13164
783,358	13189
783,497	13236
783,637	13196
783,776	13091
783,915	13007
784,055	13045
784,194	13014
784,334	13025
784,473	13034
784,613	13004
784,752	12966
784,892	12944
785,031	12932
785,170	12882
785,310	12878
785,449	12900
785,589	12829
785,728	12799
785,868	12817
786,007	12818
786,146	12839
786,286	12818
786,425	12783
786,565	12776
786,704	12765
786,844	12728
786,983	12747
787,122	12733
787,262	12693
787,401	12703
787,541	12638
787,680	12601
787,820	12615
787,959	12581
788,098	12520
788,238	12483
788,377	12492
788,517	12464
788,656	12491
788,796	12492
788,935	12381
789,075	12380
789,214	12421
789,353	12362
789,493	12343
789,632	12348
789,772	12286
789,911	12286
790,051	12341
790,190	12294
790,329	12199
790,469	12204
790,608	12246
790,748	12208
790,887	12183
791,027	12200
791,166	12173
791,305	12159
791,445	12177
791,584	12157
791,724	12177
791,863	12148
792,003	12067
792,142	12041
792,281	12037
792,421	12039
792,560	12025
792,700	11985
792,839	11965
792,979	11957
793,118	11951
793,258	11948
793,397	11932
793,536	11882
793,676	11856
793,815	11854
793,955	11807
794,094	11800
794,234	11789
794,373	11763
794,512	11787
794,652	11789
794,791	11739
794,931	11699
795,070	11687
795,210	11696
795,349	11659
795,488	11615
795,628	11621
795,767	11610
795,907	11620
796,046	11584
796,186	11570
796,325	11566
796,464	11572
796,604	11521
796,743	11476
796,883	11508
797,022	11535
797,162	11479
797,301	11480
797,440	11441
797,580	11440
797,719	11422
797,859	11356
797,998	11338
798,138	11334
798,277	11312
798,417	11353
798,556	11321
798,695	11326
798,835	11262
798,974	11242
799,114	11266
799,253	11205
799,393	11206
799,532	11159
799,671	11138
799,811	11143
799,950	11105
800,090	11123
